# Blender 4.3.2
# www.blender.org
mtllib bird.mtl
o Object_15
v 0.123857 -0.105890 3.244909
v 0.098547 -0.083426 3.186627
v 0.123857 -0.082006 3.173758
v 0.418039 0.525510 2.942651
v 0.450369 0.558006 3.053345
v 0.399060 0.497081 2.977984
v 0.478393 0.634974 2.947370
v 0.426830 0.526573 2.883392
v 0.294389 0.421839 3.166235
v 0.210301 0.455645 3.177051
v 0.215409 0.403646 3.164330
v 0.305243 0.369396 3.139859
v 0.390090 0.387673 2.887753
v 0.369741 0.397998 2.948395
v 0.355692 0.307692 2.963464
v 0.383901 0.272601 2.850137
v 0.512710 0.306280 2.642502
v 0.578127 0.212049 2.479121
v 0.590957 0.452260 2.497052
v 0.538278 0.465103 2.641927
v 0.322206 0.371683 3.058914
v 0.367689 0.464157 2.981870
v 0.349810 0.427566 3.142215
v 0.363437 0.426620 2.976285
v 0.471806 0.640968 2.650851
v 0.512463 0.747206 2.453282
v 0.350639 0.590732 3.102979
v 0.237439 0.634557 3.104834
v 0.221893 0.569028 3.141595
v 0.319548 0.511333 3.140475
v 0.453489 0.252744 2.735837
v 0.123868 -0.049528 2.462886
v 0.356997 0.001061 2.460493
v 0.350409 0.024549 2.581897
v 0.123863 -0.011798 2.608261
v 0.123857 0.021447 2.788531
v 0.346364 0.060613 2.697618
v 0.257555 0.092490 2.797910
v 0.496539 0.693818 2.686862
v 0.413954 0.757484 2.713510
v 0.442695 0.822998 2.486952
v 0.283293 0.870600 2.513054
v 0.269046 0.805934 2.713555
v 0.453489 0.252744 2.735837
v 0.525630 0.215900 2.589040
v 0.123857 -0.001626 2.890475
v 0.433941 0.423282 2.848892
v 0.381737 0.684852 3.003940
v 0.253065 0.724378 2.998065
v 0.392957 0.506774 3.116611
v 0.441610 0.502590 2.844564
v 0.444996 0.483468 2.813333
v 0.123869 0.407768 3.190255
v 0.123869 0.359514 3.242682
v 0.195578 0.363424 3.212552
v 0.215409 0.403646 3.164330
v 0.313283 0.102772 2.870934
v 0.398541 0.191001 2.863394
v 0.315751 0.191822 2.910516
v 0.123867 -0.224197 3.426599
v 0.137877 -0.044004 3.479193
v 0.123868 -0.060228 3.492673
v 0.149405 -0.057908 3.467160
v 0.169505 -0.052524 3.408154
v 0.123869 0.296831 3.344556
v 0.123869 0.244931 3.396579
v 0.166874 0.249724 3.374005
v 0.178487 0.303880 3.317877
v 0.324941 0.220866 2.959311
v 0.383901 0.272601 2.850137
v 0.355692 0.307692 2.963464
v 0.308002 0.257298 3.067874
v 0.383901 0.272601 2.850137
v 0.176050 0.155026 3.088565
v 0.123869 0.165501 3.089633
v 0.123864 0.229116 2.888835
v 0.180828 0.238174 2.888756
v 0.147161 0.078215 3.480914
v 0.156407 0.197641 3.424478
v 0.123869 0.195105 3.442947
v 0.123869 0.068833 3.496890
v 0.123869 0.105120 3.245275
v 0.123869 0.132868 3.151718
v 0.180578 0.128762 3.156436
v 0.171099 0.094498 3.244311
v 0.236142 0.059598 3.044638
v 0.198240 -0.002481 3.034680
v 0.237872 0.036173 2.958240
v 0.267488 0.095059 3.000491
v 0.149166 -0.083425 3.186627
v 0.170328 -0.053187 3.118161
v 0.192137 0.005641 3.122333
v 0.166373 -0.039879 3.197339
v 0.123868 -0.041372 3.371865
v 0.157824 -0.046493 3.388528
v 0.123867 -0.224197 3.426599
v 0.322206 0.371683 3.058914
v 0.305243 0.369396 3.139859
v 0.273169 0.232897 3.133352
v 0.267315 0.337207 3.183868
v 0.226908 0.151551 3.291018
v 0.242894 0.184748 3.216055
v 0.232078 0.280802 3.292642
v 0.208862 0.224391 3.352875
v 0.210438 0.105813 3.357465
v 0.186624 0.170050 3.407455
v 0.168582 0.057468 3.466385
v 0.190598 0.027779 3.406454
v 0.346383 0.246763 2.892508
v 0.324941 0.220866 2.959311
v 0.313555 0.245854 2.897014
v 0.269102 0.156021 3.096075
v 0.241912 0.126589 3.161511
v 0.222406 0.089634 3.244174
v 0.190906 0.036349 3.321591
v 0.190906 0.036349 3.321591
v 0.149072 -0.031846 3.200540
v 0.166183 0.015532 3.125791
v 0.123857 0.006497 3.129682
v 0.123857 -0.041933 3.203372
v 0.123857 0.112384 3.008157
v 0.123857 0.079390 3.071920
v 0.169182 0.083847 3.053632
v 0.160228 0.125745 3.003195
v 0.123857 0.186983 2.907916
v 0.187906 0.241781 2.831381
v 0.123868 0.047173 3.329328
v 0.154921 0.043901 3.326943
v 0.123857 -0.105890 3.244909
v 0.166373 -0.039879 3.197339
v 0.192137 0.005641 3.122333
v 0.199143 0.105740 2.994809
v 0.172558 0.065234 3.037555
v 0.236142 0.059598 3.044638
v 0.267488 0.095059 3.000491
v 0.267488 0.095059 3.000491
v 0.315751 0.191822 2.910516
v 0.259405 0.242970 2.835580
v 0.315751 0.191822 2.910516
v 0.383901 0.272601 2.850137
v 0.346383 0.246763 2.892508
v 0.245601 0.146549 3.088056
v 0.324941 0.220866 2.959311
v 0.269102 0.156021 3.096075
v 0.241912 0.126589 3.161511
v 0.213134 0.114814 3.159134
v 0.269102 0.156021 3.096075
v 0.222406 0.089634 3.244174
v 0.195795 0.084025 3.243109
v 0.180828 0.238174 2.888756
v 0.123864 0.229116 2.888835
v 0.171099 0.036904 3.321836
v 0.313555 0.245854 2.897014
v 0.123857 0.044180 3.083539
v 0.123857 -0.067807 3.101544
v 0.123857 -0.023704 2.993017
v 0.157824 -0.046493 3.388528
v 0.392957 0.506774 3.116611
v 0.123857 0.048567 3.134308
v 0.187181 0.118619 3.011380
v 0.180828 0.238174 2.888756
v 0.187906 0.241781 2.831381
v 0.259405 0.242970 2.835580
v 0.313555 0.245854 2.897014
v 0.383901 0.272601 2.850137
v 0.123869 0.459324 3.189309
v 0.123869 0.407768 3.190255
v 0.123870 0.596594 3.144162
v 0.123870 0.648258 3.108136
v 0.123870 0.733781 2.993640
v 0.123870 0.824259 2.715048
v 0.123871 0.888071 2.540605
v -0.170301 0.525513 2.942651
v -0.151320 0.497083 2.977987
v -0.202629 0.558008 3.053345
v -0.230653 0.634977 2.947370
v -0.179090 0.526575 2.883392
v 0.032329 0.403646 3.164330
v 0.037437 0.455645 3.177051
v -0.046651 0.421840 3.166235
v -0.057505 0.369397 3.139859
v -0.107957 0.307694 2.963464
v -0.122004 0.398000 2.948398
v -0.142353 0.387675 2.887753
v -0.136168 0.272603 2.850137
v -0.343215 0.452263 2.497052
v -0.330389 0.212052 2.479121
v -0.264974 0.306283 2.642502
v -0.290539 0.465107 2.641927
v -0.102072 0.427568 3.142218
v -0.119950 0.464159 2.981870
v -0.074468 0.371685 3.058914
v -0.115698 0.426621 2.976285
v -0.224066 0.640972 2.650851
v -0.264722 0.747209 2.453282
v -0.102900 0.590733 3.102979
v -0.071808 0.511335 3.140475
v 0.025846 0.569029 3.141599
v 0.010301 0.634558 3.104834
v -0.205755 0.252746 2.735837
v -0.102684 0.024549 2.581897
v -0.109259 0.001061 2.460493
v -0.009841 0.092490 2.797910
v -0.098640 0.060614 2.697621
v -0.248800 0.693821 2.686865
v -0.166212 0.757486 2.713513
v -0.021306 0.805935 2.713559
v -0.035551 0.870600 2.513057
v -0.194953 0.823000 2.486952
v -0.277891 0.215903 2.589040
v -0.205755 0.252746 2.735837
v -0.186203 0.423284 2.848892
v -0.133996 0.684853 3.003940
v -0.005324 0.724380 2.998065
v -0.145217 0.506775 3.116611
v -0.193872 0.502592 2.844564
v -0.197257 0.483471 2.813333
v 0.052160 0.363424 3.212552
v 0.032329 0.403646 3.164330
v -0.065568 0.102773 2.870934
v -0.068036 0.191823 2.910516
v -0.150809 0.191003 2.863397
v 0.109858 -0.044004 3.479193
v 0.098330 -0.057908 3.467160
v 0.078230 -0.052524 3.408154
v 0.080864 0.249725 3.374005
v 0.069251 0.303880 3.317877
v -0.077210 0.220868 2.959313
v -0.060266 0.257300 3.067874
v -0.107957 0.307694 2.963464
v -0.136168 0.272603 2.850137
v -0.136168 0.272603 2.850137
v 0.071687 0.155026 3.088565
v 0.066900 0.238174 2.888756
v 0.091330 0.197641 3.424478
v 0.100575 0.078215 3.480914
v 0.067160 0.128764 3.156436
v 0.076638 0.094499 3.244311
v 0.011572 0.059599 3.044638
v -0.019773 0.095060 3.000491
v 0.009842 0.036173 2.958240
v 0.049474 -0.002481 3.034680
v 0.081340 -0.039879 3.197339
v 0.055577 0.005641 3.122333
v 0.077387 -0.053187 3.118161
v 0.089912 -0.046493 3.388528
v -0.057505 0.369397 3.139859
v -0.074468 0.371685 3.058914
v -0.025431 0.232897 3.133352
v -0.019577 0.337209 3.183868
v 0.015660 0.280802 3.292642
v 0.004843 0.184748 3.216055
v 0.020830 0.151551 3.291018
v 0.038876 0.224391 3.352875
v 0.079154 0.057468 3.466385
v 0.061113 0.170050 3.407455
v 0.037298 0.105814 3.357465
v 0.057138 0.027780 3.406454
v -0.098653 0.246765 2.892510
v -0.065825 0.245855 2.897014
v -0.077210 0.220868 2.959313
v -0.021366 0.156022 3.096078
v 0.005824 0.126589 3.161511
v 0.025331 0.089634 3.244174
v 0.056830 0.036350 3.321588
v 0.056830 0.036350 3.321588
v 0.081532 0.015532 3.125791
v 0.098642 -0.031846 3.200540
v 0.087487 0.125745 3.003195
v 0.078533 0.083847 3.053632
v 0.059809 0.241781 2.831381
v 0.092816 0.043900 3.326941
v 0.081340 -0.039879 3.197339
v 0.055577 0.005641 3.122333
v 0.048572 0.105740 2.994809
v -0.019773 0.095060 3.000491
v 0.011572 0.059599 3.044638
v 0.075157 0.065235 3.037555
v -0.068036 0.191823 2.910516
v -0.019773 0.095060 3.000491
v -0.011690 0.242970 2.835580
v -0.068036 0.191823 2.910516
v -0.098653 0.246765 2.892510
v -0.136168 0.272603 2.850137
v -0.077210 0.220868 2.959313
v 0.002135 0.146550 3.088058
v -0.021366 0.156022 3.096078
v 0.005824 0.126589 3.161511
v -0.021366 0.156022 3.096078
v 0.034602 0.114816 3.159134
v 0.025331 0.089634 3.244174
v 0.051942 0.084026 3.243109
v 0.066900 0.238174 2.888756
v 0.076638 0.036904 3.321836
v -0.065825 0.245855 2.897014
v 0.089912 -0.046493 3.388528
v -0.145217 0.506775 3.116611
v 0.060534 0.118620 3.011380
v 0.087487 0.125745 3.003195
v -0.011690 0.242970 2.835580
v 0.059809 0.241781 2.831381
v 0.066900 0.238174 2.888756
v -0.065825 0.245855 2.897014
v -0.136168 0.272603 2.850137
v 0.015660 0.280802 3.292642
v 0.069251 0.303880 3.317877
v 0.396167 0.462475 2.923605
v 0.384814 0.510140 2.924563
v 0.361816 0.488091 2.947165
v 0.426829 0.526572 2.883392
v 0.399463 0.511349 2.899722
v 0.416957 0.488808 2.865082
v 0.441610 0.502590 2.844564
v 0.418039 0.546116 2.941663
v 0.433941 0.423281 2.848892
v 0.444996 0.483468 2.813333
v 0.390058 0.440362 2.878888
v 0.391093 0.504109 2.985370
v 0.390091 0.387673 2.887753
v 0.358313 0.416590 2.913595
v 0.363436 0.426621 2.976285
v 0.369741 0.397998 2.948395
v 0.344821 0.410063 2.938729
v 0.329551 0.420753 2.959122
v 0.339928 0.452835 2.965228
v 0.367586 0.463906 2.986066
v 0.421661 0.492190 2.939779
v 0.415589 0.478783 2.954675
v 0.425955 0.468220 2.940008
v 0.429091 0.475161 2.932297
v 0.411970 0.459764 2.960361
v 0.424076 0.458375 2.942950
v 0.411762 0.440228 2.955310
v 0.423970 0.448262 2.940335
v 0.415016 0.425412 2.940872
v 0.425657 0.440592 2.932861
v 0.420870 0.419286 2.920919
v 0.428688 0.437421 2.922534
v 0.427754 0.423489 2.900800
v 0.432249 0.439597 2.912118
v 0.433825 0.436896 2.885900
v 0.435392 0.446537 2.904407
v 0.437446 0.455916 2.880216
v 0.437265 0.456382 2.901464
v 0.437653 0.475451 2.885269
v 0.437376 0.466496 2.904080
v 0.434400 0.490267 2.899704
v 0.435689 0.474164 2.911551
v 0.428545 0.496393 2.919656
v 0.432658 0.477336 2.921878
v 0.410903 0.507151 2.944799
v 0.402331 0.488192 2.965872
v 0.397203 0.461294 2.973910
v 0.396906 0.433667 2.966763
v 0.401519 0.412715 2.946347
v 0.409803 0.404050 2.918130
v 0.419538 0.409995 2.889676
v 0.428110 0.428956 2.868607
v 0.433237 0.455853 2.860565
v 0.433535 0.483479 2.867712
v 0.428923 0.504431 2.888128
v 0.420637 0.513096 2.916342
v 0.397575 0.519024 2.947015
v 0.387067 0.495804 2.972821
v 0.380793 0.462862 2.982669
v 0.380426 0.429026 2.973916
v 0.386073 0.403365 2.948914
v 0.396216 0.392752 2.914355
v 0.408136 0.400034 2.879504
v 0.418641 0.423256 2.853699
v 0.424920 0.456197 2.843854
v 0.425286 0.490031 2.852606
v 0.419639 0.515693 2.877606
v 0.409491 0.526304 2.912164
v 0.382560 0.527001 2.946280
v 0.378813 0.494072 2.967679
v 0.367586 0.463905 2.986066
v 0.367177 0.426168 2.976306
v 0.369741 0.397997 2.948395
v 0.381052 0.386161 2.909851
v 0.394348 0.394282 2.870980
v 0.406061 0.420184 2.842196
v 0.413063 0.456925 2.831216
v 0.413472 0.494663 2.840976
v 0.406605 0.520107 2.870621
v 0.395861 0.535120 2.907410
v 0.343725 0.530536 2.942639
v 0.331592 0.503721 2.972436
v 0.324347 0.465683 2.983804
v 0.323927 0.426614 2.973702
v 0.331285 0.400256 2.943207
v 0.342158 0.384730 2.904925
v 0.355927 0.393136 2.864682
v 0.368054 0.419950 2.834885
v 0.375304 0.457989 2.823514
v 0.375719 0.497058 2.833621
v 0.369202 0.526690 2.862494
v 0.357492 0.538942 2.902395
v 0.432707 0.457222 2.922860
v -0.148428 0.462477 2.923605
v -0.114078 0.488091 2.947165
v -0.137075 0.510142 2.924566
v -0.169218 0.488811 2.865082
v -0.151724 0.511352 2.899722
v -0.179090 0.526575 2.883392
v -0.193872 0.502593 2.844564
v -0.170300 0.546118 2.941663
v -0.197257 0.483471 2.813333
v -0.186203 0.423285 2.848895
v -0.142320 0.440363 2.878891
v -0.143354 0.504111 2.985370
v -0.142353 0.387675 2.887753
v -0.110575 0.416593 2.913595
v -0.097083 0.410064 2.938729
v -0.122004 0.398000 2.948398
v -0.115698 0.426621 2.976285
v -0.081813 0.420754 2.959122
v -0.092189 0.452836 2.965228
v -0.119847 0.463908 2.986069
v -0.178217 0.468223 2.940008
v -0.167850 0.478785 2.954679
v -0.173923 0.492192 2.939779
v -0.181353 0.475163 2.932297
v -0.176337 0.458377 2.942950
v -0.164231 0.459766 2.960361
v -0.176231 0.448264 2.940335
v -0.164023 0.440229 2.955310
v -0.177919 0.440596 2.932864
v -0.167277 0.425416 2.940875
v -0.180950 0.437425 2.922534
v -0.173132 0.419291 2.920922
v -0.184511 0.439600 2.912118
v -0.180016 0.423491 2.900800
v -0.187654 0.446540 2.904407
v -0.186088 0.436898 2.885900
v -0.189527 0.456385 2.901464
v -0.189707 0.455918 2.880216
v -0.189638 0.466498 2.904080
v -0.189914 0.475452 2.885269
v -0.187950 0.474167 2.911551
v -0.186661 0.490269 2.899704
v -0.184919 0.477338 2.921881
v -0.180807 0.496396 2.919656
v -0.154593 0.488194 2.965872
v -0.163164 0.507153 2.944799
v -0.149466 0.461296 2.973910
v -0.149168 0.433669 2.966763
v -0.153780 0.412717 2.946347
v -0.162066 0.404052 2.918130
v -0.171800 0.409997 2.889676
v -0.180371 0.428958 2.868607
v -0.185498 0.455854 2.860565
v -0.185796 0.483481 2.867712
v -0.181183 0.504433 2.888128
v -0.172898 0.513099 2.916345
v -0.139328 0.495804 2.972821
v -0.149837 0.519026 2.947015
v -0.133054 0.462864 2.982669
v -0.132689 0.429029 2.973916
v -0.138335 0.403367 2.948914
v -0.148478 0.392755 2.914358
v -0.160398 0.400035 2.879504
v -0.170903 0.423258 2.853699
v -0.177181 0.456199 2.843854
v -0.177547 0.490035 2.852606
v -0.171900 0.515695 2.877609
v -0.161753 0.526307 2.912168
v -0.131074 0.494073 2.967679
v -0.134821 0.527002 2.946280
v -0.119847 0.463908 2.986069
v -0.119438 0.426171 2.976306
v -0.122004 0.398000 2.948398
v -0.133314 0.386164 2.909854
v -0.146610 0.394284 2.870980
v -0.158323 0.420186 2.842199
v -0.165324 0.456927 2.831216
v -0.165732 0.494666 2.840979
v -0.158865 0.520110 2.870621
v -0.148123 0.535122 2.907410
v -0.083853 0.503723 2.972436
v -0.095985 0.530537 2.942639
v -0.076609 0.465685 2.983808
v -0.076189 0.426615 2.973702
v -0.083548 0.400258 2.943207
v -0.094420 0.384732 2.904925
v -0.108189 0.393137 2.864685
v -0.120317 0.419952 2.834888
v -0.127565 0.457991 2.823514
v -0.127980 0.497059 2.833621
v -0.121462 0.526691 2.862494
v -0.109754 0.538943 2.902398
v -0.184968 0.457225 2.922860
v 0.655413 0.435524 2.339242
v 0.562483 0.776566 2.290322
v 0.123869 -0.122427 2.300758
v 0.378421 -0.085957 2.299260
v 0.479542 0.873311 2.325898
v 0.640223 0.157923 2.320323
v 0.302341 0.917595 2.346935
v 0.123873 0.931549 2.369428
v 0.123869 -0.188416 2.139082
v 0.399982 -0.166545 2.138498
v 0.699023 0.107031 2.161719
v 0.716375 0.418384 2.181378
v 0.610225 0.801049 2.127951
v 0.515198 0.917478 2.164965
v 0.322523 0.957865 2.180661
v 0.123873 0.968124 2.197802
v -0.314739 0.776569 2.290323
v -0.407672 0.435528 2.339242
v -0.130685 -0.085956 2.299260
v -0.231798 0.873314 2.325898
v -0.392485 0.157927 2.320324
v -0.054598 0.917595 2.346935
v -0.152246 -0.166544 2.138499
v -0.451284 0.107035 2.161720
v -0.468634 0.418388 2.181379
v -0.362480 0.801052 2.127952
v -0.267453 0.917480 2.164967
v -0.074778 0.957867 2.180662
v 0.283293 0.870600 2.513054
v 0.301926 0.907889 2.211987
v 0.123873 0.938320 2.227315
v 0.123871 0.888072 2.540605
v 0.512463 0.747206 2.453282
v 0.584371 0.769678 2.170655
v 0.462120 0.866390 2.197191
v 0.442695 0.822998 2.486952
v 0.590957 0.452260 2.497052
v 0.664328 0.412191 2.209294
v 0.578127 0.212049 2.479121
v 0.637585 0.130251 2.202586
v 0.356997 0.001061 2.460493
v 0.372205 -0.080056 2.204413
v 0.123868 -0.049528 2.462886
v 0.123869 -0.136634 2.222428
v 0.123865 -0.223186 2.058091
v 0.123862 -0.379448 1.899564
v 0.410093 -0.301520 1.859598
v 0.377608 -0.159620 2.030991
v 0.793469 -0.037178 1.834707
v 0.683851 0.065201 2.018808
v 0.842549 0.364288 1.830766
v 0.719441 0.387913 2.020378
v 0.633104 0.801909 1.981580
v 0.740143 0.883967 1.787737
v 0.528085 1.028977 1.813302
v 0.475981 0.915913 2.006421
v 0.325289 1.074550 1.819462
v 0.304079 0.957293 2.016606
v 0.123865 1.086846 1.827220
v 0.123869 0.978075 2.027783
v -0.054182 0.907890 2.211987
v -0.035551 0.870601 2.513057
v -0.214375 0.866392 2.197192
v -0.336625 0.769681 2.170657
v -0.264722 0.747209 2.453282
v -0.194953 0.823000 2.486952
v -0.416588 0.412195 2.209294
v -0.343215 0.452263 2.497052
v -0.389844 0.130256 2.202586
v -0.330389 0.212052 2.479121
v -0.124468 -0.080054 2.204413
v -0.109259 0.001062 2.460493
v -0.162367 -0.301519 1.859599
v -0.129878 -0.159620 2.030991
v -0.545744 -0.037175 1.834709
v -0.436119 0.065204 2.018809
v -0.594820 0.364291 1.830768
v -0.471707 0.387916 2.020379
v -0.385366 0.801912 1.981580
v -0.492414 0.883969 1.787739
v -0.280354 1.028979 1.813303
v -0.228244 0.915914 2.006423
v -0.077557 1.074550 1.819463
v -0.056341 0.957294 2.016607
v 9.584807 0.669113 0.472999
v 9.582584 0.677425 0.583529
v 8.831681 0.496088 0.539387
v 8.802090 0.482487 0.393678
v 9.560727 0.695583 0.699924
v 9.675895 0.708285 0.616991
v 8.828294 0.562428 0.546890
v 9.546589 0.679232 0.599113
v 9.584807 0.669113 0.472999
v 8.802090 0.482487 0.393678
v 9.286667 0.995544 1.308827
v 8.662114 0.785229 1.230078
v 8.684461 0.801612 1.385125
v 9.337305 1.031710 1.422451
v 7.490115 0.625751 1.340811
v 7.065138 0.518375 1.330972
v 7.082485 0.464329 1.241049
v 7.513793 0.531775 1.183508
v 2.274226 0.154006 -1.179164
v 2.496564 0.130030 -0.397858
v 2.639601 0.118369 -1.137925
v 4.784572 0.201683 1.196290
v 4.124997 0.073809 1.191327
v 4.405292 0.052198 0.368255
v 4.942780 0.057527 0.455339
v 5.359325 0.388670 0.859725
v 5.551225 0.250578 0.375279
v 4.883598 0.170046 0.163159
v 4.586098 0.341450 0.589197
v 1.818713 -0.085321 1.528621
v 1.612635 -0.065301 0.969735
v 2.264474 -0.109977 1.076072
v 2.355858 -0.066410 1.559245
v 8.020075 0.412642 0.440760
v 8.527714 0.479003 0.329061
v 8.366853 0.468899 0.159266
v 7.891437 0.389849 0.291419
v 8.887350 0.584938 0.768810
v 8.947584 0.608817 0.897400
v 8.129503 0.489558 0.875352
v 8.096985 0.454756 0.750310
v 1.856524 -0.106924 1.802962
v 2.330027 -0.034137 1.751135
v 2.292848 0.020270 1.933981
v 1.849653 -0.071966 2.004690
v 5.507845 0.157849 -0.379078
v 5.012051 0.121504 -0.582251
v 8.510826 0.974703 1.584029
v 8.987162 1.221496 1.682406
v 8.909674 1.170998 1.585332
v 1.669508 -0.012116 -0.638881
v 1.281739 0.053587 -0.512517
v 1.252783 0.082772 -0.807320
v 8.684461 0.801612 1.385125
v 8.662690 0.747699 1.223748
v 9.312258 0.993034 1.334926
v 9.337305 1.031710 1.422451
v 5.613969 0.347154 1.556444
v 5.026170 0.284383 1.533296
v 5.282650 0.198490 1.135499
v 5.805135 0.230583 1.251007
v 6.331431 0.256842 1.066342
v 6.482453 0.341586 1.354573
v 1.533546 0.256575 -0.743533
v 1.172275 0.372811 -0.890676
v 1.126174 0.455052 -0.431975
v 1.543186 0.281718 -0.199373
v 6.575109 0.528591 1.709616
v 6.920911 0.585843 1.439529
v 6.252370 0.382067 0.985780
v 5.807395 0.503032 1.610284
v 8.254202 0.388718 -0.094287
v 7.904548 0.346491 -0.117553
v 8.150597 0.364744 0.009464
v 6.342175 0.158367 0.081976
v 6.749358 0.164997 -0.204675
v 6.956937 0.225247 -0.020408
v 2.845873 0.124426 -1.764512
v 3.091021 0.108797 -1.875299
v 3.138893 0.037926 -1.162866
v 2.604694 0.052157 -1.279704
v 1.908754 0.024762 -1.366592
v 1.966547 0.020720 -1.992068
v 2.076963 0.059075 -1.899920
v 1.115236 0.270510 -1.817971
v 1.072699 0.204834 -1.705917
v 0.982817 0.347026 -2.260884
v 1.061713 0.386349 -2.389346
v 5.579087 0.632500 1.974610
v 5.231985 0.493672 1.982102
v 5.461375 0.435453 1.803390
v 2.184124 -0.099132 0.403986
v 1.464949 -0.078483 0.441821
v 2.098794 0.075490 -1.736359
v 2.003870 0.018128 -1.353310
v 1.183084 0.401104 -1.538308
v 1.396806 0.108229 -2.068777
v 1.310850 0.273170 -2.260845
v 1.062074 0.491461 -1.665646
v 7.641609 0.266174 -0.256430
v 7.289729 0.241951 -0.155725
v 7.532544 0.341873 0.005797
v 5.406986 0.083082 -1.326469
v 5.121030 0.039896 -0.638905
v 5.149669 0.069195 -1.471638
v 3.537381 0.444897 1.076822
v 3.429590 0.536125 1.551437
v 3.971702 0.490223 1.753591
v 4.274132 0.470105 1.163847
v 7.062894 0.325087 0.907430
v 6.990574 0.266773 0.795541
v 7.588683 0.345717 0.655307
v 7.615458 0.405856 0.784760
v 8.106269 0.416707 0.571861
v 8.839674 0.550647 0.700868
v 8.089491 0.493255 0.721727
v 4.656322 0.285342 1.538031
v 4.896404 0.368390 1.772302
v 4.492233 0.341942 1.799920
v 1.161711 0.322381 -1.750713
v 1.167830 0.358107 -2.264909
v 1.193326 0.311948 -2.059859
v 1.173485 0.318462 -1.727460
v 7.694006 0.317533 0.162532
v 7.260409 0.316832 0.217216
v 7.484897 0.373616 0.413033
v 4.781082 0.443565 1.915566
v 6.831316 0.240041 0.546710
v 6.752194 0.211285 0.450945
v 7.324580 0.263781 0.274491
v 7.416060 0.297523 0.384676
v 5.560024 0.068547 0.479490
v 9.197708 0.532990 0.163883
v 9.244351 0.516844 0.066738
v 7.166100 0.242449 0.150607
v 6.641994 0.190457 0.344018
v 1.837960 0.164998 2.027637
v 1.849653 -0.071966 2.004690
v 2.292848 0.020270 1.933981
v 2.276062 0.210818 1.961038
v 8.077936 0.502687 0.564439
v 7.256617 0.202107 -0.596035
v 7.400695 0.268483 -0.467583
v 7.506324 0.230602 -0.624530
v 3.441535 0.016203 0.431702
v 2.975600 -0.087229 0.442920
v 3.057956 -0.046630 -0.319895
v 3.693611 -0.058609 -0.210686
v 4.215976 -0.077430 -0.154548
v 3.889376 0.058547 0.382540
v 3.733228 0.072828 -1.776371
v 4.047774 0.003943 -0.979427
v 3.581852 0.087338 -1.724998
v 8.474360 1.016010 1.781009
v 7.986408 0.841527 1.559314
v 7.960731 0.867721 1.774717
v 8.153977 0.575748 0.826905
v 8.918215 0.676975 0.866574
v 8.887350 0.584938 0.768810
v 8.089491 0.493255 0.721727
v 7.403001 0.807202 2.050794
v 7.582680 0.831634 2.160461
v 7.076041 0.829202 2.211709
v 7.123468 0.760452 2.014653
v 5.957831 0.190312 -0.107381
v 2.017256 0.125319 -0.530189
v 1.815908 0.055737 -1.161551
v 1.578121 0.140955 -1.211154
v 6.540868 0.160556 -0.326697
v 5.864723 0.072664 -0.284587
v 6.724354 0.121492 -0.785514
v 6.894671 0.146488 -0.752283
v 1.577503 0.059374 -1.491054
v 1.448496 0.067784 -1.484122
v 1.542775 0.014258 -2.061667
v 1.767606 0.025940 -1.879650
v 6.938877 0.637617 1.721233
v 6.575109 0.528591 1.709616
v 6.531935 0.429575 1.511779
v 7.046854 0.592178 1.498683
v 1.333813 0.002163 -0.095396
v 1.809149 0.470169 1.444367
v 2.203698 0.460772 1.495312
v 2.136629 0.365975 0.935909
v 1.669468 0.429765 0.782285
v 4.645139 0.006326 -0.813022
v 4.324546 0.052651 -1.573056
v 4.515528 0.063408 -1.697849
v 1.471886 0.023953 -0.826037
v 2.646707 0.362471 1.026125
v 2.621335 0.151126 0.202668
v 2.061444 0.184703 0.086205
v 8.839674 0.550647 0.700868
v 3.188087 0.091561 -0.244809
v 3.588304 0.085690 -0.977838
v 3.342620 0.101399 -0.997039
v 3.034593 0.112218 -1.065343
v 8.958167 0.729877 1.019179
v 8.257937 0.613303 0.991024
v 6.437136 0.289905 0.227082
v 7.784922 0.274496 -0.532313
v 7.696302 0.255347 -0.597404
v 1.690522 0.009366 -0.800653
v 3.813775 0.189407 0.431907
v 9.291615 0.955544 1.240552
v 8.638808 0.702480 1.086762
v 7.087593 0.433522 1.170138
v 7.541314 0.488536 1.065365
v 1.542775 0.014258 -2.061667
v 1.346947 0.255686 -1.379062
v 1.767606 0.025940 -1.879650
v 2.228693 0.013309 -1.268047
v 2.272804 0.071932 -1.878417
v 9.560727 0.695583 0.699924
v 1.935430 0.085614 -1.144645
v 1.396806 0.108229 -2.068777
v 1.322158 0.109892 -1.562901
v 3.630310 0.036778 1.174592
v 9.197708 0.532990 0.163883
v 9.022682 0.537468 0.237464
v 8.955139 0.479471 0.097105
v 5.477813 0.542953 1.768556
v 5.190592 0.601208 2.009682
v 5.579087 0.632500 1.974610
v 7.990418 0.307486 -0.305233
v 5.062427 0.463306 1.374846
v 4.896505 0.504672 1.731642
v 7.515678 0.787246 1.962407
v 7.260964 0.847366 2.022825
v 7.790137 0.898404 2.046765
v 5.267272 0.005358 0.051534
v 4.728980 -0.022304 -0.073672
v 3.140622 0.171230 0.280538
v 4.753492 0.538096 1.951756
v 4.472876 0.525667 1.743416
v 4.381570 0.471340 1.875159
v 7.784922 0.274496 -0.532313
v 7.399867 0.216246 -0.475719
v 7.696302 0.255347 -0.597404
v 6.925964 0.272731 0.680202
v 7.555150 0.350323 0.517602
v 8.020075 0.412642 0.440760
v 7.865925 0.360939 0.280005
v 8.439124 0.413327 0.174329
v 8.527714 0.479003 0.329061
v 6.426984 0.711071 2.042878
v 6.421265 0.743617 2.033394
v 3.883024 0.110075 -0.071612
v 7.174013 0.465422 0.932448
v 7.174990 0.567422 1.265576
v 6.868542 0.641987 1.778340
v 7.515678 0.787246 1.962407
v 6.709103 0.679679 1.982393
v 4.018773 0.191168 1.593713
v 2.512896 0.074392 -1.981174
v 2.758550 0.128127 -1.893460
v 4.539264 0.099700 -0.724441
v 4.415607 0.373385 1.869225
v 7.641609 0.266174 -0.256430
v 7.990418 0.307486 -0.305233
v 7.898885 0.315912 -0.124595
v 6.563684 0.724406 1.865434
v 6.421265 0.743617 2.033394
v 7.076041 0.829202 2.211709
v 5.477813 0.542953 1.768556
v 9.075040 0.452984 -0.075644
v 4.256397 0.096569 -0.827954
v 3.398252 0.313630 1.855982
v 3.408028 0.177239 1.852806
v 3.953103 0.268981 1.819209
v 3.952939 0.386431 1.826638
v 9.447931 0.806815 0.956562
v 9.594712 0.925669 0.992737
v 9.436014 0.848446 1.048659
v 7.582680 0.831634 2.160461
v 3.514114 0.125525 1.580005
v 6.393395 0.595261 1.881966
v 2.245210 0.429695 1.809736
v 1.875140 0.393449 1.799916
v 2.651695 0.501048 1.529567
v 3.125515 0.422043 1.065027
v 3.072347 0.518332 1.555368
v 2.660796 0.454096 1.823072
v 3.053709 0.441022 1.819756
v 3.064802 0.116156 1.861512
v 3.059815 0.280193 1.865859
v 2.665015 0.273839 1.896873
v 2.662082 0.081135 1.861096
v 2.839092 -0.051886 1.102461
v 3.271371 -0.002111 1.148794
v 3.170204 0.072932 1.577559
v 2.757970 0.031880 1.544443
v 2.662082 0.081135 1.861096
v 5.231985 0.493672 1.982102
v 3.953103 0.268981 1.819209
v 3.408028 0.177239 1.852806
v 3.064802 0.116156 1.861512
v 1.225659 0.222653 -1.640143
v 1.310850 0.273170 -2.260845
v 1.193326 0.311948 -2.059859
v 5.997445 0.160687 0.720707
v 3.388077 0.454473 1.809158
v 4.415607 0.373385 1.869225
v 4.781082 0.443565 1.915566
v 6.906754 0.279921 -0.262598
v 6.885777 0.191697 -0.487133
v 7.245788 0.240256 -0.163920
v 7.521454 0.255591 -0.275220
v 6.540868 0.160556 -0.326697
v 6.956937 0.225247 -0.020408
v 7.067913 0.192594 -0.349864
v 7.245788 0.240256 -0.163920
v 7.521454 0.255591 -0.275220
v 6.885777 0.191697 -0.487133
v 7.256617 0.202107 -0.596035
v 7.506324 0.230602 -0.624530
v 7.803721 0.273409 -0.429657
v 7.803721 0.273409 -0.429657
v 3.315477 0.116085 -1.925792
v 3.485863 0.103044 -1.841944
v 8.171867 0.349043 -0.230309
v 8.254202 0.388718 -0.094287
v 8.171867 0.349043 -0.230309
v 8.150597 0.364744 0.009464
v 7.960731 0.867721 1.774717
v 7.268046 0.713799 1.731393
v 7.367555 0.683071 1.529546
v 7.991545 0.798274 1.580539
v 7.344090 0.718391 1.514775
v 7.268046 0.713799 1.731393
v 7.490115 0.625751 1.340811
v 8.050758 0.757368 1.423635
v 6.938877 0.637617 1.721233
v 8.564220 0.915049 1.493737
v 8.521474 0.936590 1.607510
v 8.474360 1.016010 1.781009
v 6.868542 0.641987 1.778340
v 7.790137 0.898404 2.046765
v 8.564220 0.915049 1.493737
v 8.909674 1.170998 1.585332
v 8.987162 1.221496 1.682406
v 8.050758 0.757368 1.423635
v 7.505277 0.285108 0.018224
v 7.289729 0.241951 -0.155725
v 7.694006 0.317533 0.162532
v 8.208484 0.364479 0.029923
v 7.642416 0.449352 0.565078
v 8.793833 0.436631 -0.099566
v 8.208484 0.364479 0.029923
v 8.793833 0.436631 -0.099566
v 9.075040 0.452984 -0.075644
v 8.865596 0.442376 -0.018839
v 6.937121 0.372117 0.670317
v 7.726825 0.478350 0.756402
v 7.982601 0.654910 1.183259
v 7.891136 0.684030 1.338452
v 8.077844 0.562970 1.007627
v 7.787894 0.518603 0.865037
v 8.257937 0.613303 0.991024
v 7.065368 0.312803 0.916814
v 7.630763 0.383567 0.801432
v 7.582006 0.439636 0.935035
v 7.075850 0.362271 1.042343
v 8.077844 0.562970 1.007627
v 6.087478 0.146427 0.667232
v 5.453537 0.067502 -0.481430
v 2.360077 -0.049087 -0.353654
v 1.837488 -0.014437 -0.562612
v 9.409880 0.782967 0.851639
v 9.511259 0.844643 0.879014
v 8.958167 0.729877 1.019179
v 9.436014 0.848446 1.048659
v 9.404548 0.827926 0.939929
v 9.409880 0.782967 0.851639
v 7.989761 0.603671 1.188512
v 7.891136 0.684030 1.338452
v 8.638808 0.702480 1.086762
v 9.510115 1.171200 1.342669
v 9.510115 1.171200 1.342669
v 9.291615 0.955544 1.240552
v 9.594712 0.925669 0.992737
v 9.511259 0.844643 0.879014
v 9.244351 0.516844 0.066738
v 6.994184 0.153592 -0.613936
v 6.724354 0.121492 -0.785514
v 6.424462 0.119673 -0.775733
v 6.424462 0.119673 -0.775733
v 6.994184 0.153592 -0.613936
v 6.894671 0.146488 -0.752283
v 5.677230 0.115802 -1.214046
v 5.484836 0.091572 -1.212705
v 5.406986 0.083082 -1.326469
v 5.149669 0.069195 -1.471638
v 4.898720 0.060302 -1.448757
v 4.837821 0.057290 -1.602358
v 5.484836 0.091572 -1.212705
v 5.677230 0.115802 -1.214046
v 5.942486 0.092926 -1.047806
v 6.106807 0.112184 -1.063113
v 5.838461 0.110083 -1.156261
v 6.285367 0.140622 -0.963599
v 5.942486 0.092926 -1.047806
v 6.106807 0.112184 -1.063113
v 5.838461 0.110083 -1.156261
v 4.898720 0.060302 -1.448757
v 4.684114 0.058268 -1.703717
v 4.017518 0.066988 -0.916868
v 4.324546 0.052651 -1.573056
v 4.515528 0.063408 -1.697849
v 4.837821 0.057290 -1.602358
v 4.684114 0.058268 -1.703717
v 3.908193 0.069613 -1.805712
v 4.062853 0.093103 -1.741938
v 3.733228 0.072828 -1.776371
v 3.581852 0.087338 -1.724998
v 3.485863 0.103044 -1.841944
v 3.315477 0.116085 -1.925792
v 3.091021 0.108797 -1.875299
v 2.845873 0.124426 -1.764512
v 2.758550 0.128127 -1.893460
v 2.512896 0.074392 -1.981174
v 2.272804 0.071932 -1.878417
v 2.098794 0.075490 -1.736359
v 2.076963 0.059075 -1.899920
v 1.966547 0.020720 -1.992068
v 4.062853 0.093103 -1.741938
v 3.908193 0.069613 -1.805712
v 0.877354 -0.213314 -1.173617
v 0.824607 -0.191215 -1.323775
v 1.050092 0.001609 -1.148417
v 1.257498 -0.046917 0.015977
v 1.247036 0.013813 0.484650
v 1.083067 -0.186625 0.290376
v 1.175695 -0.197410 -0.080011
v 0.363703 -0.736110 -1.267472
v 0.123845 -0.780809 -1.289082
v 0.123845 -0.687801 -1.380292
v 0.373829 -0.603923 -1.350451
v 1.145428 -0.706515 -0.097803
v 1.083140 -0.669004 -0.624257
v 1.015773 -0.381064 -0.602309
v 1.097262 -0.383043 -0.045394
v 0.716372 0.097612 -3.018434
v 0.666446 -0.064155 -2.341340
v 0.396727 -0.050222 -2.608491
v 0.604784 0.166720 -3.229993
v 1.081491 -0.218116 -0.574262
v 1.177755 -0.074290 -0.511977
v 1.208160 0.586173 0.392687
v 1.321433 -0.119037 1.790903
v 1.343923 -0.051700 2.008066
v 1.220327 -1.678936 -0.460118
v 1.152840 -1.131208 -0.666283
v 1.184193 -1.225400 -0.164500
v 1.264887 0.595331 1.691342
v 1.286649 0.401091 1.833895
v 0.694521 -1.592612 -0.824994
v 0.695914 -1.619456 -0.637726
v 0.536904 -1.399721 -0.574706
v 0.526569 -1.325056 -0.822345
v 1.206773 -1.659171 -0.139648
v 1.197802 -2.146904 -0.212015
v 0.797937 0.722277 1.266933
v 0.424678 0.928089 1.030771
v 0.395966 0.884731 1.372745
v 0.841174 0.637436 1.616540
v 0.528805 0.660360 -1.397785
v 0.562873 0.550298 -1.909211
v 0.537736 0.629755 -1.943666
v 0.490950 0.658817 -1.951910
v 0.123858 -0.500124 1.630354
v 0.123857 -0.743570 1.148979
v 0.453981 -0.660630 1.151360
v 0.405179 -0.433107 1.626687
v 0.220156 0.672121 -2.000150
v 0.123846 0.729271 -1.569034
v 1.108844 0.100008 -1.371976
v 0.992746 0.066813 -1.726485
v 0.928576 0.095824 -2.110438
v 0.619111 0.740417 1.925811
v 0.690269 0.385391 1.938419
v 0.831465 0.378588 1.726196
v 0.733618 0.752682 1.658766
v 1.028019 -0.872545 0.060287
v 0.823816 -1.206355 0.112855
v 0.962347 -1.399200 -0.010851
v 0.689433 -0.409391 -1.167583
v 0.718498 -0.776336 -1.194880
v 0.322775 -0.927528 -1.105394
v 0.317615 -1.106917 -0.797263
v 0.123846 -0.974382 -0.771883
v 0.123846 -0.860072 -1.071222
v 0.801543 0.512599 -2.355755
v 0.814383 0.548275 -1.806823
v 0.982817 0.347026 -2.260884
v 0.123850 0.160031 -3.554866
v 0.293343 0.161182 -3.434187
v 0.123847 -0.054510 -2.760332
v 0.928576 0.095824 -2.110438
v 0.992746 0.066813 -1.726485
v 0.807078 -0.154245 -1.808680
v 0.804336 -0.007711 -2.215549
v 0.849751 0.543125 -1.163185
v 0.814383 0.548275 -1.806823
v 0.123846 -0.567412 -1.687793
v 0.123848 -0.404304 -2.096054
v 0.370337 -0.353271 -1.986904
v 0.378379 -0.493782 -1.605325
v 0.837666 0.177863 -2.594065
v 0.928576 0.095824 -2.110438
v 0.804336 -0.007711 -2.215549
v 0.957112 -2.203514 -0.105984
v 0.824618 -1.756577 -0.021227
v 0.782531 -1.886778 -0.165315
v 0.928564 -2.234014 -0.249582
v 1.077851 -2.155048 -0.095609
v 1.025068 -1.684687 0.006380
v 1.051465 -2.066209 -0.664722
v 0.940239 -1.728142 -0.960694
v 1.075246 -2.145302 -0.848853
v 0.824618 -1.756577 -0.021227
v 0.957112 -2.203514 -0.105984
v 0.123851 -0.872418 0.770012
v 0.123848 -1.000541 0.308871
v 0.516296 -0.943343 0.385574
v 0.485760 -0.780030 0.766847
v 0.782286 0.160807 -2.767544
v 0.373829 -0.603923 -1.350451
v 0.123845 -0.687801 -1.380292
v 0.748036 0.745226 0.839458
v 1.257823 0.686680 1.144144
v 0.808492 0.683025 0.068203
v 0.925694 -0.700468 0.196351
v 0.839491 -0.587553 0.374711
v 0.652457 -1.072562 0.229694
v 0.954244 -0.103730 1.180374
v 0.808036 -0.022077 1.633554
v 0.592469 -0.311148 1.621960
v 0.732714 -0.487052 1.152281
v 0.258412 0.919418 1.943343
v 0.392690 0.860813 1.932622
v 0.394330 0.818331 1.655905
v 0.123863 0.876617 1.666383
v 1.328711 0.128727 1.967091
v 0.123843 0.765491 -1.204691
v 0.503380 0.668138 -0.911265
v 0.808492 0.683025 0.068203
v 0.469484 0.811631 -0.159974
v 0.458487 0.936440 0.585786
v 0.748036 0.745226 0.839458
v 0.851214 0.573859 -0.623266
v 0.940240 -1.728142 -0.960693
v 0.800831 -1.157484 -1.070617
v 0.849751 0.543125 -1.163185
v 0.851214 0.573859 -0.623266
v 1.180018 0.067058 1.042343
v 1.019357 -0.188575 0.861683
v 0.487283 0.200951 -3.305037
v 0.396727 -0.050222 -2.608491
v 0.123847 -0.054510 -2.760332
v 1.343923 -0.051700 2.008066
v 0.123849 0.695737 -2.023005
v 1.061713 0.386349 -2.389346
v 1.167830 0.358107 -2.264909
v 1.078603 0.066631 1.403134
v 0.980022 0.252596 1.696479
v 0.651804 0.085523 1.960116
v 0.732460 0.029643 1.799239
v 0.355900 -0.104634 2.020901
v 0.481379 -0.171051 1.832921
v 0.123863 -0.307473 1.874158
v 0.123858 -0.500124 1.630354
v 0.405179 -0.433107 1.626687
v 0.366635 -0.229242 1.858065
v 0.791342 -0.532045 0.748710
v 0.123848 0.788231 -0.227376
v 0.123850 0.993037 0.553463
v 0.123856 0.972106 1.024311
v 0.123860 0.923370 1.371583
v 0.594453 0.564243 -2.426180
v 0.632814 0.449320 -2.447563
v 0.838787 0.363579 -3.083355
v 0.769781 0.435227 -3.199325
v 0.619853 0.535412 -3.237952
v 0.529487 0.623567 -2.447649
v 0.311373 0.626895 -2.472857
v 0.387161 0.522556 -3.355658
v 1.247791 0.677404 1.490434
v 0.592469 -0.311148 1.621960
v 0.629704 -1.385204 0.075602
v 0.771113 -1.586384 -0.047033
v 1.050092 0.001609 -1.148417
v 1.132491 0.078331 -0.918538
v 1.222130 -0.020895 -0.272573
v 1.177755 -0.074290 -0.511977
v 1.318588 -0.177806 0.431005
v 1.257498 -0.046917 0.015977
v 1.247036 0.013813 0.484650
v 1.399683 -0.089164 0.840710
v 1.461061 -0.147089 1.482278
v 1.180018 0.067058 1.042343
v 0.718498 -0.776336 -1.194880
v 0.586900 -0.733665 -1.245948
v 0.689433 -0.409391 -1.167583
v 0.691091 -1.348911 -1.077350
v 0.527464 -1.057413 -1.170586
v 0.800831 -1.157484 -1.070617
v 0.656381 -0.313920 -1.443036
v 0.658878 -0.250373 -1.875747
v 0.666446 -0.064155 -2.341340
v 0.550890 -1.464263 -0.410980
v 0.724942 -1.676891 -0.403262
v 0.727007 -1.643301 -0.209151
v 0.574378 -1.481931 -0.153937
v 0.467000 -1.183411 0.164294
v 0.123850 -1.102167 -0.012996
v 0.123850 -1.009497 -0.427182
v 0.311130 -1.204758 -0.464385
v 0.420156 -1.324361 -0.072474
v 0.837666 0.177863 -2.594065
v 0.827051 -2.025972 -0.408927
v 0.926346 -2.086549 -0.541492
v 1.080370 -2.296233 -0.419318
v 1.051465 -2.066209 -0.664722
v 1.157518 -1.701717 -0.701461
v 0.797937 0.722277 1.266933
v 0.841174 0.637436 1.616540
v 0.980022 0.252596 1.696479
v 1.078603 0.066631 1.403134
v 0.980022 0.252596 1.696479
v 0.123851 0.684435 -2.547429
v 0.982817 0.347026 -2.260884
v 0.940240 -1.728142 -0.960693
v 0.962317 -1.790309 -1.125009
v 0.800831 -1.157484 -1.070617
v 0.940239 -1.728142 -0.960694
v 1.051465 -2.066209 -0.664722
v 0.828539 -1.870247 -0.774421
v 0.820082 -1.945705 -0.602410
v 0.771113 -1.586384 -0.047033
v 0.629704 -1.385204 0.075602
v 0.467000 -1.183411 0.164294
v 0.123848 -1.000541 0.308871
v 1.177896 -2.219760 -0.339520
v 0.808036 -0.022077 1.633554
v 0.980022 0.252596 1.696479
v 0.123867 -0.142761 2.080232
v 1.080370 -2.296233 -0.419318
v 1.141191 0.221705 -2.599126
v 0.982817 0.347026 -2.260884
v 0.996217 0.101872 -2.879074
v 0.452047 0.476871 -4.041704
v 0.627726 0.428745 -3.980861
v 0.732287 0.379113 -4.587671
v 0.553598 0.487036 -4.917922
v 0.832779 0.443396 -3.896579
v 0.987895 0.394391 -3.731356
v 1.174164 0.344068 -4.224356
v 0.974653 0.377227 -4.415336
v 0.224053 0.507409 -5.208568
v 0.260451 0.480992 -5.062073
v 0.123858 0.514183 -5.066725
v 0.123859 0.545021 -5.262881
v 1.774673 -0.010219 -4.183104
v 1.701822 0.094331 -4.421953
v 1.881526 0.013668 -4.553926
v 0.607702 0.229473 -4.237098
v 0.701792 0.338942 -4.938234
v 0.878067 0.288049 -4.815796
v 0.745128 0.221329 -4.119035
v 0.850798 0.376059 -5.286669
v 0.924440 0.325538 -5.168773
v 0.749354 0.354446 -5.199928
v 1.256868 0.345120 -4.668963
v 1.062728 0.334233 -4.718757
v 1.141607 0.307175 -3.492586
v 1.146910 0.233898 -3.383907
v 1.523294 0.170442 -4.009377
v 1.455558 0.190789 -4.098269
v 0.377865 0.446255 -5.133651
v 0.534410 0.420412 -5.106081
v 0.543015 0.371065 -4.940723
v 0.336723 0.391005 -4.825586
v 1.341282 0.230884 -4.337815
v 1.649475 0.122441 -4.544816
v 1.608650 0.103314 -4.695063
v 1.419278 0.256862 -4.689679
v 0.460135 0.463144 -5.349871
v 0.336723 0.391005 -4.825586
v 0.322082 0.478859 -5.065777
v 0.123857 0.592922 -4.795777
v 0.123850 0.598489 -3.480454
v 0.323324 0.476011 -3.371725
v 0.321446 0.398981 -4.038288
v 0.123854 0.583241 -4.015018
v 0.326281 0.489483 -3.381577
v 1.108721 0.365689 -5.236789
v 0.892991 0.368062 -4.883212
v 1.109617 0.367761 -5.067212
v 1.608318 0.166783 -3.819556
v 1.840795 -0.015474 -3.584987
v 2.048562 -0.058864 -3.950379
v 1.797937 0.121380 -4.173857
v 1.259950 0.340625 -5.074789
v 1.184686 0.241929 -4.566220
v 1.062728 0.334233 -4.718757
v 0.518226 0.243291 -4.283404
v 0.365126 0.288286 -4.323330
v 0.905544 0.223961 -3.976243
v 0.326853 0.428217 -4.060513
v 1.095583 0.193104 -3.804171
v 1.341282 0.230884 -4.337815
v 1.415668 0.132168 -4.189940
v 1.170507 0.128609 -3.720819
v 1.701822 0.094331 -4.421953
v 1.721678 0.079241 -4.771059
v 1.634204 0.075869 -4.558026
v 1.608650 0.103314 -4.695063
v 0.984517 0.354733 -5.327620
v 0.850798 0.376059 -5.286669
v 1.230520 0.227231 -3.223704
v 0.251847 0.556773 -5.278757
v 0.123859 0.592628 -5.381242
v 0.556968 0.441884 -5.406994
v 0.646072 0.405285 -5.218830
v 0.377865 0.446255 -5.133651
v 0.362869 0.440108 -4.804778
v 2.112927 -0.072835 -4.266311
v 1.881526 0.013668 -4.553926
v 0.888222 0.337226 -2.994725
v 1.009336 0.355656 -2.841773
v 1.141191 0.221705 -2.599126
v 0.701792 0.338942 -4.938234
v 2.112927 -0.072835 -4.266311
v 2.052069 -0.097059 -4.524846
v 0.240774 0.302431 -4.352013
v 0.123855 0.351357 -4.381809
v 1.840795 -0.015474 -3.584987
v 1.420874 0.050223 -3.041955
v 1.318234 0.037052 -3.370227
v 1.637103 0.021577 -3.885880
v 1.523007 0.117670 -4.023237
v 1.759894 0.045249 -4.631424
v 1.242319 0.113326 -3.537954
v 0.873560 0.122160 -2.985710
v 2.052069 -0.097059 -4.524846
v 2.048562 -0.058864 -3.950379
v 1.420874 0.050223 -3.041955
v 1.794874 0.015322 -4.785764
v 1.794874 0.015322 -4.785764
v 1.759894 0.045249 -4.631424
v 1.721678 0.079241 -4.771059
v 1.448060 0.295249 -4.978850
v 1.419278 0.256862 -4.689679
v 0.984517 0.354733 -5.327620
v 1.108721 0.365689 -5.236789
v 1.109617 0.367761 -5.067212
v 1.448060 0.295249 -4.978850
v 1.387800 0.307550 -5.091311
v 1.259950 0.340625 -5.074789
v 1.387800 0.307550 -5.091311
v 0.749354 0.354446 -5.199928
v 0.646072 0.405285 -5.218830
v 0.556968 0.441884 -5.406994
v 0.460135 0.463144 -5.349871
v 0.322082 0.478859 -5.065777
v 0.251847 0.556773 -5.278757
v 0.258344 0.422910 -4.841212
v 0.123857 0.475121 -4.871294
v 0.123859 0.592628 -5.381242
v 1.068998 0.325740 -3.643231
v 9.675895 0.708285 0.616991
v 0.648666 0.420557 2.216961
v 0.615222 0.150524 2.218930
v 0.279254 0.902088 2.234815
v 0.434363 0.853581 2.209825
v 0.353949 -0.027096 2.239016
v 0.123868 -0.079276 2.270683
v 0.569016 0.769966 2.185965
v 0.442695 0.822998 2.486952
v 0.283357 0.870600 2.513054
v 0.512463 0.747206 2.453282
v 0.590957 0.452260 2.497052
v 0.578127 0.212049 2.479121
v 0.356997 0.001061 2.460493
v 0.123868 -0.049528 2.462886
v 0.638998 -2.871383 -0.000791
v 0.632057 -2.758423 -0.008876
v 0.455127 -2.862832 0.029233
v 0.492435 -2.922302 0.027268
v 1.007394 -2.811040 0.124532
v 1.037125 -2.832985 0.353048
v 1.040654 -2.726831 0.348326
v 1.002058 -2.718635 0.111304
v 1.154479 -2.931712 -1.018252
v 1.150464 -2.837889 -1.048789
v 1.171973 -2.898318 -1.112454
v 1.167733 -2.966452 -1.057402
v 1.578535 -2.804246 -0.085099
v 1.604224 -2.824965 -0.186085
v 1.707074 -2.813386 -0.120309
v 1.688493 -2.813682 -0.033681
v 0.622980 -2.867023 -0.077310
v 0.474568 -2.899049 -0.046416
v 0.454129 -2.884657 -0.116622
v 0.601084 -2.864398 -0.166910
v 1.001198 -2.582191 -0.228266
v 0.971074 -2.605670 -0.213255
v 0.928564 -2.234014 -0.249582
v 1.080370 -2.296233 -0.419318
v 1.066902 -2.554708 -0.330388
v 1.139353 -2.825492 0.133344
v 1.160700 -2.831078 0.344704
v 1.037125 -2.832985 0.353048
v 1.007394 -2.811040 0.124532
v 1.140581 -2.837861 -0.213210
v 1.304106 -2.835710 -0.383376
v 1.286736 -2.808048 -0.202344
v 1.230909 -2.853416 -0.885816
v 1.211613 -2.778418 -0.884036
v 1.222940 -2.767118 -0.783382
v 1.266278 -2.897229 -0.798435
v 1.604224 -2.824965 -0.186085
v 1.443265 -2.801666 -0.297729
v 1.445189 -2.665704 -0.210816
v 1.597695 -2.693510 -0.115512
v 1.668749 -2.675223 0.020139
v 1.586464 -2.645458 -0.028804
v 1.567283 -2.720706 0.016401
v 1.668469 -2.765010 0.043973
v 1.690323 -2.695312 -0.055011
v 1.817581 -2.707760 -0.001257
v 1.798481 -2.795423 -0.049754
v 1.707074 -2.813386 -0.120309
v 1.194693 -2.927797 -1.012630
v 1.203962 -2.963510 -1.053000
v 1.236185 -2.960845 -1.049178
v 1.232512 -2.924015 -1.007482
v 1.798481 -2.795423 -0.049754
v 1.787592 -2.805843 0.008988
v 1.078994 -2.571445 -0.042151
v 1.077851 -2.155048 -0.095609
v 0.957112 -2.203514 -0.105984
v 0.393898 -2.969512 -0.058524
v 0.401659 -2.993131 -0.007167
v 0.355949 -3.083064 0.023606
v 0.823792 -2.725987 -0.248154
v 0.824049 -2.850146 -0.307009
v 0.677688 -2.863876 -0.202052
v 0.667727 -2.757986 -0.175317
v 1.064207 -2.761307 -0.802321
v 1.066183 -2.917370 -0.827688
v 1.041878 -2.918077 -0.674547
v 1.039424 -2.775162 -0.648253
v 0.824049 -2.850146 -0.307009
v 1.014404 -2.874681 -0.387350
v 0.996947 -2.844436 -0.218593
v 0.841867 -2.825227 -0.175140
v 1.170599 -2.820913 0.488610
v 1.045595 -2.836849 0.496751
v 1.188778 -2.804879 -1.070762
v 1.226306 -2.847305 -1.036156
v 1.233223 -2.903317 -1.103964
v 1.209896 -2.909676 -1.143611
v 1.244864 -2.900584 -0.643622
v 1.145995 -2.910213 -0.657310
v 1.170465 -2.907404 -0.811338
v 1.266278 -2.897229 -0.798435
v 1.232512 -2.924015 -1.007482
v 1.208155 -2.711881 0.528736
v 1.180794 -2.780867 0.626243
v 1.209703 -2.802109 0.597061
v 1.243989 -2.801082 0.499893
v 1.152140 -2.574834 -0.312270
v 1.340081 -2.714870 -0.291766
v 1.231359 -2.745396 -0.463969
v 1.197802 -2.146904 -0.212015
v 1.188629 -2.583103 -0.187884
v 1.152140 -2.574834 -0.312270
v 1.249326 -2.801792 0.350663
v 1.216197 -2.692108 0.352902
v 1.908381 -2.867292 0.064581
v 1.922266 -2.853513 0.028144
v 2.035377 -2.936105 0.120716
v 0.677688 -2.863876 -0.202052
v 0.699806 -2.856025 -0.112106
v 1.103903 -2.632787 0.371732
v 1.089207 -2.651648 0.146285
v 1.117472 -2.864982 -0.902637
v 1.112036 -2.773323 -0.895229
v 0.937495 -2.737329 -0.327399
v 1.021862 -2.654227 -0.371651
v 1.055562 -2.749316 -0.475104
v 1.014404 -2.874681 -0.387350
v 0.393898 -2.969512 -0.058524
v 0.343987 -2.966749 -0.027819
v 0.432039 -2.839251 -0.088004
v 0.454129 -2.884657 -0.116622
v 0.722135 -2.850333 -0.012937
v 0.703796 -2.725787 -0.013942
v 1.198734 -3.018110 -1.122561
v 1.230740 -3.111547 -1.092352
v 1.188141 -3.024599 -1.086504
v 1.078994 -2.571445 -0.042151
v 0.997155 -2.579956 -0.142501
v 0.961092 -2.656148 -0.034935
v 1.923974 -2.853073 0.097536
v 2.035377 -2.936105 0.120716
v 1.953959 -2.809627 0.105191
v 1.232310 -3.022606 -1.084086
v 1.215400 -3.023374 -1.084986
v 1.230740 -3.111547 -1.092352
v 1.890078 -2.770878 0.036502
v 1.863554 -2.820713 -0.006757
v 1.401304 -2.600904 -0.093831
v 1.386827 -2.676592 -0.055552
v 1.239463 -2.809333 0.134729
v 1.197145 -2.688986 0.133756
v 1.814962 -2.688669 0.069138
v 1.797476 -2.762153 0.085994
v 1.101665 -2.828774 0.598771
v 1.161219 -2.821047 0.590212
v 0.370550 -2.981579 0.042956
v 0.406293 -3.017985 0.035958
v 0.957112 -2.203514 -0.105984
v 0.997155 -2.579956 -0.142501
v 0.601084 -2.864398 -0.166910
v 0.566718 -2.784750 -0.135375
v 1.184008 -3.017926 0.754615
v 1.124784 -2.896381 0.691199
v 1.164287 -2.894513 0.688982
v 1.228483 -3.021849 -1.149664
v 1.231112 -3.016922 -1.120366
v 1.922266 -2.853513 0.028144
v 1.936642 -2.814947 0.062303
v 2.035377 -2.936105 0.120716
v 1.207950 -2.627258 0.001473
v 1.269279 -2.683779 -0.109355
v 1.188629 -2.583103 -0.187884
v 1.126905 -2.546842 -0.135748
v 0.355949 -3.083064 0.023606
v 0.337506 -2.962208 0.027112
v 0.843966 -2.795148 -0.040590
v 0.850573 -2.690303 -0.059810
v 1.407159 -2.781919 -0.153185
v 1.443265 -2.801666 -0.297729
v 1.181421 -2.858599 -0.892554
v 1.230909 -2.853416 -0.885816
v 1.244864 -2.900584 -0.643622
v 1.199389 -2.780111 -0.629144
v 1.175846 -2.863029 0.705075
v 1.184008 -3.017926 0.754615
v 1.198449 -2.871112 0.691487
v 1.112821 -2.682731 0.549856
v 1.053079 -2.757231 0.525270
v 1.113260 -2.805655 0.624417
v 1.141050 -2.772733 0.651853
v 1.155514 -2.860633 0.718058
v 1.138311 -2.877883 0.703073
v 1.126905 -2.546842 -0.135748
v 1.078994 -2.571445 -0.042151
v 1.273540 -2.789531 -0.031645
v 1.207950 -2.627258 0.001473
v 0.993387 -2.800891 -0.061454
v 1.135211 -2.808803 -0.054841
v 1.273540 -2.789531 -0.031645
v 1.239463 -2.809333 0.134729
v 1.249326 -2.801792 0.350663
v 1.243989 -2.801082 0.499893
v 1.209703 -2.802109 0.597061
v 1.198449 -2.871112 0.691487
v 1.197802 -2.146904 -0.212015
v 0.943586 -2.690140 -0.103992
v 0.993387 -2.800891 -0.061454
v 1.045595 -2.836849 0.496751
v 1.101665 -2.828774 0.598771
v 1.124784 -2.896381 0.691199
v 0.997155 -2.579956 -0.142501
v 0.971074 -2.605670 -0.213255
v 0.858561 -2.630811 -0.142406
v 0.674919 -2.685734 -0.067688
v 0.597124 -2.734853 -0.054907
v 0.423117 -2.822821 -0.016203
v 0.943586 -2.690140 -0.103992
v 0.993387 -2.800891 -0.061454
v 0.971074 -2.605670 -0.213255
v 0.937495 -2.737329 -0.327399
v 1.014404 -2.874681 -0.387350
v 1.001198 -2.582191 -0.228266
v 1.066902 -2.554708 -0.330388
v 1.069746 -2.612308 -0.495007
v 1.130006 -2.656248 -0.782699
v 1.105032 -2.661528 -0.623584
v 1.159679 -2.707724 -0.914418
v 0.971074 -2.605670 -0.213255
v 1.177896 -2.219760 -0.339520
v 1.236185 -2.960845 -1.049178
v 1.232310 -3.022606 -1.084086
v 1.167020 -2.857507 -0.393362
v 1.304106 -2.835710 -0.383376
v 1.188629 -2.583103 -0.187884
v 1.401304 -2.600904 -0.093831
v 1.586464 -2.645458 -0.028804
v 1.668749 -2.675223 0.020139
v 1.814962 -2.688669 0.069138
v 1.893896 -2.747465 0.087174
v 1.858380 -2.794794 0.092134
v 1.893896 -2.747465 0.087174
v 1.953959 -2.809627 0.105191
v 1.188629 -2.583103 -0.187884
v 1.269279 -2.683779 -0.109355
v 1.443265 -2.801666 -0.297729
v 1.304106 -2.835710 -0.383376
v 1.340081 -2.714870 -0.291766
v 1.340081 -2.714870 -0.291766
v 1.188629 -2.583103 -0.187884
v 1.863554 -2.820713 -0.006757
v 1.849909 -2.823440 0.041242
v 1.273540 -2.789531 -0.031645
v 1.273540 -2.789531 -0.031645
v 1.366205 -2.769485 -0.010550
v 1.567283 -2.720706 0.016401
v 1.557741 -2.794581 0.032965
v 1.678302 -2.825814 0.049771
v 1.772278 -2.812019 0.074579
v 1.841143 -2.834978 0.089563
v 1.890341 -2.878638 0.094863
v 1.890341 -2.878638 0.094863
v 1.841143 -2.834978 0.089563
v 1.772278 -2.812019 0.074579
v 1.678302 -2.825814 0.049771
v 1.557741 -2.794581 0.032965
v 1.366205 -2.769485 -0.010550
v 1.273540 -2.789531 -0.031645
v 1.041878 -2.918077 -0.674547
v 1.066183 -2.917370 -0.827688
v 1.117472 -2.864982 -0.902637
v 1.154479 -2.931712 -1.018252
v 1.167733 -2.966452 -1.057402
v 1.188141 -3.024599 -1.086504
v 0.843966 -2.795148 -0.040590
v 0.722135 -2.850333 -0.012937
v 0.638998 -2.871383 -0.000791
v 0.492435 -2.922302 0.027268
v 0.406293 -3.017985 0.035958
v 0.123871 0.920465 2.261247
v 0.123871 0.888072 2.540605
v 0.123869 0.948050 1.955485
v 6.285367 0.140622 -0.963599
v 0.123869 0.948050 1.955485
v -8.583962 0.496090 0.539361
v -9.334865 0.677425 0.583501
v -9.337090 0.669113 0.472971
v -8.554368 0.482488 0.393653
v -9.313008 0.695585 0.699897
v -9.428178 0.708286 0.616963
v -9.337090 0.669113 0.472971
v -9.298869 0.679234 0.599085
v -8.580575 0.562428 0.546864
v -8.554368 0.482488 0.393653
v -9.038949 0.995544 1.308801
v -9.089589 1.031710 1.422422
v -8.436742 0.801613 1.385098
v -8.414397 0.785230 1.230052
v -7.242398 0.625751 1.340783
v -7.266076 0.531776 1.183485
v -6.834767 0.464329 1.241025
v -6.817422 0.518376 1.330949
v -2.026508 0.154009 -1.179168
v -2.391883 0.118373 -1.137931
v -2.248847 0.130033 -0.397861
v -4.157575 0.052202 0.368242
v -3.877281 0.073809 1.191316
v -4.536852 0.201684 1.196272
v -4.695063 0.057530 0.455326
v -4.635878 0.170049 0.163147
v -5.303505 0.250579 0.375265
v -5.111603 0.388670 0.859708
v -4.338377 0.341452 0.589185
v -2.016765 -0.109974 1.076064
v -1.364927 -0.065299 0.969731
v -1.571009 -0.085319 1.528618
v -2.108152 -0.066408 1.559236
v -8.119132 0.468900 0.159242
v -8.279994 0.479005 0.329035
v -7.772355 0.412642 0.440740
v -7.643716 0.389849 0.291395
v -8.639632 0.584939 0.768785
v -7.849267 0.454756 0.750286
v -7.881785 0.489560 0.875328
v -8.699868 0.608818 0.897373
v -2.045139 0.020273 1.933972
v -2.082317 -0.034133 1.751126
v -1.608818 -0.106922 1.802956
v -1.601949 -0.071963 2.004685
v -4.764333 0.121508 -0.582266
v -5.260124 0.157851 -0.379093
v -3.566058 0.189408 0.431892
v -3.635307 0.110077 -0.071624
v -8.263106 0.974705 1.584002
v -8.661956 1.170999 1.585304
v -8.739442 1.221497 1.682379
v -8.774964 0.537470 0.237436
v -1.086107 0.002163 -0.095396
v -1.936415 -0.099128 0.403981
v -2.112359 -0.049083 -0.353660
v -1.034033 0.053586 -0.512520
v -1.589771 -0.014435 -0.562613
v -1.421792 -0.012115 -0.638883
v -1.005072 0.082769 -0.807322
v -8.436742 0.801613 1.385098
v -9.089589 1.031710 1.422422
v -9.064540 0.993034 1.334898
v -8.414971 0.747700 1.223722
v -5.034932 0.198490 1.135480
v -4.778452 0.284382 1.533277
v -5.366252 0.347152 1.556424
v -5.557419 0.230582 1.250987
v -6.046653 0.254377 1.066456
v -6.234735 0.341586 1.354552
v -6.004651 0.382068 0.985762
v -6.673196 0.585845 1.439506
v -6.327392 0.528591 1.709594
v -5.559675 0.503030 1.610265
v -8.006486 0.388719 -0.094310
v -7.902875 0.364744 0.009439
v -7.656823 0.346491 -0.117579
v -6.709222 0.225248 -0.020428
v -6.501637 0.164999 -0.204695
v -6.094459 0.158368 0.081957
v -2.598150 0.124432 -1.764518
v -2.356974 0.052163 -1.279710
v -2.891174 0.037931 -1.162873
v -2.843305 0.108802 -1.875305
v -1.661035 0.024765 -1.366595
v -1.829241 0.059075 -1.899922
v -1.718825 0.020718 -1.992070
v -0.735117 0.347025 -2.260886
v -0.824993 0.204833 -1.705915
v -0.867529 0.270510 -1.817969
v -0.814014 0.386345 -2.389347
v -5.331370 0.632499 1.974590
v -5.213658 0.435452 1.803371
v -4.984266 0.493671 1.982083
v -1.217243 -0.078480 0.441820
v -1.851073 0.075491 -1.736360
v -1.756150 0.018130 -1.353314
v -1.063139 0.273168 -2.260844
v -1.149091 0.108229 -2.068778
v -0.935381 0.401102 -1.538309
v -0.924570 0.372808 -0.890676
v -0.814371 0.491459 -1.665645
v -7.393888 0.266175 -0.256454
v -7.284823 0.341874 0.005774
v -7.042012 0.241956 -0.155746
v -5.159266 0.083085 -1.326483
v -4.901950 0.069197 -1.471653
v -4.873311 0.039899 -0.638919
v -3.289671 0.444900 1.076816
v -4.026418 0.470106 1.163833
v -3.723989 0.490225 1.753575
v -3.181874 0.536129 1.551424
v -7.340968 0.345718 0.655282
v -6.742856 0.266771 0.795520
v -6.815173 0.325087 0.907409
v -7.367740 0.405854 0.784738
v -8.591954 0.550648 0.700840
v -7.858550 0.416708 0.571838
v -7.841775 0.493256 0.721704
v -4.408607 0.285343 1.538018
v -4.244517 0.341942 1.799904
v -4.648689 0.368389 1.772283
v -4.814707 0.463305 1.374825
v -0.913999 0.322380 -1.750713
v -0.925773 0.318460 -1.727459
v -0.945612 0.311948 -2.059859
v -0.920121 0.358106 -2.264910
v -7.237176 0.373619 0.413013
v -7.012689 0.316832 0.217196
v -7.446286 0.317533 0.162508
v -4.533366 0.443565 1.915550
v -6.583596 0.240042 0.546691
v -7.168336 0.297524 0.384652
v -7.076858 0.263782 0.274469
v -6.504472 0.211287 0.450925
v -5.312304 0.068549 0.479474
v -8.949986 0.532992 0.163855
v -8.996629 0.516846 0.066711
v -6.918382 0.242451 0.150584
v -6.394275 0.190456 0.343999
v -1.590253 0.164999 2.027629
v -2.028357 0.210820 1.961030
v -2.045139 0.020273 1.933972
v -1.601949 -0.071963 2.004685
v -7.830216 0.502689 0.564415
v -7.008895 0.202110 -0.596056
v -7.258605 0.230605 -0.624550
v -7.152978 0.268486 -0.467605
v -3.193820 0.016208 0.431694
v -3.445897 -0.058607 -0.210700
v -2.810242 -0.046627 -0.319902
v -2.727892 -0.087225 0.442914
v -3.641660 0.058550 0.382526
v -3.968259 -0.077426 -0.154558
v -3.485509 0.072832 -1.776381
v -3.334134 0.087342 -1.725006
v -3.800058 0.003945 -0.979440
v -7.738688 0.841529 1.559289
v -8.226644 1.016011 1.780984
v -7.713014 0.867722 1.774693
v -8.639632 0.584939 0.768785
v -8.670497 0.676976 0.866549
v -7.906260 0.575748 0.826882
v -7.841775 0.493256 0.721704
v -6.828326 0.829205 2.211682
v -7.334964 0.831635 2.160435
v -7.155284 0.807204 2.050770
v -6.875752 0.760455 2.014630
v -5.710116 0.190315 -0.107399
v -1.285834 0.256577 -0.743534
v -1.330407 0.140955 -1.211156
v -1.568190 0.055740 -1.161555
v -1.769545 0.125321 -0.530191
v -6.476632 0.121495 -0.785532
v -5.617006 0.072668 -0.284603
v -6.293147 0.160561 -0.326714
v -6.646951 0.146491 -0.752303
v -1.295057 0.014256 -2.061669
v -1.200783 0.067784 -1.484123
v -1.329787 0.059374 -1.491054
v -1.519884 0.025941 -1.879651
v -6.284219 0.429575 1.511756
v -6.327392 0.528591 1.709594
v -6.691159 0.637617 1.721210
v -6.799136 0.592179 1.498658
v -1.561442 0.470173 1.444363
v -1.421762 0.429768 0.782282
v -1.888920 0.365978 0.935906
v -1.955992 0.460775 1.495302
v -4.397423 0.006330 -0.813035
v -4.267809 0.063411 -1.697863
v -4.076826 0.052655 -1.573070
v -1.224171 0.023953 -0.826037
v -2.373623 0.151129 0.202662
v -2.398998 0.362472 1.026116
v -1.813737 0.184706 0.086202
v -8.591954 0.550648 0.700840
v -6.145679 0.595263 1.881944
v -3.340589 0.085693 -0.977848
v -3.769798 0.066991 -0.916881
v -2.940371 0.091565 -0.244819
v -2.786875 0.112223 -1.065349
v -3.094904 0.101403 -0.997050
v -8.010219 0.613306 0.991000
v -8.710448 0.729879 1.019155
v -6.189418 0.289906 0.227061
v -7.537202 0.274498 -0.532337
v -7.448583 0.255349 -0.597426
v -1.442807 0.009365 -0.800657
v -8.391091 0.702481 1.086737
v -9.043895 0.955545 1.240525
v -6.839877 0.433522 1.170114
v -7.293597 0.488538 1.065341
v -1.295057 0.014256 -2.061669
v -1.519884 0.025941 -1.879651
v -1.099238 0.255683 -1.379063
v -1.980973 0.013314 -1.268052
v -2.025084 0.071935 -1.878421
v -9.313008 0.695585 0.699897
v -1.687711 0.085618 -1.144649
v -1.149091 0.108229 -2.068778
v -1.074448 0.109890 -1.562901
v -3.382597 0.036783 1.174585
v -8.949986 0.532992 0.163855
v -8.707416 0.479471 0.097079
v -8.774964 0.537470 0.237436
v -5.230095 0.542951 1.768538
v -5.331370 0.632499 1.974590
v -4.942876 0.601207 2.009664
v -7.742700 0.307487 -0.305257
v -4.648787 0.504670 1.731625
v -7.267961 0.787247 1.962381
v -7.542420 0.898406 2.046739
v -7.013246 0.847368 2.022801
v -5.019551 0.005360 0.051519
v -4.481264 -0.022301 -0.073681
v -2.892912 0.171235 0.280530
v -4.225157 0.525666 1.743399
v -4.505778 0.538095 1.951738
v -4.133855 0.471340 1.875142
v -7.537202 0.274498 -0.532337
v -7.448583 0.255349 -0.597426
v -7.152146 0.216249 -0.475741
v -6.678245 0.272730 0.680182
v -7.307429 0.350325 0.517578
v -7.772355 0.412642 0.440740
v -8.279994 0.479005 0.329035
v -8.191403 0.413328 0.174303
v -7.618203 0.360938 0.279982
v -6.179267 0.711072 2.042856
v -6.173551 0.743618 2.033372
v -6.926295 0.465422 0.932425
v -6.927270 0.567423 1.265556
v -7.267961 0.787247 1.962381
v -6.620826 0.641988 1.778314
v -6.461383 0.679680 1.982370
v -3.771059 0.191169 1.593700
v -2.510826 0.128131 -1.893466
v -2.265176 0.074395 -1.981179
v -4.291550 0.099703 -0.724454
v -4.167891 0.373385 1.869206
v -7.393888 0.266175 -0.256454
v -7.651166 0.315915 -0.124618
v -7.742700 0.307487 -0.305257
v -6.315967 0.724407 1.865411
v -6.828326 0.829205 2.211682
v -6.173551 0.743618 2.033372
v -5.230095 0.542951 1.768538
v -8.827319 0.452986 -0.075669
v -4.008682 0.096571 -0.827969
v -3.705386 0.268982 1.819197
v -3.160318 0.177242 1.852795
v -3.150540 0.313633 1.855970
v -3.705226 0.386433 1.826624
v -9.200215 0.806814 0.956536
v -9.188298 0.848446 1.048634
v -9.346995 0.925669 0.992709
v -7.334964 0.831635 2.160435
v -3.266403 0.125527 1.579997
v -1.627435 0.393451 1.799911
v -1.997500 0.429698 1.809729
v -2.403986 0.501053 1.529557
v -2.877806 0.422043 1.065015
v -2.824636 0.518333 1.555358
v -2.413087 0.454100 1.823064
v -2.806000 0.441027 1.819747
v -2.817091 0.116160 1.861501
v -2.414374 0.081140 1.861089
v -2.417307 0.273841 1.896865
v -2.812106 0.280195 1.865846
v -2.591383 -0.051883 1.102452
v -2.510265 0.031884 1.544436
v -2.922491 0.072935 1.577549
v -3.023657 -0.002109 1.148782
v -2.414374 0.081140 1.861089
v -4.984266 0.493671 1.982083
v -1.295479 0.281718 -0.199373
v -3.160318 0.177242 1.852795
v -3.705386 0.268982 1.819197
v -2.817091 0.116160 1.861501
v -0.977945 0.222652 -1.640143
v -1.063139 0.273168 -2.260844
v -0.945612 0.311948 -2.059859
v -5.749723 0.160687 0.720685
v -3.140363 0.454474 1.809146
v -4.533366 0.443565 1.915550
v -4.167891 0.373385 1.869206
v -6.659036 0.279923 -0.262617
v -6.638057 0.191701 -0.487152
v -7.273734 0.255593 -0.275242
v -6.998065 0.240257 -0.163942
v -6.293147 0.160561 -0.326714
v -6.709222 0.225248 -0.020428
v -6.998065 0.240257 -0.163942
v -6.820195 0.192597 -0.349885
v -7.273734 0.255593 -0.275242
v -6.638057 0.191701 -0.487152
v -7.008895 0.202110 -0.596056
v -7.258605 0.230605 -0.624550
v -7.556001 0.273410 -0.429679
v -7.556001 0.273410 -0.429679
v -3.238144 0.103047 -1.841955
v -3.067757 0.116090 -1.925803
v -8.006486 0.388719 -0.094310
v -7.924146 0.349044 -0.230334
v -7.924146 0.349044 -0.230334
v -7.902875 0.364744 0.009439
v -7.713014 0.867722 1.774693
v -7.743829 0.798275 1.580514
v -7.119838 0.683073 1.529523
v -7.020331 0.713799 1.731366
v -7.020331 0.713799 1.731366
v -7.096374 0.718394 1.514754
v -7.242398 0.625751 1.340783
v -7.803041 0.757369 1.423613
v -6.691159 0.637617 1.721210
v -8.316503 0.915049 1.493711
v -8.226644 1.016011 1.780984
v -8.273753 0.936592 1.607484
v -6.620826 0.641988 1.778314
v -7.542420 0.898406 2.046739
v -8.661956 1.170999 1.585304
v -8.316503 0.915049 1.493711
v -8.739442 1.221497 1.682379
v -7.803041 0.757369 1.423613
v -7.042012 0.241956 -0.155746
v -7.257554 0.285108 0.018201
v -7.446286 0.317533 0.162508
v -7.960763 0.364480 0.029898
v -7.394694 0.449353 0.565054
v -8.546113 0.436632 -0.099593
v -7.960763 0.364480 0.029898
v -8.546113 0.436632 -0.099593
v -8.617875 0.442378 -0.018866
v -8.827319 0.452986 -0.075669
v -6.689401 0.372117 0.670295
v -7.479106 0.478350 0.756379
v -7.734885 0.654912 1.183236
v -7.643418 0.684032 1.338427
v -7.830125 0.562972 1.007604
v -7.540177 0.518604 0.865012
v -8.010219 0.613306 0.991000
v -6.817649 0.312804 0.916788
v -6.828132 0.362271 1.042320
v -7.334291 0.439636 0.935013
v -7.383044 0.383566 0.801411
v -7.830125 0.562972 1.007604
v -5.839757 0.146428 0.667214
v -5.205815 0.067504 -0.481447
v -9.162164 0.782967 0.851612
v -9.263543 0.844643 0.878988
v -8.710448 0.729879 1.019155
v -9.156831 0.827927 0.939903
v -9.188298 0.848446 1.048634
v -9.162164 0.782967 0.851612
v -7.643418 0.684032 1.338427
v -7.742043 0.603673 1.188485
v -8.391091 0.702481 1.086737
v -9.262399 1.171200 1.342642
v -9.262399 1.171200 1.342642
v -9.043895 0.955545 1.240525
v -9.346995 0.925669 0.992709
v -9.263543 0.844643 0.878988
v -8.996629 0.516846 0.066711
v -6.746465 0.153595 -0.613956
v -6.176744 0.119677 -0.775750
v -6.476632 0.121495 -0.785532
v -6.176744 0.119677 -0.775750
v -6.746465 0.153595 -0.613956
v -6.646951 0.146491 -0.752303
v -5.237117 0.091573 -1.212718
v -5.429512 0.115807 -1.214061
v -5.159266 0.083085 -1.326483
v -4.650998 0.060305 -1.448772
v -4.901950 0.069197 -1.471653
v -4.590100 0.057292 -1.602371
v -5.237117 0.091573 -1.212718
v -5.429512 0.115807 -1.214061
v -5.694763 0.092930 -1.047819
v -5.859085 0.112187 -1.063127
v -5.590742 0.110088 -1.156276
v -6.037644 0.140626 -0.963614
v -5.694763 0.092930 -1.047819
v -5.859085 0.112187 -1.063127
v -5.590742 0.110088 -1.156276
v -4.650998 0.060305 -1.448772
v -4.436396 0.058269 -1.703730
v -4.076826 0.052655 -1.573070
v -4.267809 0.063411 -1.697863
v -4.590100 0.057292 -1.602371
v -4.436396 0.058269 -1.703730
v -3.660474 0.069616 -1.805722
v -3.815134 0.093106 -1.741948
v -3.485509 0.072832 -1.776381
v -3.238144 0.103047 -1.841955
v -3.334134 0.087342 -1.725006
v -3.067757 0.116090 -1.925803
v -2.843305 0.108802 -1.875305
v -2.598150 0.124432 -1.764518
v -2.510826 0.128131 -1.893466
v -2.265176 0.074395 -1.981179
v -2.025084 0.071935 -1.878421
v -1.829241 0.059075 -1.899922
v -1.851073 0.075491 -1.736360
v -1.718825 0.020718 -1.992070
v -3.815134 0.093106 -1.741948
v -3.660474 0.069616 -1.805722
v -0.629663 -0.213316 -1.173615
v -0.802401 0.001605 -1.148415
v -0.576920 -0.191215 -1.323772
v -0.835371 -0.186627 0.290380
v -0.999339 0.013812 0.484653
v -1.009802 -0.046921 0.015979
v -0.927998 -0.197412 -0.080009
v -0.116007 -0.736110 -1.267470
v -0.126135 -0.603923 -1.350449
v -0.768075 -0.381066 -0.602305
v -0.835432 -0.669007 -0.624253
v -0.897726 -0.706518 -0.097797
v -0.849562 -0.383046 -0.045391
v -0.149029 -0.050222 -2.608491
v -0.418748 -0.064157 -2.341340
v -0.468676 0.097611 -3.018434
v -0.357088 0.166720 -3.229994
v -0.833792 -0.218118 -0.574260
v -0.930065 -0.074294 -0.511973
v -0.960460 0.586174 0.392689
v -0.878471 0.455052 -0.431973
v -1.073729 -0.119036 1.790902
v -1.096217 -0.051697 2.008061
v -0.972616 -1.678939 -0.460116
v -0.936483 -1.225405 -0.164495
v -0.905131 -1.131212 -0.666279
v -1.038945 0.401091 1.833893
v -1.017181 0.595333 1.691341
v -0.289195 -1.399724 -0.574702
v -0.448203 -1.619459 -0.637721
v -0.446810 -1.592615 -0.824990
v -0.278860 -1.325059 -0.822341
v -0.959061 -1.659174 -0.139647
v -0.950089 -2.146905 -0.212014
v -0.550226 0.722276 1.266933
v -0.593454 0.637436 1.616541
v -0.148249 0.884731 1.372746
v -0.176970 0.928089 1.030772
v -0.281108 0.660359 -1.397784
v -0.290038 0.629755 -1.943666
v -0.315172 0.550297 -1.909212
v -0.243255 0.658816 -1.951911
v -0.157461 -0.433107 1.626688
v -0.206266 -0.660630 1.151361
v 0.027540 0.672121 -2.000150
v -0.745061 0.066810 -1.726485
v -0.861143 0.100007 -1.371976
v -0.680884 0.095822 -2.110438
v -0.371374 0.740421 1.925811
v -0.485890 0.752685 1.658768
v -0.583735 0.378592 1.726197
v -0.442534 0.385395 1.938420
v -0.780317 -0.872545 0.060291
v -0.576117 -1.206357 0.112859
v -0.714637 -1.399203 -0.010846
v -0.441743 -0.409392 -1.167583
v -0.470797 -0.776338 -1.194880
v -0.069911 -1.106919 -0.797260
v -0.075077 -0.927531 -1.105392
v -0.553843 0.512597 -2.355757
v -0.735117 0.347025 -2.260886
v -0.566683 0.548274 -1.806824
v -0.045643 0.161181 -3.434188
v -0.559390 -0.154248 -1.808679
v -0.745061 0.066810 -1.726485
v -0.680884 0.095822 -2.110438
v -0.556640 -0.007714 -2.215549
v -0.602051 0.543125 -1.163185
v -0.566683 0.548274 -1.806824
v -0.130692 -0.493783 -1.605323
v -0.122643 -0.353271 -1.986904
v -0.589973 0.177861 -2.594065
v -0.556640 -0.007714 -2.215549
v -0.680884 0.095822 -2.110438
v -0.534821 -1.886781 -0.165312
v -0.576908 -1.756580 -0.021224
v -0.709399 -2.203516 -0.105983
v -0.680850 -2.234015 -0.249579
v -0.830138 -2.155051 -0.095608
v -0.777357 -1.684690 0.006385
v -0.803754 -2.066211 -0.664721
v -0.827533 -2.145303 -0.848851
v -0.692527 -1.728144 -0.960692
v -0.709399 -2.203516 -0.105983
v -0.576908 -1.756580 -0.021224
v -0.238057 -0.780031 0.766848
v -0.268600 -0.943346 0.385575
v -0.534592 0.160805 -2.767544
v -0.126135 -0.603923 -1.350449
v -0.500335 0.745227 0.839458
v -0.560791 0.683024 0.068205
v -1.010120 0.686680 1.144139
v -0.677991 -0.700469 0.196354
v -0.404757 -1.072567 0.229695
v -0.591792 -0.587557 0.374713
v -0.344749 -0.311146 1.621961
v -0.560318 -0.022075 1.633556
v -0.706523 -0.103727 1.180375
v -0.484999 -0.487051 1.152283
v -0.010677 0.919420 1.943344
v -0.146605 0.818333 1.655906
v -0.144953 0.860815 1.932622
v -1.081007 0.128728 1.967087
v -0.255687 0.668137 -0.911265
v -0.560791 0.683024 0.068205
v -0.500335 0.745227 0.839458
v -0.210787 0.936440 0.585786
v -0.221791 0.811630 -0.159974
v -0.603516 0.573857 -0.623264
v -0.553122 -1.157487 -1.070613
v -0.692527 -1.728144 -0.960692
v -0.602051 0.543125 -1.163185
v -0.603516 0.573857 -0.623264
v -0.771655 -0.188575 0.861688
v -0.932318 0.067058 1.042344
v -0.239584 0.200949 -3.305037
v -0.149029 -0.050222 -2.608491
v -1.096217 -0.051697 2.008061
v -0.814014 0.386345 -2.389347
v -0.920121 0.358106 -2.264910
v -0.732293 0.252603 1.696479
v -0.830893 0.066632 1.403135
v -0.484734 0.029645 1.799241
v -0.404071 0.085526 1.960116
v -0.233654 -0.171049 1.832922
v -0.108169 -0.104632 2.020901
v -0.118909 -0.229242 1.858066
v -0.157461 -0.433107 1.626688
v -0.543636 -0.532046 0.748712
v 0.123850 0.993037 0.553463
v 0.123856 0.972106 1.024311
v 0.123860 0.923370 1.371583
v -0.346751 0.564243 -2.426182
v -0.522081 0.435226 -3.199327
v -0.591086 0.363577 -3.083357
v -0.385111 0.449318 -2.447563
v -0.281785 0.623566 -2.447649
v -0.372152 0.535412 -3.237953
v -0.063672 0.626894 -2.472857
v -0.139464 0.522555 -3.355659
v -1.000088 0.677404 1.490433
v -0.344749 -0.311146 1.621961
v -0.523401 -1.586389 -0.047029
v -0.381996 -1.385207 0.075604
v -0.802401 0.001605 -1.148415
v -0.884789 0.078330 -0.918536
v -0.930065 -0.074294 -0.511973
v -0.974429 -0.020898 -0.272573
v -1.009802 -0.046921 0.015979
v -1.070883 -0.177805 0.431003
v -0.999339 0.013812 0.484653
v -1.151978 -0.089161 0.840709
v -1.213358 -0.147085 1.482278
v -0.932318 0.067058 1.042344
v -0.470797 -0.776338 -1.194880
v -0.441743 -0.409392 -1.167583
v -0.339204 -0.733667 -1.245946
v -0.443378 -1.348914 -1.077346
v -0.553122 -1.157487 -1.070613
v -0.279761 -1.057414 -1.170585
v -0.408690 -0.313922 -1.443036
v -0.411188 -0.250376 -1.875747
v -0.418748 -0.064157 -2.341340
v -0.479300 -1.643304 -0.209147
v -0.477235 -1.676894 -0.403258
v -0.303182 -1.464267 -0.410976
v -0.326673 -1.481933 -0.153934
v -0.219300 -1.183414 0.164296
v -0.172453 -1.324364 -0.072471
v -0.063428 -1.204760 -0.464381
v -0.589973 0.177861 -2.594065
v -0.579340 -2.025975 -0.408926
v -0.678633 -2.086551 -0.541490
v -0.803754 -2.066211 -0.664721
v -0.832655 -2.296233 -0.419318
v -0.909805 -1.701719 -0.701461
v -0.550226 0.722276 1.266933
v -0.593454 0.637436 1.616541
v -0.732293 0.252603 1.696479
v -0.830893 0.066632 1.403135
v -0.732293 0.252603 1.696479
v -0.735117 0.347025 -2.260886
v -0.692527 -1.728144 -0.960692
v -0.714604 -1.790311 -1.125008
v -0.553122 -1.157487 -1.070613
v -0.692527 -1.728144 -0.960692
v -0.580831 -1.870250 -0.774417
v -0.803754 -2.066211 -0.664721
v -0.572370 -1.945706 -0.602408
v -0.523401 -1.586389 -0.047029
v -0.381996 -1.385207 0.075604
v -0.219300 -1.183414 0.164296
v -0.930183 -2.219760 -0.339519
v -0.560318 -0.022075 1.633556
v -0.732293 0.252603 1.696479
v -0.832655 -2.296233 -0.419318
v -0.735117 0.347025 -2.260886
v -0.893492 0.221703 -2.599127
v -0.748525 0.101870 -2.879075
v -0.204340 0.476871 -4.041705
v -0.305881 0.487036 -4.917923
v -0.484571 0.379113 -4.587672
v -0.380018 0.428745 -3.980862
v -0.585070 0.443396 -3.896581
v -0.726938 0.377227 -4.415338
v -0.926451 0.344067 -4.224358
v -0.740187 0.394390 -3.731359
v -0.012734 0.480993 -5.062073
v 0.023665 0.507410 -5.208567
v -1.526960 -0.010221 -4.183109
v -1.633809 0.013668 -4.553931
v -1.454107 0.094332 -4.421957
v -0.359991 0.229471 -4.237098
v -0.497418 0.221328 -4.119036
v -0.630350 0.288049 -4.815798
v -0.454073 0.338942 -4.938235
v -0.603078 0.376059 -5.286670
v -0.501633 0.354446 -5.199930
v -0.676720 0.325539 -5.168774
v -1.009153 0.345120 -4.668965
v -0.815012 0.334233 -4.718760
v -1.275579 0.170442 -4.009381
v -0.899201 0.233897 -3.383909
v -0.893900 0.307173 -3.492589
v -1.207842 0.190789 -4.098273
v -0.295298 0.371064 -4.940724
v -0.286690 0.420411 -5.106083
v -0.130146 0.446255 -5.133651
v -0.089007 0.391004 -4.825587
v -1.401755 0.122441 -4.544820
v -1.093567 0.230884 -4.337817
v -1.360931 0.103315 -4.695067
v -1.171559 0.256865 -4.689683
v -0.212416 0.463144 -5.349872
v -0.089007 0.391004 -4.825587
v -0.074365 0.478859 -5.065777
v -0.073740 0.398980 -4.038288
v -0.075627 0.476009 -3.371726
v -0.078581 0.489483 -3.381577
v -0.861001 0.365689 -5.236792
v -0.861896 0.367761 -5.067214
v -0.645273 0.368062 -4.883214
v -1.360606 0.166783 -3.819561
v -1.550222 0.121379 -4.173862
v -1.800849 -0.058864 -3.950385
v -1.593084 -0.015476 -3.584992
v -1.012229 0.340625 -5.074791
v -0.815012 0.334233 -4.718760
v -0.936969 0.241929 -4.566221
v -0.117418 0.288286 -4.323330
v -0.270517 0.243289 -4.283406
v -0.657836 0.223959 -3.976244
v -0.079146 0.428216 -4.060513
v -0.847874 0.193103 -3.804172
v -0.922803 0.128607 -3.720822
v -1.167953 0.132168 -4.189944
v -1.093567 0.230884 -4.337817
v -1.454107 0.094332 -4.421957
v -1.473958 0.079241 -4.771063
v -1.360931 0.103315 -4.695067
v -1.386487 0.075869 -4.558031
v -0.603078 0.376059 -5.286670
v -0.736795 0.354733 -5.327622
v -0.982814 0.227230 -3.223707
v -0.004128 0.556773 -5.278757
v -0.398352 0.405284 -5.218831
v -0.309247 0.441884 -5.406996
v -0.130146 0.446255 -5.133651
v -0.115154 0.440109 -4.804778
v -1.865211 -0.072835 -4.266317
v -1.633809 0.013668 -4.553931
v -0.640521 0.337225 -2.994728
v -0.761635 0.355653 -2.841775
v -0.893492 0.221703 -2.599127
v -0.454073 0.338942 -4.938235
v -1.865211 -0.072835 -4.266317
v -1.804352 -0.097059 -4.524851
v 0.006936 0.302431 -4.352013
v -1.593084 -0.015476 -3.584992
v -1.389392 0.021575 -3.885884
v -1.070532 0.037049 -3.370230
v -1.173173 0.050220 -3.041958
v -1.275294 0.117670 -4.023242
v -1.512177 0.045249 -4.631429
v -0.994611 0.113324 -3.537957
v -0.625866 0.122159 -2.985711
v -1.804352 -0.097059 -4.524851
v -1.800849 -0.058864 -3.950385
v -1.173173 0.050220 -3.041958
v -1.547157 0.015322 -4.785769
v -1.547157 0.015322 -4.785769
v -1.512177 0.045249 -4.631429
v -1.473958 0.079241 -4.771063
v -1.200340 0.295249 -4.978854
v -1.171559 0.256865 -4.689683
v -0.736795 0.354733 -5.327622
v -0.861001 0.365689 -5.236792
v -0.861896 0.367761 -5.067214
v -1.200340 0.295249 -4.978854
v -1.140080 0.307550 -5.091314
v -1.012229 0.340625 -5.074791
v -1.140080 0.307550 -5.091314
v -0.501633 0.354446 -5.199930
v -0.309247 0.441884 -5.406996
v -0.398352 0.405284 -5.218831
v -0.212416 0.463144 -5.349872
v -0.074365 0.478859 -5.065777
v -0.004128 0.556773 -5.278757
v -0.010628 0.422910 -4.841214
v -0.821290 0.325741 -3.643235
v -9.428178 0.708286 0.616963
v -0.367483 0.150527 2.218932
v -0.400924 0.420561 2.216962
v -0.031511 0.902089 2.234815
v -0.186619 0.853584 2.209826
v -0.106214 -0.027095 2.239017
v -0.321274 0.769970 2.185965
v -0.194953 0.823000 2.486952
v -0.035614 0.870602 2.513057
v -0.264722 0.747209 2.453282
v -0.343215 0.452263 2.497052
v -0.330389 0.212052 2.479121
v -0.109259 0.001062 2.460493
v -0.391273 -2.871386 -0.000792
v -0.244710 -2.922304 0.027270
v -0.207401 -2.862833 0.029234
v -0.384332 -2.758424 -0.008876
v -0.792933 -2.726834 0.348324
v -0.789403 -2.832987 0.353044
v -0.759677 -2.811042 0.124528
v -0.754341 -2.718637 0.111301
v -0.906744 -2.931713 -1.018260
v -0.919998 -2.966453 -1.057408
v -0.924239 -2.898320 -1.112461
v -0.902729 -2.837890 -1.048797
v -1.330815 -2.804252 -0.085111
v -1.440773 -2.813687 -0.033689
v -1.459356 -2.813390 -0.120318
v -1.356504 -2.824967 -0.186093
v -0.375256 -2.867025 -0.077311
v -0.353361 -2.864399 -0.166909
v -0.206405 -2.884659 -0.116622
v -0.226843 -2.899051 -0.046417
v -0.753480 -2.582191 -0.228265
v -0.680850 -2.234015 -0.249579
v -0.723356 -2.605672 -0.213256
v -0.819188 -2.554708 -0.330387
v -0.832655 -2.296233 -0.419318
v -0.789403 -2.832987 0.353044
v -0.912979 -2.831079 0.344698
v -0.891632 -2.825495 0.133340
v -0.759677 -2.811042 0.124528
v -0.892862 -2.837861 -0.213215
v -1.039016 -2.808050 -0.202348
v -1.056385 -2.835711 -0.383380
v -0.983175 -2.853417 -0.885822
v -1.018546 -2.897227 -0.798440
v -0.975212 -2.767115 -0.783387
v -0.963879 -2.778419 -0.884043
v -1.356504 -2.824967 -0.186093
v -1.349977 -2.693514 -0.115522
v -1.197469 -2.665706 -0.210826
v -1.195547 -2.801668 -0.297736
v -1.421029 -2.675229 0.020131
v -1.420753 -2.765016 0.043962
v -1.319563 -2.720712 0.016390
v -1.338745 -2.645463 -0.028813
v -1.550760 -2.795430 -0.049761
v -1.569862 -2.707767 -0.001266
v -1.442603 -2.695318 -0.055020
v -1.459356 -2.813390 -0.120318
v -0.988450 -2.960846 -1.049185
v -0.956228 -2.963511 -1.053008
v -0.946958 -2.927799 -1.012636
v -0.984776 -2.924016 -1.007488
v -1.539873 -2.805849 0.008980
v -1.550760 -2.795430 -0.049761
v -0.831274 -2.571447 -0.042153
v -0.709399 -2.203516 -0.105983
v -0.830138 -2.155051 -0.095608
v -0.146173 -2.969514 -0.058523
v -0.108224 -3.083066 0.023607
v -0.153933 -2.993133 -0.007165
v -0.576071 -2.725987 -0.248154
v -0.420005 -2.757987 -0.175317
v -0.429967 -2.863878 -0.202053
v -0.576330 -2.850148 -0.307010
v -0.794149 -2.918076 -0.674551
v -0.818450 -2.917368 -0.827694
v -0.816479 -2.761305 -0.802325
v -0.791698 -2.775161 -0.648259
v -0.749233 -2.844437 -0.218596
v -0.766688 -2.874682 -0.387349
v -0.576330 -2.850148 -0.307010
v -0.594149 -2.825228 -0.175143
v -0.797873 -2.836850 0.496747
v -0.922876 -2.820916 0.488605
v -0.985488 -2.903318 -1.103971
v -0.978571 -2.847306 -1.036162
v -0.941043 -2.804881 -1.070768
v -0.962162 -2.909677 -1.143618
v -0.997140 -2.900582 -0.643626
v -1.018546 -2.897227 -0.798440
v -0.922734 -2.907403 -0.811344
v -0.898270 -2.910211 -0.657314
v -0.984776 -2.924016 -1.007488
v -0.961983 -2.802111 0.597055
v -0.933072 -2.780869 0.626238
v -0.960433 -2.711883 0.528730
v -0.996266 -2.801083 0.499888
v -0.904425 -2.574834 -0.312270
v -0.983639 -2.745395 -0.463973
v -1.092363 -2.714872 -0.291770
v -0.950089 -2.146905 -0.212014
v -0.904425 -2.574834 -0.312270
v -0.940912 -2.583105 -0.187890
v -0.968475 -2.692109 0.352899
v -1.001604 -2.801794 0.350654
v -1.660660 -2.867299 0.064572
v -1.787656 -2.936112 0.120708
v -1.674543 -2.853520 0.028135
v -0.452085 -2.856026 -0.112105
v -0.429967 -2.863878 -0.202053
v -0.841487 -2.651651 0.146281
v -0.856182 -2.632789 0.371724
v -0.869738 -2.864984 -0.902642
v -0.864301 -2.773324 -0.895236
v -0.807842 -2.749316 -0.475107
v -0.774145 -2.654227 -0.371652
v -0.689775 -2.737330 -0.327399
v -0.766688 -2.874682 -0.387349
v -0.146173 -2.969514 -0.058523
v -0.206405 -2.884659 -0.116622
v -0.184313 -2.839252 -0.088005
v -0.096261 -2.966751 -0.027818
v -0.474413 -2.850335 -0.012937
v -0.456077 -2.725788 -0.013942
v -0.951000 -3.018111 -1.122567
v -0.940406 -3.024600 -1.086512
v -0.983005 -3.111549 -1.092360
v -0.831274 -2.571447 -0.042153
v -0.713372 -2.656149 -0.034938
v -0.749434 -2.579956 -0.142502
v -1.676251 -2.853080 0.097528
v -1.706240 -2.809634 0.105183
v -1.787656 -2.936112 0.120708
v -0.984575 -3.022607 -1.084095
v -0.983005 -3.111549 -1.092360
v -0.967666 -3.023375 -1.084993
v -1.615831 -2.820719 -0.006765
v -1.642358 -2.770885 0.036494
v -1.139107 -2.676594 -0.055558
v -1.153585 -2.600905 -0.093841
v -0.991744 -2.809335 0.134726
v -0.949424 -2.688989 0.133749
v -1.567245 -2.688676 0.069128
v -1.549754 -2.762160 0.085986
v -0.853945 -2.828776 0.598769
v -0.913496 -2.821049 0.590207
v -0.158566 -3.017987 0.035959
v -0.122826 -2.981581 0.042957
v -0.709399 -2.203516 -0.105983
v -0.749434 -2.579956 -0.142502
v -0.353361 -2.864399 -0.166909
v -0.318995 -2.784751 -0.135378
v -0.936287 -3.017927 0.754615
v -0.916566 -2.894515 0.688981
v -0.877065 -2.896383 0.691199
v -0.980749 -3.021850 -1.149672
v -0.983377 -3.016922 -1.120373
v -1.674543 -2.853520 0.028135
v -1.787656 -2.936112 0.120708
v -1.688921 -2.814954 0.062295
v -0.960235 -2.627260 0.001472
v -0.879191 -2.546843 -0.135750
v -0.940912 -2.583105 -0.187890
v -1.021563 -2.683781 -0.109359
v -0.108224 -3.083066 0.023607
v -0.089781 -2.962210 0.027113
v -0.596243 -2.795148 -0.040591
v -0.602853 -2.690303 -0.059811
v -1.159441 -2.781921 -0.153193
v -1.195547 -2.801668 -0.297736
v -0.983175 -2.853417 -0.885822
v -0.933687 -2.858601 -0.892561
v -0.997140 -2.900582 -0.643626
v -0.951663 -2.780110 -0.629149
v -0.928125 -2.863029 0.705075
v -0.950729 -2.871113 0.691487
v -0.936287 -3.017927 0.754615
v -0.865539 -2.805656 0.624413
v -0.805357 -2.757232 0.525266
v -0.865100 -2.682732 0.549854
v -0.893332 -2.772735 0.651849
v -0.907793 -2.860634 0.718057
v -0.890590 -2.877884 0.703073
v -0.879191 -2.546843 -0.135750
v -0.831274 -2.571447 -0.042153
v -1.025824 -2.789533 -0.031649
v -0.960235 -2.627260 0.001472
v -0.887493 -2.808805 -0.054844
v -0.745669 -2.800893 -0.061459
v -1.025824 -2.789533 -0.031649
v -0.991744 -2.809335 0.134726
v -1.001604 -2.801794 0.350654
v -0.996266 -2.801083 0.499888
v -0.961983 -2.802111 0.597055
v -0.950729 -2.871113 0.691487
v -0.950089 -2.146905 -0.212014
v -0.745669 -2.800893 -0.061459
v -0.695868 -2.690141 -0.103992
v -0.797873 -2.836850 0.496747
v -0.853945 -2.828776 0.598769
v -0.877065 -2.896383 0.691199
v -0.749434 -2.579956 -0.142502
v -0.723356 -2.605672 -0.213256
v -0.427198 -2.685736 -0.067688
v -0.610842 -2.630812 -0.142406
v -0.349402 -2.734855 -0.054909
v -0.175390 -2.822823 -0.016203
v -0.695868 -2.690141 -0.103992
v -0.745669 -2.800893 -0.061459
v -0.723356 -2.605672 -0.213256
v -0.689775 -2.737330 -0.327399
v -0.766688 -2.874682 -0.387349
v -0.819188 -2.554708 -0.330387
v -0.753480 -2.582191 -0.228265
v -0.822028 -2.612307 -0.495008
v -0.882277 -2.656246 -0.782702
v -0.857305 -2.661527 -0.623588
v -0.911945 -2.707725 -0.914425
v -0.723356 -2.605672 -0.213256
v -0.930183 -2.219760 -0.339519
v -0.988450 -2.960846 -1.049185
v -0.984575 -3.022607 -1.084095
v -0.919301 -2.857506 -0.393366
v -1.056385 -2.835711 -0.383380
v -0.940912 -2.583105 -0.187890
v -1.338745 -2.645463 -0.028813
v -1.153585 -2.600905 -0.093841
v -1.421029 -2.675229 0.020131
v -1.567245 -2.688676 0.069128
v -1.646176 -2.747472 0.087167
v -1.610660 -2.794800 0.092126
v -1.646176 -2.747472 0.087167
v -1.706240 -2.809634 0.105183
v -1.021563 -2.683781 -0.109359
v -0.940912 -2.583105 -0.187890
v -1.195547 -2.801668 -0.297736
v -1.092363 -2.714872 -0.291770
v -1.056385 -2.835711 -0.383380
v -0.940912 -2.583105 -0.187890
v -1.092363 -2.714872 -0.291770
v -1.615831 -2.820719 -0.006765
v -1.602187 -2.823446 0.041234
v -1.025824 -2.789533 -0.031649
v -1.025824 -2.789533 -0.031649
v -1.118484 -2.769487 -0.010558
v -1.319563 -2.720712 0.016390
v -1.310021 -2.794585 0.032956
v -1.430582 -2.825820 0.049761
v -1.524557 -2.812026 0.074571
v -1.593420 -2.834985 0.089555
v -1.642619 -2.878645 0.094855
v -1.642619 -2.878645 0.094855
v -1.593420 -2.834985 0.089555
v -1.524557 -2.812026 0.074571
v -1.430582 -2.825820 0.049761
v -1.310021 -2.794585 0.032956
v -1.118484 -2.769487 -0.010558
v -1.025824 -2.789533 -0.031649
v -0.794149 -2.918076 -0.674551
v -0.818450 -2.917368 -0.827694
v -0.869738 -2.864984 -0.902642
v -0.906744 -2.931713 -1.018260
v -0.919998 -2.966453 -1.057408
v -0.940406 -3.024600 -1.086512
v -0.596243 -2.795148 -0.040591
v -0.474413 -2.850335 -0.012937
v -0.391273 -2.871386 -0.000792
v -0.244710 -2.922304 0.027270
v -0.158566 -3.017987 0.035959
v -6.037644 0.140626 -0.963614
v 9.022682 0.537468 0.237464
vn -0.0001 -0.3856 0.9227
vn -0.7120 -0.7015 -0.0307
vn -0.0000 -0.9610 -0.2764
vn 0.8612 -0.5069 -0.0372
vn 0.8759 0.0590 0.4788
vn 0.7382 -0.6728 0.0476
vn 0.9308 0.2998 0.2089
vn 0.9380 -0.3452 0.0310
vn 0.2268 -0.0631 0.9719
vn 0.1708 0.1417 0.9751
vn 0.1289 -0.2958 0.9465
vn 0.5179 -0.5535 0.6523
vn 0.8610 -0.2095 0.4634
vn 0.9415 -0.0924 0.3241
vn 0.9367 -0.1146 0.3309
vn 0.8956 -0.1066 0.4319
vn 0.8996 -0.1345 0.4155
vn 0.8418 -0.3347 0.4236
vn 0.9235 0.1297 0.3611
vn 0.9119 0.0913 0.4001
vn 0.9192 -0.3392 0.1998
vn 0.8776 -0.4772 0.0455
vn 0.8471 -0.3885 0.3625
vn 0.9225 -0.1118 0.3694
vn 0.9480 0.1484 0.2814
vn 0.8922 0.3302 0.3083
vn 0.3475 0.4924 0.7980
vn 0.1803 0.6503 0.7380
vn 0.1624 0.3436 0.9249
vn 0.2482 0.2546 0.9347
vn 0.8264 -0.1247 0.5491
vn -0.0000 -0.9324 0.3615
vn 0.5199 -0.7611 0.3880
vn 0.4240 -0.8738 0.2381
vn -0.0000 -0.9713 0.2377
vn -0.0000 -0.9769 0.2138
vn 0.5059 -0.7599 0.4083
vn 0.5541 -0.8246 0.1142
vn 0.9664 0.2191 0.1343
vn 0.4154 0.8660 0.2782
vn 0.4890 0.8179 0.3032
vn 0.2298 0.9280 0.2933
vn 0.1814 0.9355 0.3033
vn 0.7731 -0.5168 0.3676
vn 0.7464 -0.5715 0.3410
vn -0.0000 -0.9699 -0.2435
vn 0.8733 -0.1472 0.4643
vn 0.4108 0.7844 0.4648
vn 0.1919 0.9009 0.3893
vn 0.7056 -0.1873 0.6834
vn 0.8776 -0.4773 0.0455
vn 0.9756 0.0759 0.2063
vn 0.8910 0.2127 0.4011
vn 0.8734 -0.1471 0.4643
vn -0.0000 0.7275 0.6861
vn -0.0000 0.8278 0.5610
vn 0.3630 0.7310 0.5778
vn 0.3687 0.6078 0.7034
vn 0.7262 -0.6856 0.0499
vn 0.7999 -0.2668 0.5377
vn 0.7132 -0.1269 0.6894
vn -0.0001 -0.9948 -0.1017
vn 0.6461 -0.1300 0.7521
vn -0.0000 -0.2333 0.9724
vn 0.8839 -0.2040 0.4209
vn 0.9658 -0.2504 0.0670
vn -0.0000 0.7778 0.6286
vn -0.0000 0.6849 0.7286
vn 0.4757 0.5648 0.6743
vn 0.3649 0.7276 0.5809
vn 0.7999 -0.2667 0.5377
vn 0.8349 -0.5372 0.1201
vn 0.8872 -0.3297 0.3229
vn 0.9139 -0.2420 0.3258
vn 0.9274 -0.2129 0.3075
vn 0.5768 0.1176 0.8083
vn -0.0821 -0.9234 -0.3750
vn -0.0000 -0.9390 -0.3438
vn -0.0000 -0.9389 -0.3442
vn 0.0429 -0.9363 -0.3485
vn 0.5718 0.2128 0.7923
vn 0.5266 0.4360 0.7298
vn -0.0000 0.4655 0.8851
vn -0.0000 0.1332 0.9911
vn -0.0000 -0.9015 -0.4328
vn -0.0000 -0.9336 -0.3582
vn -0.1703 -0.9240 -0.3424
vn -0.2941 -0.8386 -0.4586
vn 0.7828 0.1078 0.6129
vn 0.6561 -0.7430 -0.1322
vn 0.5596 -0.8200 -0.1203
vn 0.8886 -0.2700 0.3707
vn 0.7120 -0.7015 -0.0306
vn 0.7453 -0.6610 -0.0869
vn 0.8946 0.1212 0.4301
vn 0.9189 -0.0454 0.3920
vn -0.0000 -0.4470 -0.8945
vn 0.6939 -0.4148 -0.5886
vn 0.0001 -0.9948 -0.1017
vn 0.9480 -0.0939 0.3040
vn 0.8819 -0.0643 0.4670
vn 0.9149 -0.1916 0.3554
vn 0.8496 0.1748 0.4976
vn 0.9743 -0.0707 0.2138
vn 0.9672 -0.1199 0.2241
vn 0.8750 0.2481 0.4157
vn 0.8588 0.1908 0.4754
vn 0.9642 -0.0906 0.2491
vn 0.8163 0.1944 0.5439
vn 0.8659 -0.0041 0.5002
vn 0.9616 -0.2205 0.1636
vn 0.1453 -0.9373 -0.3167
vn -0.0248 -0.9294 -0.3682
vn 0.0902 -0.9284 -0.3604
vn 0.9042 -0.3578 0.2334
vn 0.9055 -0.4080 0.1164
vn 0.9133 -0.4057 0.0352
vn 0.8053 -0.5481 -0.2261
vn 0.0010 0.7438 0.6685
vn 0.1357 0.8279 0.5442
vn -0.0000 0.8287 0.5598
vn -0.0000 0.7159 0.6982
vn -0.0000 0.8210 0.5710
vn -0.0000 0.8923 0.4514
vn 0.4627 0.5551 0.6912
vn -0.0663 0.8123 0.5795
vn -0.0000 0.6840 0.7295
vn 0.0631 0.7888 0.6114
vn 0.0001 -0.6536 -0.7569
vn -0.2337 -0.6875 -0.6875
vn -0.0001 -0.3857 0.9226
vn 0.9188 -0.0454 0.3920
vn 0.8946 0.1211 0.4301
vn 0.1059 0.7073 0.6990
vn 0.2737 0.7163 0.6419
vn 0.8887 -0.2699 0.3706
vn 0.0428 0.6688 0.7422
vn -0.1713 0.6904 0.7028
vn -0.0509 0.7437 0.6665
vn 0.5768 0.1175 0.8084
vn 0.5659 -0.0457 0.8232
vn 0.0767 -0.9130 -0.4006
vn 0.0902 -0.9284 -0.3603
vn 0.8349 -0.5372 0.1200
vn 0.9056 -0.4080 0.1163
vn -0.0524 -0.9271 -0.3711
vn 0.4277 -0.8775 -0.2170
vn 0.9133 -0.4058 0.0352
vn -0.0765 -0.8793 -0.4700
vn 0.6359 -0.4822 0.6026
vn -0.0000 0.4125 0.9109
vn -0.2742 -0.6690 -0.6909
vn -0.5440 0.1826 0.8190
vn -0.0000 0.5137 0.8580
vn -0.0000 -0.9368 -0.3498
vn -0.0000 -0.9607 -0.2777
vn 0.6940 -0.4147 -0.5886
vn 0.8765 -0.4813 -0.0121
vn -0.0001 0.3134 0.9496
vn 0.2403 0.7392 0.6292
vn 0.0429 -0.9364 -0.3484
vn 0.0201 -0.9980 -0.0603
vn 0.0448 -0.9987 -0.0238
vn 0.0902 -0.9285 -0.3603
vn 0.8956 -0.1066 0.4318
vn 0.1454 -0.9373 -0.3167
vn -0.0000 0.2586 0.9660
vn -0.0000 -0.1028 0.9947
vn -0.0000 0.4191 0.9080
vn -0.0000 0.7496 0.6619
vn -0.0000 0.9352 0.3542
vn -0.0000 0.9466 0.3224
vn -0.0000 0.9530 0.3029
vn -0.8612 -0.5069 -0.0372
vn -0.7382 -0.6728 0.0476
vn -0.8760 0.0590 0.4788
vn -0.9308 0.2998 0.2089
vn -0.9380 -0.3452 0.0311
vn -0.1289 -0.2958 0.9465
vn -0.1708 0.1417 0.9751
vn -0.2268 -0.0631 0.9719
vn -0.5179 -0.5535 0.6523
vn -0.9367 -0.1146 0.3310
vn -0.9415 -0.0924 0.3241
vn -0.8610 -0.2094 0.4634
vn -0.8956 -0.1066 0.4319
vn -0.9235 0.1297 0.3611
vn -0.8418 -0.3347 0.4236
vn -0.8996 -0.1345 0.4155
vn -0.9119 0.0914 0.4001
vn -0.8471 -0.3885 0.3625
vn -0.8776 -0.4772 0.0454
vn -0.9192 -0.3392 0.1998
vn -0.9225 -0.1118 0.3694
vn -0.9480 0.1484 0.2814
vn -0.8922 0.3302 0.3082
vn -0.3475 0.4924 0.7980
vn -0.2482 0.2546 0.9347
vn -0.1624 0.3437 0.9249
vn -0.1803 0.6503 0.7380
vn -0.8264 -0.1247 0.5491
vn -0.4241 -0.8738 0.2381
vn -0.5199 -0.7611 0.3880
vn -0.5541 -0.8246 0.1142
vn -0.5059 -0.7599 0.4082
vn -0.9664 0.2191 0.1343
vn -0.4153 0.8658 0.2790
vn -0.1814 0.9355 0.3033
vn -0.2297 0.9280 0.2933
vn -0.4890 0.8179 0.3032
vn -0.7464 -0.5714 0.3410
vn -0.7732 -0.5167 0.3676
vn -0.8733 -0.1471 0.4644
vn -0.4108 0.7844 0.4648
vn -0.1919 0.9009 0.3893
vn -0.7056 -0.1873 0.6834
vn -0.8776 -0.4773 0.0454
vn -0.9755 0.0759 0.2063
vn -0.8910 0.2128 0.4011
vn -0.8734 -0.1471 0.4643
vn -0.3630 0.7310 0.5778
vn -0.3687 0.6078 0.7034
vn -0.7263 -0.6856 0.0499
vn -0.7132 -0.1269 0.6893
vn -0.7999 -0.2667 0.5376
vn -0.6461 -0.1300 0.7521
vn -0.8838 -0.2040 0.4210
vn -0.9658 -0.2504 0.0670
vn -0.4757 0.5648 0.6743
vn -0.3184 0.7305 0.6041
vn -0.8349 -0.5372 0.1201
vn -0.9274 -0.2129 0.3075
vn -0.9139 -0.2420 0.3258
vn -0.8872 -0.3296 0.3229
vn -0.5769 0.1176 0.8083
vn 0.0820 -0.9234 -0.3750
vn -0.0429 -0.9363 -0.3485
vn -0.5266 0.4359 0.7298
vn -0.5718 0.2128 0.7923
vn 0.1703 -0.9240 -0.3424
vn 0.2941 -0.8386 -0.4586
vn -0.7828 0.1078 0.6129
vn -0.8886 -0.2700 0.3707
vn -0.5596 -0.8200 -0.1202
vn -0.6562 -0.7430 -0.1321
vn -0.9189 -0.0454 0.3920
vn -0.8946 0.1212 0.4301
vn -0.7453 -0.6610 -0.0869
vn -0.6939 -0.4147 -0.5886
vn -0.8819 -0.0643 0.4670
vn -0.9480 -0.0939 0.3040
vn -0.9149 -0.1916 0.3553
vn -0.8496 0.1748 0.4976
vn -0.9452 0.0096 0.3264
vn -0.9672 -0.1199 0.2241
vn -0.9743 -0.0707 0.2138
vn -0.8588 0.1909 0.4754
vn -0.8659 -0.0041 0.5002
vn -0.8163 0.1945 0.5439
vn -0.9642 -0.0906 0.2491
vn -0.9616 -0.2205 0.1636
vn -0.1453 -0.9373 -0.3167
vn -0.0902 -0.9285 -0.3603
vn 0.0247 -0.9294 -0.3683
vn -0.9042 -0.3577 0.2334
vn -0.9055 -0.4080 0.1164
vn -0.9133 -0.4057 0.0352
vn -0.8053 -0.5480 -0.2262
vn -0.8053 -0.5481 -0.2262
vn -0.1357 0.8279 0.5442
vn -0.0010 0.7438 0.6685
vn 0.1004 0.8066 0.5826
vn -0.4627 0.5551 0.6912
vn -0.0630 0.7888 0.6114
vn 0.2337 -0.6876 -0.6875
vn -0.9188 -0.0454 0.3920
vn -0.1059 0.7072 0.6990
vn -0.2737 0.7163 0.6419
vn 0.1713 0.6904 0.7028
vn -0.0428 0.6688 0.7422
vn 0.0509 0.7437 0.6665
vn -0.7132 -0.1269 0.6894
vn -0.5659 -0.0455 0.8232
vn -0.0902 -0.9284 -0.3604
vn -0.0767 -0.9130 -0.4006
vn -0.4277 -0.8775 -0.2170
vn 0.0524 -0.9271 -0.3711
vn -0.9133 -0.4058 0.0352
vn 0.0765 -0.8793 -0.4700
vn -0.6359 -0.4820 0.6027
vn 0.2742 -0.6690 -0.6909
vn 0.5441 0.1824 0.8189
vn -0.6940 -0.4147 -0.5886
vn -0.8764 -0.4813 -0.0121
vn -0.2403 0.7392 0.6292
vn -0.0466 0.8243 0.5642
vn -0.0448 -0.9987 -0.0238
vn -0.0201 -0.9980 -0.0603
vn -0.0429 -0.9364 -0.3484
vn -0.1454 -0.9373 -0.3167
vn -0.4952 0.7075 0.5042
vn -0.5280 0.6997 0.4813
vn 0.8078 -0.2712 0.5234
vn 0.8340 -0.5017 0.2295
vn 0.8763 -0.4434 0.1886
vn 0.6530 -0.5776 0.4898
vn 0.8184 -0.3331 0.4682
vn 0.8338 -0.1861 0.5198
vn 0.7002 -0.5127 0.4970
vn 0.7001 -0.7046 0.1157
vn 0.7099 0.0648 0.7013
vn 0.8752 -0.0585 0.4802
vn 0.7668 -0.2009 0.6096
vn 0.7371 -0.6390 -0.2199
vn 0.7153 0.3067 0.6279
vn 0.8943 -0.0388 0.4458
vn 0.4543 0.4693 -0.7572
vn 0.6261 0.7796 -0.0138
vn 0.9496 0.1589 0.2702
vn 0.8845 -0.1684 0.4350
vn 0.9493 -0.2792 0.1445
vn 0.7204 -0.3865 -0.5759
vn 0.8360 0.3236 0.4432
vn 0.7795 0.1792 0.6003
vn 0.8795 0.0693 0.4709
vn 0.9135 0.1453 0.3801
vn 0.7197 -0.0602 0.6917
vn 0.8449 -0.0752 0.5297
vn 0.7331 -0.3081 0.6064
vn 0.8508 -0.2252 0.4749
vn 0.7608 -0.4630 0.4547
vn 0.8689 -0.3085 0.3870
vn 0.8292 -0.4798 0.2866
vn 0.9055 -0.2980 0.3021
vn 0.8707 -0.4795 0.1092
vn 0.9242 -0.3169 0.2130
vn 0.9397 -0.3393 -0.0435
vn 0.9623 -0.2421 0.1239
vn 0.9848 -0.1002 -0.1422
vn 0.9932 -0.0976 0.0629
vn 0.9875 0.1478 -0.0543
vn 0.9916 0.0523 0.1180
vn 0.9472 0.3068 0.0934
vn 0.9692 0.1369 0.2049
vn 0.9068 0.3212 0.2728
vn 0.9472 0.1248 0.2952
vn 0.7026 0.5131 0.4930
vn 0.6234 0.2993 0.7224
vn 0.5384 -0.0398 0.8418
vn 0.5601 -0.3902 0.7308
vn 0.5982 -0.6180 0.5102
vn 0.6998 -0.6675 0.2545
vn 0.7655 -0.6433 -0.0161
vn 0.8678 -0.4366 -0.2373
vn 0.9237 -0.0980 -0.3704
vn 0.9337 0.2524 -0.2538
vn 0.8722 0.4875 -0.0404
vn 0.8124 0.5347 0.2326
vn 0.4256 0.7107 0.5602
vn 0.2605 0.4171 0.8707
vn 0.2709 0.0696 0.9601
vn 0.3620 -0.3725 0.8545
vn 0.3629 -0.7438 0.5612
vn 0.5108 -0.8355 0.2025
vn 0.5971 -0.7867 -0.1567
vn 0.7286 -0.5206 -0.4452
vn 0.7879 -0.0884 -0.6095
vn 0.7914 0.3774 -0.4809
vn 0.7150 0.6530 -0.2495
vn 0.6271 0.7708 0.1123
vn 0.1098 0.8658 0.4882
vn 0.0890 0.5726 0.8150
vn 0.0796 0.1373 0.9873
vn -0.0142 -0.5206 0.8537
vn -0.0072 -0.8790 0.4768
vn 0.1546 -0.9872 0.0393
vn 0.2357 -0.8633 -0.4464
vn 0.3256 -0.4957 -0.8051
vn 0.3318 0.0304 -0.9429
vn 0.4215 0.4798 -0.7695
vn 0.3452 0.8110 -0.4723
vn 0.2549 0.9663 -0.0355
vn 0.0984 0.7766 0.6223
vn 0.1255 0.5004 0.8566
vn -0.0549 -0.0698 0.9960
vn -0.0564 -0.5307 0.8457
vn -0.0943 -0.8137 0.5736
vn -0.0149 -0.9877 0.1553
vn 0.0840 -0.9359 -0.3422
vn 0.1497 -0.6353 -0.7577
vn 0.1947 -0.1296 -0.9723
vn 0.2197 0.5143 -0.8290
vn 0.2130 0.8831 -0.4180
vn 0.0905 0.9938 0.0652
vn 0.9480 -0.0891 0.3056
vn -0.8078 -0.2713 0.5234
vn -0.8763 -0.4434 0.1886
vn -0.8340 -0.5017 0.2295
vn -0.8338 -0.1860 0.5198
vn -0.8185 -0.3331 0.4682
vn -0.6530 -0.5776 0.4898
vn -0.7002 -0.5127 0.4970
vn -0.7001 -0.7046 0.1157
vn -0.8752 -0.0584 0.4802
vn -0.7099 0.0648 0.7013
vn -0.7668 -0.2009 0.6096
vn -0.7371 -0.6390 -0.2198
vn -0.7153 0.3067 0.6279
vn -0.8943 -0.0388 0.4459
vn -0.9496 0.1589 0.2702
vn -0.6261 0.7796 -0.0138
vn -0.4543 0.4693 -0.7572
vn -0.8845 -0.1684 0.4350
vn -0.9493 -0.2792 0.1445
vn -0.7204 -0.3865 -0.5759
vn -0.8795 0.0692 0.4709
vn -0.7795 0.1793 0.6003
vn -0.8359 0.3236 0.4433
vn -0.9135 0.1453 0.3801
vn -0.8449 -0.0753 0.5297
vn -0.7196 -0.0602 0.6917
vn -0.8508 -0.2251 0.4749
vn -0.7331 -0.3081 0.6064
vn -0.8689 -0.3085 0.3870
vn -0.7608 -0.4630 0.4547
vn -0.9055 -0.2980 0.3020
vn -0.8292 -0.4798 0.2866
vn -0.9242 -0.3169 0.2130
vn -0.8707 -0.4795 0.1093
vn -0.9623 -0.2421 0.1240
vn -0.9397 -0.3393 -0.0435
vn -0.9932 -0.0976 0.0629
vn -0.9848 -0.1002 -0.1422
vn -0.9916 0.0523 0.1180
vn -0.9875 0.1478 -0.0543
vn -0.9692 0.1369 0.2048
vn -0.9472 0.3068 0.0933
vn -0.9472 0.1248 0.2952
vn -0.9068 0.3212 0.2728
vn -0.6234 0.2994 0.7224
vn -0.7026 0.5131 0.4931
vn -0.5384 -0.0398 0.8418
vn -0.5601 -0.3902 0.7308
vn -0.5982 -0.6180 0.5102
vn -0.6998 -0.6675 0.2545
vn -0.7655 -0.6433 -0.0161
vn -0.8678 -0.4366 -0.2373
vn -0.9237 -0.0980 -0.3703
vn -0.9337 0.2525 -0.2538
vn -0.8722 0.4875 -0.0405
vn -0.8124 0.5347 0.2326
vn -0.2605 0.4171 0.8707
vn -0.4256 0.7106 0.5602
vn -0.2709 0.0696 0.9601
vn -0.3620 -0.3724 0.8545
vn -0.3630 -0.7438 0.5612
vn -0.5108 -0.8355 0.2025
vn -0.5971 -0.7867 -0.1566
vn -0.7286 -0.5206 -0.4452
vn -0.7878 -0.0884 -0.6095
vn -0.7913 0.3774 -0.4809
vn -0.7150 0.6530 -0.2495
vn -0.6271 0.7708 0.1123
vn -0.0890 0.5726 0.8150
vn -0.1098 0.8658 0.4882
vn -0.0796 0.1373 0.9873
vn 0.0142 -0.5206 0.8537
vn 0.0073 -0.8790 0.4768
vn -0.1546 -0.9872 0.0394
vn -0.2357 -0.8633 -0.4463
vn -0.3256 -0.4957 -0.8052
vn -0.3318 0.0304 -0.9428
vn -0.4215 0.4799 -0.7695
vn -0.3452 0.8110 -0.4724
vn -0.2548 0.9663 -0.0356
vn -0.1255 0.5005 0.8566
vn -0.0984 0.7766 0.6223
vn 0.0549 -0.0698 0.9960
vn 0.0564 -0.5307 0.8457
vn 0.0944 -0.8137 0.5736
vn 0.0149 -0.9877 0.1553
vn -0.0840 -0.9359 -0.3422
vn -0.1497 -0.6353 -0.7577
vn -0.1947 -0.1297 -0.9723
vn -0.2197 0.5143 -0.8290
vn -0.2128 0.8831 -0.4181
vn -0.0905 0.9938 0.0651
vn -0.9480 -0.0891 0.3056
vn 0.9253 0.1325 0.3553
vn 0.8748 0.3623 0.3216
vn -0.0000 -0.9190 0.3942
vn 0.3825 -0.8084 0.4474
vn 0.4797 0.8128 0.3305
vn 0.7881 -0.4313 0.4392
vn 0.1859 0.9444 0.2713
vn -0.0000 0.9693 0.2460
vn -0.0000 -0.9078 0.4194
vn 0.3930 -0.7998 0.4537
vn 0.7231 -0.5376 0.4338
vn 0.9298 0.1344 0.3427
vn 0.8773 0.3639 0.3128
vn 0.5832 0.7424 0.3296
vn 0.1826 0.9458 0.2687
vn -0.0000 0.9740 0.2266
vn -0.8748 0.3623 0.3216
vn -0.9253 0.1325 0.3553
vn -0.3825 -0.8084 0.4474
vn -0.4797 0.8128 0.3305
vn -0.7881 -0.4313 0.4392
vn -0.1860 0.9444 0.2713
vn -0.3930 -0.7998 0.4537
vn -0.7231 -0.5376 0.4338
vn -0.9298 0.1344 0.3427
vn -0.8773 0.3639 0.3128
vn -0.5832 0.7424 0.3296
vn -0.1826 0.9458 0.2687
vn 0.2049 0.9685 0.1416
vn 0.2228 0.9588 0.1765
vn -0.0000 0.9873 0.1586
vn -0.0000 0.9874 0.1584
vn 0.8936 0.3879 0.2259
vn 0.8760 0.4022 0.2662
vn 0.4676 0.8574 0.2150
vn 0.4086 0.9000 0.1518
vn 0.9650 0.1294 0.2280
vn 0.9629 0.1064 0.2481
vn 0.8948 -0.3314 0.2990
vn 0.8163 -0.4780 0.3242
vn 0.5190 -0.7949 0.3142
vn 0.4319 -0.8322 0.3476
vn -0.0000 -0.9450 0.3270
vn -0.0000 -0.9150 0.4034
vn -0.0000 -0.7779 0.6284
vn -0.0000 -0.7122 0.7020
vn 0.3626 -0.6745 0.6432
vn 0.4133 -0.7291 0.5455
vn 0.6168 -0.4783 0.6251
vn 0.7484 -0.4238 0.5102
vn 0.8361 0.0805 0.5427
vn 0.9215 0.0870 0.3786
vn 0.7882 0.3804 0.4837
vn 0.7408 0.3653 0.5637
vn 0.4334 0.7137 0.5503
vn 0.4100 0.8082 0.4228
vn 0.1654 0.8357 0.5237
vn 0.1730 0.9034 0.3924
vn -0.0000 0.8671 0.4981
vn -0.0000 0.9487 0.3163
vn -0.2227 0.9588 0.1765
vn -0.2049 0.9685 0.1416
vn -0.4676 0.8574 0.2150
vn -0.8760 0.4022 0.2662
vn -0.8936 0.3879 0.2259
vn -0.4087 0.9000 0.1518
vn -0.9629 0.1064 0.2481
vn -0.9650 0.1294 0.2280
vn -0.8163 -0.4780 0.3242
vn -0.8948 -0.3314 0.2990
vn -0.4319 -0.8322 0.3476
vn -0.5190 -0.7949 0.3142
vn -0.3626 -0.6745 0.6432
vn -0.4133 -0.7291 0.5455
vn -0.6168 -0.4783 0.6251
vn -0.7484 -0.4237 0.5102
vn -0.8361 0.0805 0.5427
vn -0.9215 0.0870 0.3786
vn -0.7882 0.3804 0.4838
vn -0.7408 0.3653 0.5637
vn -0.4334 0.7137 0.5503
vn -0.4100 0.8082 0.4228
vn -0.1654 0.8357 0.5237
vn -0.1730 0.9034 0.3924
vn 0.1407 0.3480 -0.9269
vn 0.2145 -0.9555 0.2024
vn 0.1781 -0.9683 0.1753
vn 0.0104 0.0449 -0.9989
vn 0.2070 -0.7949 0.5704
vn -0.0004 0.9933 -0.1159
vn -0.1222 0.9815 -0.1477
vn -0.1727 0.9837 -0.0510
vn 0.1406 0.3480 -0.9269
vn 0.0102 0.0450 -0.9989
vn -0.3546 0.9150 -0.1926
vn -0.2170 0.9273 -0.3052
vn -0.0500 0.0920 0.9945
vn -0.3516 0.8342 0.4249
vn 0.5754 -0.7785 0.2508
vn 0.2495 -0.8634 0.4386
vn 0.2241 -0.8408 0.4927
vn 0.1579 -0.8679 0.4710
vn -0.0512 0.9980 -0.0372
vn 0.0435 0.9989 -0.0184
vn 0.0529 0.9986 0.0082
vn 0.0796 -0.9800 0.1823
vn 0.1114 -0.9847 0.1337
vn 0.0476 -0.9892 0.1386
vn 0.0028 -0.9847 0.1742
vn 0.0174 0.9758 -0.2180
vn -0.0374 0.9829 -0.1802
vn -0.0216 0.9837 -0.1787
vn -0.0219 0.9677 -0.2511
vn 0.0428 -0.9988 -0.0237
vn 0.0045 -0.9998 -0.0186
vn 0.0130 -0.9996 0.0238
vn 0.1164 -0.9882 0.1001
vn 0.2182 -0.8676 -0.4467
vn 0.2213 -0.4571 0.8615
vn -0.1300 0.9710 -0.2007
vn -0.1442 0.9551 -0.2588
vn 0.1845 -0.4467 -0.8754
vn 0.1839 -0.8646 0.4676
vn 0.1422 -0.9060 0.3986
vn 0.1563 -0.9856 -0.0644
vn 0.1041 -0.9900 0.0949
vn 0.2134 -0.9462 0.2432
vn 0.2312 -0.6138 0.7549
vn 0.0519 -0.6211 0.7820
vn -0.0397 0.9951 -0.0900
vn -0.0324 0.9971 -0.0696
vn -0.2880 0.8679 -0.4047
vn 0.1710 0.5510 0.8168
vn 0.5662 -0.3118 -0.7630
vn -0.1444 -0.9894 -0.0150
vn -0.0354 -0.9973 -0.0636
vn -0.0830 -0.9881 -0.1296
vn -0.0499 0.0919 0.9945
vn 0.2376 -0.9298 0.2811
vn 0.3635 -0.8929 0.2658
vn -0.3515 0.8342 0.4249
vn 0.0865 -0.9196 0.3832
vn 0.0557 -0.9532 0.2972
vn 0.0345 -0.9751 0.2189
vn 0.0706 -0.9583 0.2769
vn 0.1199 -0.9758 0.1830
vn 0.1788 -0.9239 0.3382
vn 0.3640 0.9235 -0.1211
vn 0.4527 0.8910 -0.0356
vn 0.4194 0.8974 -0.1373
vn 0.3590 0.9225 -0.1418
vn -0.0242 0.9885 -0.1495
vn -0.1828 0.9591 -0.2162
vn -0.0486 0.9812 -0.1865
vn 0.0029 0.9650 -0.2621
vn 0.9740 -0.2034 0.0998
vn -0.0922 0.9895 -0.1109
vn 0.4293 -0.2774 0.8595
vn 0.1208 -0.9909 0.0586
vn 0.0890 -0.9944 0.0568
vn 0.4559 -0.8899 -0.0160
vn 0.1190 -0.0726 -0.9902
vn -0.2425 0.6290 -0.7386
vn -0.0192 -0.9948 -0.0996
vn 0.0504 -0.9941 -0.0957
vn -0.0079 -0.9998 -0.0173
vn -0.1173 0.9727 -0.2001
vn -0.0640 0.9821 -0.1773
vn 0.5251 -0.8232 -0.2159
vn 0.8165 -0.5266 -0.2366
vn 0.9662 -0.2041 -0.1573
vn 0.2710 0.8617 -0.4290
vn 0.6410 0.1001 0.7610
vn 0.1026 -0.7463 0.6576
vn 0.1045 -0.8397 0.5328
vn -0.0278 -0.9984 -0.0499
vn 0.1154 -0.9903 -0.0771
vn -0.3670 0.8706 -0.3276
vn -0.0267 -0.9970 -0.0729
vn 0.6734 0.7389 -0.0230
vn 0.8667 0.2385 -0.4380
vn 0.4874 0.5176 -0.7033
vn 0.4361 0.8995 -0.0249
vn -0.1391 -0.0725 -0.9876
vn -0.3731 0.5350 -0.7580
vn -0.1094 0.9843 -0.1387
vn 0.3352 0.7967 -0.5028
vn 0.0868 -0.9952 -0.0445
vn 0.1259 -0.9727 -0.1952
vn 0.0153 0.9675 -0.2523
vn 0.0139 0.9986 -0.0508
vn -0.0082 0.9979 0.0645
vn -0.0178 0.9809 -0.1939
vn 0.1806 -0.9375 0.2974
vn 0.1175 -0.9870 0.1095
vn 0.1759 -0.9617 0.2101
vn 0.1835 -0.9720 0.1467
vn 0.1185 -0.9669 0.2259
vn 0.1251 -0.6359 0.7615
vn 0.0571 0.9935 -0.0982
vn 0.1239 -0.9471 0.2962
vn 0.0658 -0.9205 0.3852
vn 0.1278 -0.9216 0.3664
vn 0.6467 -0.7429 -0.1727
vn 0.9542 0.2021 -0.2206
vn 0.3913 0.8377 -0.3810
vn -0.8025 -0.5925 -0.0704
vn 0.5115 0.8552 -0.0829
vn -0.0685 0.9802 -0.1855
vn -0.1065 0.9580 -0.2661
vn 0.0022 -0.6780 0.7351
vn 0.1354 -0.9754 0.1740
vn 0.1106 -0.9913 0.0713
vn 0.1391 -0.9860 0.0918
vn 0.1624 -0.9725 0.1672
vn 0.0944 -0.9879 0.1232
vn -0.0351 0.9857 -0.1647
vn -0.0482 0.9546 -0.2941
vn 0.1072 -0.9938 0.0282
vn 0.0925 -0.9952 0.0313
vn 0.0229 0.3987 0.9168
vn 0.2311 -0.6137 0.7549
vn 0.0861 0.3390 0.9369
vn -0.0932 0.9540 -0.2850
vn -0.2015 0.5319 -0.8225
vn -0.0333 0.9968 -0.0733
vn -0.0218 0.1542 -0.9878
vn 0.1132 -0.9926 0.0440
vn 0.0801 -0.9967 -0.0086
vn 0.0229 -0.9982 -0.0552
vn -0.0107 -0.9999 -0.0034
vn 0.0224 -0.9990 0.0390
vn 0.0342 -0.9951 0.0926
vn -0.0262 -0.9920 -0.1238
vn -0.0037 -0.9960 -0.0894
vn 0.0960 0.9904 -0.0993
vn -0.1034 0.4611 0.8813
vn -0.1843 0.9131 -0.3636
vn -0.1574 0.4221 0.8928
vn -0.1224 0.9148 -0.3849
vn -0.1535 0.9058 -0.3949
vn 0.1844 -0.4467 -0.8755
vn 0.0571 0.9935 -0.0983
vn 0.1268 -0.9638 0.2345
vn 0.0806 0.7455 0.6616
vn -0.1283 0.6351 0.7617
vn 0.1319 -0.9314 0.3392
vn -0.0151 0.9928 -0.1190
vn 0.1068 0.9914 -0.0763
vn 0.1276 0.9844 -0.1212
vn 0.3720 0.9176 -0.1400
vn 0.0414 -0.9556 -0.2916
vn 0.0989 -0.9950 0.0134
vn 0.1842 -0.9809 -0.0624
vn -0.0120 0.9861 -0.1656
vn -0.0701 -0.9975 -0.0088
vn -0.2697 -0.9627 -0.0192
vn 0.5546 0.7916 -0.2566
vn 0.4314 0.8684 -0.2444
vn -0.0997 0.5158 0.8509
vn -0.0243 0.9885 -0.1495
vn 0.1703 -0.8965 0.4091
vn 0.2557 -0.9045 0.3413
vn -0.0334 -0.9932 -0.1119
vn 0.2573 0.9656 -0.0369
vn -0.0187 0.9966 -0.0807
vn 0.1056 0.9747 -0.1972
vn 0.3336 0.9274 -0.1690
vn 0.0548 -0.9965 -0.0628
vn -0.0253 -0.9535 -0.3002
vn -0.1747 -0.8381 -0.5168
vn -0.1712 -0.9838 -0.0538
vn -0.0220 0.9671 -0.2533
vn 0.0496 0.9841 -0.1703
vn 0.1622 0.9742 -0.1571
vn 0.0234 0.9988 -0.0429
vn 0.0182 0.9998 -0.0105
vn 0.0538 0.9984 0.0146
vn 0.0327 0.9994 0.0084
vn -0.0917 0.3416 0.9354
vn -0.0725 0.4016 0.9130
vn -0.0562 0.9849 -0.1640
vn 0.8365 0.0713 -0.5432
vn 0.2906 0.1428 -0.9461
vn -0.0648 -0.9957 -0.0657
vn -0.0413 0.9593 -0.2793
vn 0.4047 -0.3371 -0.8501
vn -0.0689 0.7354 -0.6741
vn 0.2311 -0.8745 0.4264
vn 0.1816 -0.9081 0.3772
vn 0.5547 0.7915 -0.2566
vn 0.5423 0.8337 -0.1039
vn 0.0189 -0.9972 -0.0718
vn -0.4141 0.5781 -0.7031
vn 0.2071 -0.7949 0.5703
vn -0.2114 0.9759 -0.0546
vn 0.8667 0.2386 -0.4380
vn -0.4569 -0.8867 -0.0716
vn 0.0907 -0.9912 0.0962
vn 0.0265 0.9134 0.4061
vn 0.1521 -0.9512 0.2683
vn -0.0906 0.9827 -0.1616
vn -0.1095 0.9865 0.1214
vn 0.6409 0.1001 0.7611
vn 0.0133 0.2220 -0.9749
vn 0.0154 0.9884 -0.1512
vn -0.0277 0.9847 -0.1722
vn 0.3389 -0.6101 -0.7162
vn -0.0520 0.9418 -0.3322
vn 0.3145 0.8980 -0.3077
vn 0.0715 -0.9973 0.0167
vn 0.0624 -0.9972 0.0415
vn -0.0084 0.9689 -0.2474
vn -0.1376 0.9022 0.4088
vn -0.0106 0.9987 -0.0495
vn -0.1783 0.6487 0.7399
vn 0.8365 0.0714 -0.5433
vn 0.1192 -0.9902 0.0725
vn 0.1090 -0.9907 0.0819
vn 0.1436 -0.9875 0.0654
vn 0.2182 -0.8676 -0.4468
vn 0.1431 -0.9758 0.1650
vn 0.1415 -0.9723 0.1858
vn 0.2214 -0.4570 0.8615
vn -0.0773 -0.5577 0.8264
vn -0.1623 0.9854 -0.0510
vn -0.0247 0.9923 -0.1210
vn -0.1055 0.9564 -0.2725
vn -0.1335 0.9367 -0.3236
vn 0.3398 -0.1768 -0.9237
vn 0.3390 -0.6101 -0.7162
vn 0.1217 -0.8968 0.4254
vn 0.1278 -0.9433 0.3063
vn 0.0770 -0.8998 -0.4295
vn 0.1127 0.9866 -0.1178
vn -0.0268 0.9980 -0.0576
vn -0.0396 -0.3939 0.9183
vn -0.1390 -0.0726 -0.9876
vn 0.0133 0.2220 -0.9750
vn 0.1420 -0.9844 0.1040
vn -0.0706 0.8911 -0.4483
vn -0.1623 0.9854 -0.0511
vn -0.1283 0.6350 0.7618
vn -0.0328 0.9430 -0.3311
vn -0.0264 0.9986 -0.0450
vn 0.0322 0.1379 0.9899
vn 0.1540 -0.7836 0.6019
vn 0.1230 -0.7700 0.6260
vn -0.0356 0.2472 0.9683
vn 0.3186 -0.8519 0.4157
vn 0.3853 0.9104 0.1505
vn -0.1079 0.4690 0.8766
vn 0.0805 0.7456 0.6616
vn 0.1299 -0.9590 0.2517
vn 0.0998 -0.8772 0.4697
vn -0.0674 0.8713 0.4861
vn 0.1165 0.8843 0.4522
vn -0.0693 0.9918 -0.1069
vn -0.0643 0.9639 -0.2584
vn -0.0312 0.9989 0.0352
vn -0.0281 0.8836 0.4673
vn 0.0204 0.6794 0.7334
vn 0.1041 -0.8020 0.5881
vn 0.0452 0.1044 0.9935
vn 0.0523 0.2069 0.9770
vn 0.1909 -0.7447 0.6395
vn 0.1139 -0.9859 0.1229
vn 0.1346 -0.9861 0.0979
vn 0.1141 -0.9727 0.2021
vn 0.1588 -0.9664 0.2022
vn 0.1910 -0.7446 0.6396
vn 0.1230 -0.7701 0.6260
vn 0.1540 -0.7835 0.6020
vn -0.7510 -0.6515 -0.1076
vn 0.4874 0.5176 -0.7032
vn 0.3892 0.8390 -0.3804
vn 0.0973 -0.9858 0.1368
vn -0.0138 0.8211 0.5706
vn 0.0021 -0.6779 0.7351
vn -0.0745 0.9897 -0.1221
vn -0.2517 -0.5448 -0.7999
vn 0.4632 0.3490 0.8147
vn 0.4325 -0.1454 0.8898
vn 0.4560 -0.8898 -0.0160
vn 0.0967 -0.9929 0.0686
vn 0.4631 0.3490 0.8147
vn 0.4324 -0.1455 0.8899
vn -0.2516 -0.5448 -0.7999
vn -0.2015 0.5320 -0.8225
vn -0.0217 0.1542 -0.9878
vn 0.6977 -0.1210 0.7061
vn 0.6978 -0.1210 0.7060
vn 0.0596 0.8237 -0.5638
vn 0.0918 0.9937 -0.0640
vn 0.6100 0.0687 -0.7894
vn 0.6101 0.0688 -0.7894
vn 0.4293 -0.2775 0.8595
vn -0.1574 0.4220 0.8928
vn 0.1492 -0.6710 0.7263
vn 0.1827 -0.9245 0.3346
vn 0.1858 -0.9127 0.3639
vn -0.1883 0.9469 -0.2605
vn 0.5754 -0.7785 0.2509
vn 0.2192 -0.4392 -0.8712
vn -0.0997 0.5159 0.8509
vn 0.3575 -0.4154 -0.8364
vn 0.3298 -0.8735 0.3580
vn -0.1035 0.4611 0.8813
vn 0.3146 0.8980 -0.3077
vn 0.3576 -0.4154 -0.8364
vn 0.5662 -0.3119 -0.7630
vn 0.2192 -0.4392 -0.8713
vn 0.1265 -0.9891 0.0748
vn 0.5116 0.8552 -0.0830
vn -0.2624 -0.4057 -0.8755
vn -0.1077 0.9635 -0.2451
vn -0.0924 -0.0834 -0.9922
vn -0.2625 -0.4056 -0.8755
vn -0.0924 -0.0833 -0.9922
vn -0.0329 0.9430 -0.3311
vn 0.1103 -0.9861 0.1243
vn -0.0778 0.9794 -0.1863
vn -0.0826 0.9861 -0.1441
vn -0.1251 0.9320 -0.3401
vn 0.0592 -0.5345 0.8431
vn 0.7943 0.5700 0.2100
vn -0.1229 0.9680 -0.2188
vn -0.0726 0.4016 0.9129
vn 0.1589 -0.9558 0.2474
vn 0.1476 -0.9762 0.1591
vn 0.1758 -0.8885 0.4239
vn 0.1867 -0.9238 0.3343
vn 0.7944 0.5700 0.2100
vn 0.1310 -0.9741 0.1842
vn 0.0565 -0.9969 -0.0554
vn -0.0169 -0.9972 -0.0730
vn -0.0497 -0.9985 -0.0217
vn 0.3170 -0.2947 -0.9015
vn 0.4527 0.2577 -0.8536
vn -0.0918 0.3416 0.9354
vn -0.1078 0.4690 0.8766
vn -0.2719 0.9240 -0.2689
vn 0.3170 -0.2948 -0.9015
vn 0.1489 -0.9101 0.3867
vn 0.5185 0.7345 -0.4378
vn 0.5185 0.7345 -0.4377
vn 0.4048 -0.3370 -0.8501
vn 0.3854 0.9104 0.1505
vn -0.0482 0.9545 -0.2941
vn 0.0561 0.9983 0.0136
vn 0.2870 0.7217 -0.6300
vn 0.2870 0.7217 -0.6299
vn 0.0560 0.9983 0.0136
vn 0.0705 0.7290 -0.6809
vn 0.0644 0.9513 -0.3016
vn 0.1259 -0.9726 -0.1952
vn 0.0011 0.9957 -0.0929
vn 0.2288 0.9527 -0.2002
vn 0.0574 -0.9920 -0.1124
vn 0.2446 -0.0491 -0.9684
vn 0.4881 0.5095 -0.7086
vn 0.0448 0.9875 -0.1514
vn 0.2447 -0.0492 -0.9683
vn 0.4881 0.5095 -0.7087
vn 0.0010 0.9957 -0.0929
vn 0.1993 0.7553 -0.6244
vn 0.0163 0.9997 -0.0163
vn 0.1994 0.7553 -0.6243
vn 0.0698 0.4100 -0.9094
vn 0.0785 0.9948 -0.0650
vn 0.0960 0.9904 -0.0994
vn 0.0596 0.8238 -0.5638
vn -0.2425 0.6291 -0.7385
vn 0.1190 -0.0725 -0.9902
vn 0.1126 0.9866 -0.1178
vn -0.3669 0.8707 -0.3276
vn -0.0639 0.9821 -0.1773
vn -0.1173 0.9727 -0.2000
vn 0.0697 0.4099 -0.9095
vn 0.7643 -0.5608 -0.3184
vn 0.7150 -0.6788 -0.1673
vn 0.7816 -0.5883 -0.2074
vn 0.2403 -0.9570 0.1626
vn 0.1953 -0.9679 0.1583
vn 0.8230 -0.5452 0.1596
vn 0.8916 -0.4528 -0.0106
vn 0.0176 -0.5227 -0.8524
vn -0.0000 -0.7875 -0.6163
vn -0.0000 -0.8549 -0.5189
vn 0.5332 -0.6134 -0.5826
vn 0.9891 0.1188 0.0868
vn 0.8864 0.1444 -0.4398
vn 0.9535 -0.0756 -0.2919
vn 0.9649 -0.2009 0.1690
vn 0.0612 -0.9845 -0.1643
vn 0.4605 -0.8409 -0.2844
vn 0.2171 -0.9094 -0.3548
vn -0.0765 -0.9820 -0.1726
vn 0.8637 -0.4549 -0.2171
vn 0.8925 -0.4145 -0.1780
vn 0.3714 0.9157 -0.1536
vn -0.2858 -0.9559 0.0673
vn -0.5885 -0.5892 0.5536
vn 0.9870 -0.0489 -0.1528
vn 0.9257 0.1014 -0.3644
vn 0.9425 0.0195 0.3338
vn 0.0510 0.8137 0.5790
vn -0.2507 0.3846 0.8884
vn -0.7657 -0.5226 -0.3749
vn -0.8721 -0.4829 -0.0785
vn -0.7615 -0.6267 -0.1653
vn -0.7463 -0.5672 -0.3484
vn 0.8610 0.0073 0.5086
vn 0.9804 -0.0591 0.1878
vn 0.2265 0.9660 0.1243
vn 0.3307 0.9416 0.0631
vn 0.2928 0.9474 0.1289
vn 0.1285 0.8196 0.5584
vn 0.2858 0.9573 -0.0432
vn 0.3125 0.9427 -0.1166
vn 0.8333 0.5529 0.0015
vn 0.1763 0.9827 -0.0573
vn -0.0000 -0.8729 0.4880
vn -0.0000 -0.9286 0.3711
vn 0.3292 -0.8592 0.3915
vn 0.3613 -0.7816 0.5085
vn 0.1165 0.9893 -0.0879
vn -0.0000 0.9978 -0.0664
vn 0.7050 -0.6902 -0.1634
vn 0.7678 -0.6231 -0.1489
vn 0.8446 -0.4878 -0.2205
vn 0.8054 0.5501 0.2209
vn 0.9402 0.0077 0.3405
vn 0.7605 0.0636 0.6462
vn 0.5668 0.7604 0.3170
vn 0.6390 -0.1656 0.7511
vn 0.4194 -0.2768 0.8646
vn 0.3816 -0.0925 0.9197
vn 0.7966 -0.2048 -0.5688
vn 0.7239 -0.0079 -0.6899
vn -0.4108 -0.7551 -0.5109
vn -0.6569 -0.6936 -0.2957
vn -0.0000 -0.9440 -0.3299
vn -0.0000 -0.9366 -0.3504
vn 0.3425 0.9340 -0.1018
vn 0.2466 0.9637 -0.1023
vn -0.0000 -0.9802 -0.1979
vn 0.1348 -0.9788 -0.1540
vn -0.0000 -0.9440 -0.3300
vn 0.8446 -0.4879 -0.2205
vn 0.7033 -0.6948 -0.1501
vn 0.6509 -0.7082 -0.2734
vn 0.3643 0.9313 -0.0036
vn -0.0000 -0.9319 -0.3628
vn -0.0000 -0.9025 -0.4306
vn 0.3748 -0.8540 -0.3609
vn 0.4701 -0.8361 -0.2826
vn 0.5518 -0.8339 0.0016
vn -0.7079 -0.2103 0.6743
vn -0.4513 -0.2197 0.8649
vn -0.9272 -0.3186 0.1971
vn -0.8897 -0.4033 -0.2139
vn 0.4254 -0.0941 0.9001
vn 0.2453 -0.0444 0.9684
vn 0.5508 -0.5655 -0.6139
vn -0.7279 -0.4638 -0.5049
vn 0.9825 0.0132 -0.1859
vn -0.0000 -0.9443 0.3290
vn -0.0000 -0.9045 0.4264
vn 0.3704 -0.7614 0.5321
vn 0.4779 -0.8271 0.2957
vn 0.4727 -0.8812 0.0005
vn -0.0000 -0.8549 -0.5188
vn 0.3409 0.9392 -0.0420
vn 0.2966 0.9512 -0.0847
vn 0.4160 0.9032 -0.1056
vn 0.7039 -0.2314 0.6715
vn 0.7901 -0.5445 0.2815
vn 0.4299 -0.3807 0.8187
vn 0.7168 -0.5844 0.3804
vn 0.7194 -0.4986 0.4836
vn 0.6604 -0.5848 0.4711
vn 0.6723 -0.6651 0.3250
vn 0.2671 0.9547 -0.1313
vn 0.4313 0.9004 -0.0578
vn 0.2581 0.9653 0.0393
vn -0.0000 1.0000 0.0064
vn -0.2516 0.2226 0.9419
vn -0.0000 0.9994 -0.0334
vn 0.2499 0.9651 -0.0778
vn 0.4160 0.9032 -0.1055
vn 0.2366 0.9560 -0.1733
vn 0.3928 0.9172 -0.0666
vn 0.3409 0.9391 -0.0420
vn 0.4174 0.9026 -0.1054
vn 0.8757 0.0814 -0.4760
vn 0.6854 0.0155 -0.7280
vn -0.1496 -0.9887 0.0119
vn 0.7885 -0.5904 0.1722
vn 0.0928 -0.9823 -0.1627
vn -0.5886 -0.5892 0.5536
vn -0.0000 0.9992 -0.0398
vn 0.2709 0.8618 -0.4290
vn -0.2706 -0.9329 0.2377
vn -0.2288 -0.3594 0.9047
vn 0.7537 -0.5120 0.4120
vn 0.7547 -0.3592 0.5489
vn 0.4431 -0.7774 0.4465
vn 0.5240 -0.6128 0.5915
vn -0.0000 -0.7684 0.6400
vn -0.0000 -0.8728 0.4880
vn 0.3613 -0.7815 0.5086
vn 0.3612 -0.6857 0.6319
vn 0.7147 -0.6745 0.1853
vn -0.0000 0.9898 -0.1423
vn 0.0001 0.9924 -0.1234
vn 0.0001 0.9951 0.0993
vn -0.0000 0.9891 0.1471
vn 0.7576 0.6508 0.0499
vn 0.2926 0.9474 -0.1295
vn 0.6095 0.7806 0.1388
vn 0.5763 0.8128 0.0851
vn 0.2099 0.9751 -0.0710
vn 0.2266 0.9714 -0.0705
vn 0.0819 0.9913 -0.1028
vn -0.0134 0.9936 -0.1119
vn 0.2333 0.9598 0.1563
vn 0.6603 -0.5848 0.4711
vn -0.1694 -0.5833 0.7944
vn -0.3525 -0.3796 0.8554
vn 0.7816 -0.5883 -0.2073
vn 0.6820 -0.7125 -0.1649
vn 0.7190 -0.6580 -0.2236
vn 0.8925 -0.4144 -0.1780
vn -0.2253 -0.9742 -0.0141
vn 0.1953 -0.9679 0.1584
vn -0.3106 -0.9504 0.0171
vn -0.1241 -0.9905 -0.0585
vn -0.1497 -0.9887 0.0120
vn 0.7239 -0.0078 -0.6899
vn 0.2993 -0.1325 -0.9449
vn -0.4336 -0.4722 -0.7675
vn -0.3128 -0.5064 -0.8036
vn 0.6225 -0.7567 -0.1997
vn 0.5236 -0.8154 -0.2469
vn 0.4604 -0.8409 -0.2844
vn -0.7480 -0.6630 -0.0318
vn -0.9187 -0.3951 0.0002
vn -0.8551 -0.4771 0.2031
vn -0.6482 -0.7183 0.2528
vn -0.1956 -0.7297 0.6552
vn -0.0000 -0.9886 0.1507
vn -0.0000 -0.9783 -0.2073
vn -0.6966 -0.7060 -0.1276
vn -0.6289 -0.7561 0.1809
vn 0.5519 -0.8339 0.0017
vn -0.9121 -0.4026 -0.0778
vn -0.6287 -0.6589 -0.4130
vn 0.3597 -0.4934 -0.7919
vn 0.5508 -0.5654 -0.6139
vn 0.8727 -0.0954 -0.4789
vn 0.2265 0.9661 0.1243
vn 0.1285 0.8195 0.5584
vn -0.2288 -0.3595 0.9047
vn -0.0000 0.9947 -0.1027
vn 0.9662 -0.2041 -0.1574
vn 0.6640 0.0331 -0.7470
vn -0.6651 -0.5812 -0.4689
vn -0.8489 -0.4890 -0.2005
vn -0.3525 -0.3795 0.8554
vn 0.9009 -0.1366 -0.4120
vn 0.7194 -0.4985 0.4837
vn -0.0000 -0.8949 0.4463
vn 0.8865 -0.0377 0.4612
vn 0.9662 -0.2042 -0.1574
vn -0.0537 -0.9796 0.1937
vn 0.0363 0.9992 -0.0137
vn 0.0898 0.9912 -0.0970
vn 0.2523 0.9670 -0.0343
vn 0.2283 0.9735 -0.0106
vn 0.1612 0.9841 -0.0741
vn 0.4260 0.9022 0.0671
vn 0.3909 0.9191 0.0485
vn 0.0872 0.9931 -0.0779
vn -0.0814 -0.9612 -0.2637
vn -0.2117 -0.9565 -0.2007
vn -0.0000 -0.9869 -0.1614
vn -0.0000 -0.9438 -0.3304
vn -0.3528 -0.9332 -0.0689
vn -0.4016 -0.4349 -0.8060
vn -0.2255 0.1079 -0.9683
vn -0.0737 -0.9923 -0.0993
vn -0.0261 -0.9411 -0.3370
vn 0.0722 -0.9926 -0.0976
vn 0.0467 -0.9964 -0.0712
vn -0.0859 0.9840 -0.1559
vn 0.0113 -0.9932 -0.1160
vn -0.6164 0.7661 -0.1819
vn 0.2672 0.9628 0.0401
vn 0.0688 -0.8896 -0.4515
vn 0.4410 0.8878 0.1313
vn 0.3385 0.9374 0.0814
vn 0.2730 0.9619 0.0109
vn 0.3299 0.9440 -0.0071
vn -0.9290 0.0741 -0.3626
vn -0.2067 -0.9643 -0.1656
vn -0.1909 -0.9594 -0.2075
vn 0.3186 -0.8466 -0.4263
vn 0.9470 -0.0868 -0.3092
vn 0.3649 0.9302 -0.0408
vn -0.7181 -0.5492 -0.4275
vn 0.8566 -0.5078 0.0916
vn -0.3924 0.8789 -0.2712
vn 0.8398 0.5402 0.0535
vn -0.0000 0.9987 0.0519
vn -0.0000 0.9965 -0.0839
vn 0.4543 0.8840 -0.1097
vn 0.6086 0.7932 -0.0228
vn -0.0000 1.0000 -0.0042
vn -0.5405 0.8356 -0.0983
vn 0.1638 0.9782 -0.1276
vn -0.0032 0.9999 0.0096
vn 0.6080 -0.7937 -0.0219
vn 0.3632 0.9250 0.1116
vn 0.8517 0.0316 0.5231
vn 0.9162 0.0417 0.3985
vn 0.4068 0.9127 -0.0398
vn -0.7523 -0.1189 -0.6480
vn -0.1658 -0.9757 -0.1430
vn 0.0688 -0.8897 -0.4514
vn -0.0910 -0.9870 -0.1322
vn -0.0884 -0.9823 -0.1649
vn -0.0538 -0.9932 -0.1028
vn -0.5857 0.8095 -0.0401
vn -0.2321 -0.9535 -0.1921
vn 0.9471 -0.0869 -0.3091
vn -0.3393 -0.9324 -0.1244
vn -0.1926 -0.9714 -0.1390
vn -0.4017 -0.4349 -0.8059
vn -0.2744 0.3447 -0.8977
vn -0.2531 -0.9674 0.0120
vn -0.7181 -0.5491 -0.4276
vn 0.0667 0.9879 -0.1397
vn -0.0859 0.9840 -0.1560
vn 0.4211 0.8994 0.1173
vn 0.5767 0.8128 -0.0826
vn -0.0000 0.9948 -0.1020
vn 0.4872 0.8064 -0.3352
vn 0.9194 0.3317 -0.2111
vn -0.3908 0.9204 -0.0126
vn 0.9844 -0.1752 0.0177
vn -0.2255 0.1078 -0.9683
vn 0.2273 0.9670 -0.1154
vn 0.4217 0.9049 -0.0578
vn -0.0260 -0.9411 -0.3371
vn 0.7626 -0.0898 -0.6406
vn -0.2141 -0.9537 -0.2111
vn -0.0000 -0.9713 -0.2380
vn 0.8265 -0.2199 0.5183
vn -0.1814 -0.9826 -0.0405
vn -0.2681 -0.9591 -0.0912
vn -0.3001 -0.9455 -0.1265
vn 0.8759 -0.3738 0.3052
vn -0.2070 -0.9697 -0.1297
vn -0.1379 -0.9904 -0.0117
vn 0.7626 -0.0897 -0.6406
vn 0.9162 0.0417 0.3986
vn 0.8265 -0.2198 0.5183
vn 0.9268 -0.2170 -0.3065
vn 0.9268 -0.2169 -0.3065
vn -0.2745 0.3446 -0.8977
vn 0.7398 -0.6578 -0.1410
vn 0.8565 -0.5079 0.0917
vn 0.0667 0.9879 -0.1398
vn 0.1637 0.9782 -0.1276
vn 0.6079 -0.7937 -0.0219
vn 0.7398 -0.6579 -0.1409
vn 0.1493 -0.7481 -0.6466
vn -0.7524 -0.1189 -0.6479
vn 0.1493 -0.7481 -0.6465
vn -0.6164 0.7662 -0.1820
vn 0.9194 0.3317 -0.2112
vn 0.8399 0.5402 0.0535
vn 0.5767 0.8127 -0.0826
vn -0.2990 -0.9223 -0.2449
vn -0.0000 -0.9714 -0.2376
vn -0.0000 0.9948 -0.1019
vn 0.4410 0.8944 0.0743
vn 0.9784 0.1141 0.1725
vn 0.8112 -0.5407 0.2226
vn 0.2561 0.9645 0.0647
vn 0.4708 0.8808 0.0501
vn 0.4008 -0.8877 0.2265
vn -0.0000 -0.9807 0.1956
vn 0.8217 0.5549 0.1297
vn 0.4230 0.9017 0.0897
vn 0.1901 0.9757 0.1092
vn 0.8933 0.4104 0.1830
vn 0.9741 0.1285 0.1862
vn 0.9117 -0.3415 0.2282
vn 0.4727 -0.8648 0.1693
vn -0.0000 -0.9882 0.1530
vn 0.2935 -0.5804 0.7596
vn -0.0369 0.3435 0.9384
vn -0.0812 0.3675 0.9265
vn 0.5423 -0.6545 0.5268
vn -0.6515 -0.7584 0.0191
vn -0.5003 -0.8658 0.0055
vn -0.9376 0.3295 0.1112
vn -0.9460 0.2449 0.2124
vn -0.8195 -0.5660 0.0897
vn -0.9198 0.1770 -0.3503
vn -0.8745 0.0215 -0.4845
vn -0.9051 -0.4222 0.0507
vn -0.1272 -0.9887 0.0800
vn 0.4863 -0.4133 -0.7699
vn 0.5517 -0.2389 -0.7991
vn -0.0197 -0.9986 -0.0488
vn 0.1570 -0.9831 -0.0943
vn 0.3906 -0.8727 -0.2930
vn -0.1219 -0.6222 -0.7733
vn -0.2425 -0.5909 -0.7694
vn -0.7762 0.0107 -0.6304
vn -0.9273 0.3578 -0.1101
vn 0.3598 -0.4934 -0.7919
vn -0.7145 0.0074 -0.6996
vn 0.0333 -0.9970 -0.0694
vn 0.1447 -0.9895 -0.0002
vn -0.5002 -0.8659 0.0055
vn 0.0984 -0.9810 0.1672
vn 0.6329 -0.7580 -0.1575
vn 0.1653 -0.9751 0.1477
vn 0.9701 -0.1752 -0.1682
vn 0.8829 0.4490 -0.1372
vn 0.8868 0.4610 0.0320
vn 0.9376 -0.3273 -0.1178
vn 0.4862 -0.4133 -0.7699
vn 0.4582 0.0918 -0.8841
vn 0.4177 0.6353 -0.6495
vn 0.4447 0.6677 -0.5970
vn -0.2461 0.3322 0.9105
vn -0.2081 0.5154 0.8313
vn -0.1959 0.4286 0.8820
vn -0.2344 0.1817 0.9550
vn 0.4135 0.6790 -0.6066
vn 0.4601 0.6899 -0.5589
vn 0.5244 -0.1435 -0.8393
vn 0.0021 -0.8208 0.5712
vn -0.0406 -0.5740 0.8178
vn 0.9255 -0.2601 0.2753
vn 0.8700 -0.4003 0.2879
vn 0.0113 -0.9914 -0.1306
vn -0.1652 0.4238 0.8906
vn 0.4254 -0.0940 0.9001
vn -0.2194 -0.5293 -0.8196
vn 0.6881 -0.6134 -0.3877
vn -0.5710 -0.7854 -0.2389
vn -0.4778 0.5356 -0.6963
vn -0.4165 -0.7000 -0.5801
vn -0.3499 -0.5651 -0.7471
vn -0.4535 0.6017 -0.6575
vn -0.9315 0.2251 -0.2857
vn -0.5999 -0.7378 -0.3095
vn -0.9429 -0.3298 -0.0472
vn -0.9512 0.3045 -0.0499
vn -0.3851 -0.9147 -0.1225
vn -0.0202 -0.9766 0.2140
vn 0.0896 -0.9776 0.1907
vn 0.2103 -0.9769 0.0378
vn -0.5678 -0.8140 0.1222
vn 0.4463 0.7353 -0.5100
vn 0.9514 0.2943 -0.0912
vn 0.9552 0.1983 -0.2197
vn 0.1290 0.2679 -0.9548
vn 0.8644 -0.5019 0.0296
vn 0.0853 -0.9892 0.1190
vn 0.1268 -0.9714 -0.2009
vn 0.6424 0.7148 0.2763
vn 0.5466 0.6175 0.5656
vn 0.8914 -0.3986 0.2157
vn 0.9863 -0.1075 0.1248
vn 0.8204 0.2997 -0.4869
vn 0.5937 0.6033 -0.5325
vn 0.7348 0.5742 -0.3610
vn 0.9244 0.3713 0.0877
vn 0.8204 0.2998 -0.4869
vn 0.8671 -0.4980 0.0061
vn 0.7651 0.6438 -0.0145
vn -0.3598 -0.8240 -0.4377
vn 0.3968 -0.3039 -0.8661
vn 0.5208 -0.2694 -0.8100
vn 0.2419 -0.9684 0.0616
vn -0.2237 0.9684 0.1105
vn -0.1881 0.9572 0.2201
vn -0.8170 -0.4128 -0.4026
vn -0.8997 0.2129 -0.3810
vn -0.6126 0.3374 -0.7147
vn -0.8164 0.4196 -0.3968
vn -0.9540 0.1552 -0.2566
vn -0.3852 -0.9147 -0.1225
vn -0.2195 -0.5293 -0.8196
vn -0.8680 0.2894 -0.4036
vn -0.6802 0.4417 -0.5850
vn 0.3027 -0.5782 0.7577
vn 0.1190 0.3030 0.9455
vn -0.8162 -0.2176 -0.5353
vn 0.0445 -0.9959 -0.0786
vn -0.6968 -0.4993 0.5149
vn -0.8700 0.1050 0.4818
vn -0.8241 0.4497 0.3445
vn -0.1551 -0.0018 0.9879
vn -0.1860 0.0246 0.9822
vn -0.1665 0.0255 0.9857
vn 0.7574 -0.2695 0.5947
vn -0.0408 -0.2636 0.9638
vn 0.6869 0.5186 -0.5091
vn 0.4678 -0.2431 -0.8497
vn -0.3047 0.4370 0.8463
vn -0.2684 0.4975 0.8249
vn 0.9268 -0.3755 -0.0057
vn 0.7924 0.5926 0.1444
vn -0.2404 0.2565 0.9361
vn -0.2020 0.1213 0.9718
vn -0.3939 -0.9189 0.0231
vn 0.2730 -0.8942 -0.3548
vn -0.0530 0.0219 0.9984
vn 0.6420 -0.5571 0.5268
vn -0.2424 -0.5910 -0.7694
vn -0.4583 0.6260 -0.6309
vn 0.1971 -0.5784 0.7916
vn -0.8566 -0.4739 -0.2041
vn 0.1634 -0.6693 -0.7248
vn 0.0744 -0.2382 -0.9684
vn 0.9859 0.0236 -0.1656
vn 0.7516 0.4322 -0.4982
vn 0.5207 -0.2694 -0.8101
vn 0.5403 0.7843 0.3047
vn 0.8391 0.5026 0.2080
vn 0.7472 0.1948 0.6354
vn -0.9135 0.2478 0.3227
vn 0.3231 -0.4936 0.8074
vn 0.1856 0.5817 0.7920
vn -0.0335 -0.9932 0.1117
vn 0.4583 0.0918 -0.8840
vn 0.0639 -0.9687 0.2398
vn 0.9700 -0.1753 -0.1683
vn 0.8644 -0.5020 0.0296
vn 0.8433 0.5372 -0.0162
vn 0.5457 0.4497 0.7071
vn 0.1970 -0.5785 0.7915
vn 0.9353 -0.3060 -0.1776
vn -0.2619 0.8189 0.5107
vn -0.8940 0.3413 0.2903
vn -0.8154 0.2516 0.5214
vn -0.2558 0.6217 0.7403
vn -0.1880 0.3515 0.9171
vn -0.7675 0.1820 0.6147
vn 0.2615 0.8921 0.3684
vn 0.7215 -0.6756 0.1514
vn 0.9182 0.3249 0.2266
vn 0.5403 0.7844 0.3047
vn -0.3670 -0.8682 0.3340
vn 0.0080 -0.9998 0.0193
vn 0.8672 -0.4980 0.0062
vn 0.9863 -0.1075 0.1247
vn 0.8914 -0.3985 0.2157
vn 0.7472 0.1948 0.6355
vn 0.9244 0.3712 0.0876
vn 0.6546 0.0280 0.7555
vn -0.2374 0.5700 0.7866
vn -0.5677 -0.8141 0.1223
vn -0.3939 -0.9188 0.0232
vn -0.2797 0.9515 -0.1286
vn -0.3285 0.9389 0.1025
vn -0.4437 0.8916 0.0905
vn -0.6178 0.7822 0.0810
vn -0.3670 -0.8682 0.3341
vn -0.6126 0.3374 -0.7148
vn -0.0023 0.8778 -0.4791
vn 0.0424 0.9968 -0.0676
vn 0.0141 0.9814 -0.1914
vn -0.0302 0.8872 -0.4605
vn -0.9273 0.3578 -0.1102
vn 0.7574 -0.2696 0.5947
vn 0.1187 -0.9779 0.1720
vn 0.6329 -0.7580 -0.1576
vn 0.2773 0.8367 -0.4722
vn 0.3498 0.8629 -0.3647
vn 0.2382 0.9498 -0.2026
vn 0.4546 0.8509 -0.2631
vn -0.0620 0.1910 0.9796
vn -0.1002 0.0485 0.9938
vn 0.6807 0.6394 -0.3575
vn 0.7723 0.5125 -0.3754
vn -0.3450 0.3897 0.8539
vn -0.3667 0.4578 0.8099
vn 0.1405 -0.9762 0.1652
vn 0.5936 0.6033 -0.5325
vn 0.2148 0.8162 -0.5364
vn 0.3061 0.7810 -0.5444
vn 0.4678 -0.2431 -0.8498
vn -0.3280 -0.9156 -0.2325
vn 0.4308 -0.8751 0.2205
vn -0.3463 0.5135 0.7851
vn -0.2291 0.3936 0.8903
vn -0.2114 0.3719 0.9039
vn -0.1629 0.1998 0.9662
vn -0.1851 0.0636 0.9807
vn -0.2760 -0.0309 0.9607
vn -0.1447 -0.0360 0.9888
vn -0.1262 0.0625 0.9900
vn -0.3358 -0.7987 -0.4993
vn -0.4194 -0.8366 -0.3524
vn -0.0565 -0.9890 -0.1369
vn -0.0067 -0.9918 -0.1274
vn -0.1529 -0.9882 0.0086
vn -0.0739 -0.9949 0.0694
vn -0.9428 -0.3299 -0.0472
vn -0.6000 -0.7377 -0.3095
vn -0.8170 -0.4129 -0.4026
vn -0.8195 -0.5660 0.0898
vn -0.9051 -0.4222 0.0508
vn -0.6969 -0.4993 0.5148
vn 0.3231 -0.4935 0.8075
vn 0.3026 -0.5781 0.7577
vn 0.2936 -0.5803 0.7596
vn -0.0000 0.9945 0.1048
vn -0.0000 0.9933 0.1152
vn -0.0000 0.9996 -0.0285
vn -0.0000 0.9996 -0.0286
vn -0.1781 -0.9683 0.1753
vn -0.2145 -0.9555 0.2024
vn -0.1406 0.3480 -0.9269
vn -0.0103 0.0449 -0.9989
vn -0.2071 -0.7948 0.5704
vn 0.0003 0.9933 -0.1159
vn -0.1407 0.3480 -0.9269
vn 0.1727 0.9837 -0.0510
vn 0.1222 0.9815 -0.1477
vn -0.0104 0.0449 -0.9989
vn 0.3546 0.9150 -0.1926
vn 0.3515 0.8342 0.4249
vn 0.0500 0.0920 0.9945
vn 0.2170 0.9273 -0.3052
vn -0.5754 -0.7785 0.2508
vn -0.1579 -0.8679 0.4710
vn -0.2241 -0.8408 0.4927
vn -0.2495 -0.8634 0.4386
vn 0.0512 0.9980 -0.0372
vn -0.0529 0.9986 0.0082
vn -0.0434 0.9989 -0.0184
vn -0.0476 -0.9892 0.1386
vn -0.1114 -0.9847 0.1337
vn -0.0796 -0.9800 0.1823
vn -0.0028 -0.9847 0.1742
vn 0.0216 0.9837 -0.1786
vn 0.0374 0.9829 -0.1802
vn -0.0174 0.9758 -0.2180
vn 0.0219 0.9677 -0.2511
vn -0.0130 -0.9996 0.0238
vn -0.0045 -0.9998 -0.0186
vn -0.0428 -0.9988 -0.0236
vn -0.1164 -0.9882 0.1001
vn 0.1301 0.9710 -0.2008
vn -0.2214 -0.4570 0.8614
vn -0.2181 -0.8677 -0.4468
vn 0.1442 0.9551 -0.2588
vn -0.1844 -0.4468 -0.8754
vn -0.1563 -0.9856 -0.0645
vn -0.1423 -0.9060 0.3986
vn -0.1840 -0.8646 0.4676
vn -0.2312 -0.6138 0.7549
vn -0.2133 -0.9462 0.2433
vn -0.1041 -0.9900 0.0949
vn -0.0519 -0.6211 0.7820
vn 0.0324 0.9971 -0.0696
vn 0.0397 0.9951 -0.0900
vn 0.0413 0.9593 -0.2793
vn 0.0247 0.9923 -0.1210
vn 0.2880 0.8679 -0.4047
vn -0.5662 -0.3118 -0.7630
vn -0.1710 0.5510 0.8168
vn -0.0265 0.9135 0.4060
vn 0.0334 -0.9932 -0.1119
vn 0.0279 -0.9984 -0.0499
vn 0.0169 -0.9972 -0.0730
vn 0.0354 -0.9973 -0.0636
vn 0.0497 -0.9985 -0.0217
vn 0.1444 -0.9894 -0.0150
vn 0.0830 -0.9881 -0.1296
vn 0.0499 0.0919 0.9945
vn -0.3635 -0.8929 0.2657
vn -0.2376 -0.9298 0.2811
vn -0.0345 -0.9751 0.2189
vn -0.0557 -0.9532 0.2972
vn -0.0865 -0.9196 0.3832
vn -0.0706 -0.9580 0.2778
vn -0.1199 -0.9758 0.1830
vn -0.1780 -0.9258 0.3334
vn 0.0486 0.9812 -0.1865
vn 0.1828 0.9591 -0.2162
vn 0.0242 0.9885 -0.1495
vn -0.0029 0.9650 -0.2621
vn -0.9741 -0.2032 0.0998
vn -0.4292 -0.2773 0.8596
vn 0.0922 0.9895 -0.1109
vn -0.4559 -0.8899 -0.0160
vn -0.0890 -0.9944 0.0568
vn -0.1208 -0.9909 0.0586
vn -0.1191 -0.0726 -0.9902
vn -0.0504 -0.9941 -0.0957
vn 0.0192 -0.9948 -0.0996
vn 0.2425 0.6290 -0.7386
vn 0.0079 -0.9998 -0.0173
vn 0.0640 0.9821 -0.1773
vn 0.1173 0.9727 -0.2001
vn -0.9662 -0.2040 -0.1573
vn -0.8166 -0.5265 -0.2366
vn -0.5251 -0.8232 -0.2159
vn -0.2710 0.8617 -0.4290
vn -0.6410 0.1001 0.7610
vn -0.1044 -0.8398 0.5328
vn -0.1026 -0.7463 0.6576
vn -0.1154 -0.9903 -0.0771
vn 0.3670 0.8706 -0.3276
vn 0.0267 -0.9970 -0.0729
vn -0.4873 0.5175 -0.7033
vn -0.8667 0.2385 -0.4381
vn -0.6734 0.7389 -0.0230
vn -0.4527 0.8910 -0.0356
vn -0.4361 0.8995 -0.0249
vn 0.1390 -0.0725 -0.9876
vn 0.1094 0.9843 -0.1387
vn 0.3731 0.5351 -0.7580
vn -0.3352 0.7967 -0.5029
vn -0.1259 -0.9727 -0.1952
vn -0.0868 -0.9952 -0.0445
vn -0.0153 0.9675 -0.2523
vn 0.0178 0.9809 -0.1939
vn 0.0082 0.9979 0.0645
vn -0.0139 0.9986 -0.0508
vn -0.1759 -0.9617 0.2101
vn -0.1165 -0.9870 0.1110
vn -0.1786 -0.9378 0.2978
vn -0.1835 -0.9720 0.1466
vn -0.1251 -0.6359 0.7615
vn -0.1185 -0.9669 0.2259
vn -0.0571 0.9935 -0.0982
vn -0.1239 -0.9471 0.2962
vn -0.1278 -0.9216 0.3664
vn -0.0658 -0.9205 0.3852
vn -0.0154 0.9884 -0.1512
vn -0.6467 -0.7429 -0.1727
vn 0.8025 -0.5925 -0.0703
vn -0.3913 0.8377 -0.3810
vn -0.9542 0.2021 -0.2205
vn 0.1065 0.9580 -0.2661
vn 0.0685 0.9802 -0.1855
vn -0.5115 0.8553 -0.0830
vn -0.0022 -0.6780 0.7350
vn -0.1355 -0.9749 0.1764
vn -0.1624 -0.9725 0.1672
vn -0.1390 -0.9860 0.0918
vn -0.1263 -0.9871 0.0987
vn -0.0944 -0.9879 0.1232
vn 0.0351 0.9857 -0.1647
vn 0.0482 0.9545 -0.2941
vn -0.1072 -0.9938 0.0282
vn -0.0860 -0.9962 0.0123
vn -0.0229 0.3987 0.9168
vn -0.0861 0.3390 0.9369
vn -0.2312 -0.6137 0.7549
vn 0.0932 0.9540 -0.2850
vn 0.2015 0.5319 -0.8225
vn 0.0217 0.1543 -0.9878
vn 0.0333 0.9968 -0.0733
vn -0.1132 -0.9926 0.0440
vn 0.0107 -0.9999 -0.0034
vn -0.0229 -0.9982 -0.0552
vn -0.0801 -0.9967 -0.0086
vn -0.0342 -0.9951 0.0926
vn -0.0224 -0.9990 0.0390
vn 0.0262 -0.9920 -0.1238
vn -0.0960 0.9904 -0.0993
vn 0.0037 -0.9960 -0.0894
vn 0.1843 0.9131 -0.3636
vn 0.1035 0.4611 0.8813
vn 0.1575 0.4220 0.8928
vn -0.1844 -0.4467 -0.8755
vn 0.1535 0.9058 -0.3949
vn 0.1224 0.9148 -0.3849
vn -0.0571 0.9935 -0.0983
vn 0.1283 0.6351 0.7617
vn -0.0806 0.7455 0.6616
vn -0.1268 -0.9638 0.2345
vn -0.1319 -0.9314 0.3392
vn 0.0151 0.9928 -0.1190
vn -0.3639 0.9235 -0.1212
vn -0.3720 0.9176 -0.1400
vn -0.1275 0.9844 -0.1212
vn -0.1068 0.9914 -0.0762
vn -0.1842 -0.9809 -0.0624
vn -0.0989 -0.9950 0.0134
vn -0.0414 -0.9556 -0.2916
vn 0.0120 0.9861 -0.1656
vn -0.5547 0.7915 -0.2566
vn 0.2697 -0.9627 -0.0192
vn 0.0701 -0.9975 -0.0088
vn -0.4314 0.8684 -0.2444
vn -0.1703 -0.8965 0.4091
vn 0.0243 0.9885 -0.1495
vn 0.0996 0.5158 0.8509
vn -0.2557 -0.9045 0.3413
vn -0.2573 0.9656 -0.0369
vn -0.3336 0.9274 -0.1690
vn -0.1056 0.9747 -0.1972
vn 0.0187 0.9966 -0.0807
vn -0.0548 -0.9965 -0.0628
vn 0.1747 -0.8381 -0.5168
vn 0.0253 -0.9535 -0.3003
vn 0.1712 -0.9838 -0.0538
vn -0.0496 0.9841 -0.1703
vn 0.0220 0.9671 -0.2533
vn -0.1622 0.9742 -0.1571
vn -0.0998 -0.8772 0.4697
vn -0.0182 0.9998 -0.0105
vn -0.0163 0.9997 -0.0163
vn -0.0234 0.9988 -0.0429
vn -0.0327 0.9994 0.0084
vn -0.0538 0.9984 0.0146
vn 0.0725 0.4016 0.9130
vn 0.0917 0.3416 0.9354
vn 0.0562 0.9848 -0.1641
vn -0.8365 0.0713 -0.5434
vn -0.2906 0.1428 -0.9461
vn 0.0648 -0.9957 -0.0657
vn 0.0689 0.7354 -0.6741
vn -0.4047 -0.3370 -0.8501
vn -0.2311 -0.8745 0.4264
vn -0.1816 -0.9081 0.3772
vn -0.5423 0.8337 -0.1039
vn -0.0189 -0.9972 -0.0718
vn 0.4141 0.5782 -0.7030
vn -0.2070 -0.7948 0.5705
vn 0.2114 0.9759 -0.0546
vn -0.8668 0.2384 -0.4381
vn 0.4569 -0.8867 -0.0716
vn -0.0907 -0.9912 0.0962
vn -0.1521 -0.9512 0.2683
vn -0.0265 0.9135 0.4061
vn 0.0906 0.9827 -0.1616
vn -0.6409 0.1001 0.7610
vn 0.1095 0.9865 0.1215
vn -0.0133 0.2220 -0.9750
vn 0.0277 0.9847 -0.1722
vn -0.3389 -0.6101 -0.7162
vn -0.3145 0.8980 -0.3077
vn 0.0520 0.9418 -0.3322
vn -0.0715 -0.9973 0.0167
vn -0.0624 -0.9972 0.0415
vn 0.0084 0.9689 -0.2474
vn 0.0106 0.9987 -0.0495
vn 0.1376 0.9022 0.4088
vn 0.1783 0.6487 0.7399
vn -0.8365 0.0714 -0.5433
vn -0.2906 0.1427 -0.9461
vn -0.1192 -0.9902 0.0725
vn -0.1082 -0.9908 0.0816
vn -0.1436 -0.9875 0.0654
vn -0.2214 -0.4570 0.8615
vn -0.1415 -0.9723 0.1858
vn -0.1431 -0.9758 0.1650
vn 0.0773 -0.5578 0.8264
vn 0.1623 0.9854 -0.0510
vn 0.1055 0.9564 -0.2725
vn 0.1335 0.9367 -0.3236
vn -0.3398 -0.1769 -0.9237
vn -0.1217 -0.8968 0.4254
vn -0.1277 -0.9433 0.3063
vn -0.1127 0.9866 -0.1178
vn -0.0771 -0.8998 -0.4295
vn 0.0268 0.9980 -0.0576
vn 0.0396 -0.3939 0.9183
vn 0.1391 -0.0726 -0.9876
vn -0.1420 -0.9844 0.1040
vn -0.0134 0.2220 -0.9750
vn 0.0706 0.8911 -0.4483
vn 0.1283 0.6350 0.7618
vn 0.0328 0.9430 -0.3311
vn 0.0264 0.9986 -0.0450
vn -0.1230 -0.7701 0.6260
vn -0.1540 -0.7836 0.6019
vn -0.0322 0.1379 0.9899
vn 0.0356 0.2472 0.9683
vn -0.3186 -0.8519 0.4157
vn 0.1078 0.4690 0.8766
vn -0.3853 0.9104 0.1506
vn -0.0806 0.7456 0.6615
vn -0.1299 -0.9590 0.2517
vn -0.1165 0.8842 0.4523
vn 0.0674 0.8713 0.4861
vn 0.0693 0.9918 -0.1070
vn 0.0643 0.9639 -0.2584
vn 0.0312 0.9989 0.0351
vn 0.0281 0.8836 0.4673
vn -0.0204 0.6794 0.7334
vn -0.1041 -0.8020 0.5881
vn -0.1910 -0.7447 0.6395
vn -0.0523 0.2069 0.9770
vn -0.0452 0.1044 0.9935
vn -0.1139 -0.9859 0.1229
vn -0.1588 -0.9664 0.2022
vn -0.1141 -0.9727 0.2021
vn -0.1346 -0.9861 0.0979
vn -0.3590 0.9225 -0.1418
vn -0.1540 -0.7835 0.6020
vn 0.7510 -0.6515 -0.1076
vn -0.4874 0.5175 -0.7033
vn -0.3913 0.8377 -0.3809
vn -0.0966 -0.9853 0.1409
vn 0.0138 0.8211 0.5706
vn -0.0021 -0.6779 0.7351
vn 0.0745 0.9897 -0.1221
vn 0.2517 -0.5448 -0.7999
vn -0.4325 -0.1454 0.8899
vn -0.4632 0.3490 0.8147
vn -0.4560 -0.8898 -0.0160
vn -0.0967 -0.9929 0.0686
vn -0.4325 -0.1455 0.8898
vn 0.2016 0.5319 -0.8224
vn 0.0218 0.1542 -0.9878
vn -0.6978 -0.1210 0.7060
vn -0.6977 -0.1211 0.7061
vn -0.0918 0.9937 -0.0640
vn -0.0596 0.8237 -0.5638
vn -0.9740 -0.2032 0.0997
vn -0.6101 0.0687 -0.7893
vn -0.6100 0.0688 -0.7894
vn -0.4293 -0.2773 0.8595
vn 0.1574 0.4220 0.8928
vn -0.1858 -0.9127 0.3639
vn -0.1827 -0.9245 0.3346
vn -0.1492 -0.6710 0.7263
vn 0.1883 0.9469 -0.2605
vn -0.2192 -0.4392 -0.8712
vn 0.0997 0.5159 0.8509
vn -0.3576 -0.4154 -0.8364
vn 0.1034 0.4611 0.8813
vn -0.3298 -0.8735 0.3580
vn -0.3397 -0.1768 -0.9237
vn -0.3146 0.8980 -0.3077
vn -0.5662 -0.3119 -0.7630
vn -0.3575 -0.4155 -0.8364
vn -0.2192 -0.4391 -0.8713
vn 0.3731 0.5350 -0.7580
vn -0.1265 -0.9891 0.0748
vn -0.5116 0.8552 -0.0830
vn 0.2624 -0.4056 -0.8756
vn 0.1077 0.9635 -0.2451
vn 0.0923 -0.0833 -0.9922
vn 0.0924 -0.0832 -0.9922
vn -0.1103 -0.9861 0.1243
vn 0.0329 0.9430 -0.3311
vn 0.0778 0.9794 -0.1863
vn 0.0827 0.9861 -0.1441
vn 0.1251 0.9320 -0.3401
vn -0.0592 -0.5345 0.8431
vn -0.7943 0.5701 0.2098
vn 0.1229 0.9680 -0.2188
vn -0.1570 -0.9560 0.2476
vn -0.1837 -0.9260 0.3299
vn -0.1758 -0.8885 0.4239
vn -0.1476 -0.9762 0.1591
vn -0.7943 0.5701 0.2099
vn -0.1140 -0.9843 0.1344
vn -0.0565 -0.9969 -0.0554
vn -0.3170 -0.2947 -0.9015
vn -0.4527 0.2577 -0.8536
vn 0.0918 0.3415 0.9354
vn 0.2719 0.9240 -0.2690
vn 0.1079 0.4690 0.8766
vn -0.3171 -0.2947 -0.9015
vn -0.1489 -0.9101 0.3866
vn -0.5184 0.7345 -0.4378
vn -0.5185 0.7345 -0.4379
vn -0.4526 0.2577 -0.8536
vn -0.0560 0.9983 0.0136
vn -0.2870 0.7217 -0.6300
vn -0.2870 0.7217 -0.6299
vn -0.0644 0.9513 -0.3016
vn -0.0705 0.7290 -0.6809
vn -0.3353 0.7967 -0.5028
vn -0.0011 0.9957 -0.0929
vn -0.1259 -0.9726 -0.1952
vn -0.2288 0.9527 -0.2002
vn -0.0574 -0.9920 -0.1124
vn -0.2447 -0.0491 -0.9684
vn -0.4881 0.5095 -0.7086
vn -0.0448 0.9875 -0.1514
vn -0.0575 -0.9920 -0.1124
vn -0.2446 -0.0492 -0.9684
vn -0.4881 0.5095 -0.7087
vn -0.0010 0.9957 -0.0929
vn -0.1994 0.7553 -0.6244
vn 0.0253 -0.9535 -0.3002
vn -0.1993 0.7553 -0.6243
vn -0.0698 0.4100 -0.9094
vn -0.0785 0.9948 -0.0650
vn -0.0596 0.8238 -0.5638
vn 0.2424 0.6291 -0.7386
vn -0.1190 -0.0725 -0.9902
vn -0.1126 0.9866 -0.1178
vn -0.0770 -0.8998 -0.4295
vn 0.4141 0.5781 -0.7031
vn 0.3669 0.8707 -0.3276
vn -0.0698 0.4099 -0.9094
vn -0.7643 -0.5608 -0.3184
vn -0.7816 -0.5883 -0.2073
vn -0.7150 -0.6788 -0.1673
vn -0.8230 -0.5452 0.1597
vn -0.1953 -0.9679 0.1583
vn -0.2404 -0.9570 0.1626
vn -0.8916 -0.4528 -0.0106
vn -0.0176 -0.5226 -0.8524
vn -0.5332 -0.6134 -0.5826
vn -0.9535 -0.0756 -0.2919
vn -0.8864 0.1443 -0.4398
vn -0.9891 0.1188 0.0868
vn -0.9649 -0.2009 0.1690
vn -0.2171 -0.9094 -0.3548
vn -0.4604 -0.8409 -0.2844
vn -0.0612 -0.9845 -0.1643
vn 0.0765 -0.9820 -0.1726
vn -0.8637 -0.4549 -0.2171
vn -0.8925 -0.4145 -0.1780
vn -0.3714 0.9157 -0.1536
vn -0.4194 0.8974 -0.1373
vn 0.2858 -0.9559 0.0674
vn 0.5885 -0.5892 0.5536
vn -0.9870 -0.0489 -0.1528
vn -0.9425 0.0195 0.3338
vn -0.9257 0.1014 -0.3644
vn 0.2507 0.3846 0.8884
vn -0.0510 0.8137 0.5790
vn 0.7615 -0.6267 -0.1653
vn 0.8721 -0.4829 -0.0785
vn 0.7657 -0.5226 -0.3749
vn 0.7463 -0.5672 -0.3484
vn -0.8610 0.0073 0.5086
vn -0.9804 -0.0591 0.1878
vn -0.2265 0.9660 0.1243
vn -0.1285 0.8195 0.5585
vn -0.2928 0.9474 0.1289
vn -0.3306 0.9416 0.0631
vn -0.2858 0.9573 -0.0432
vn -0.8333 0.5528 0.0015
vn -0.3125 0.9427 -0.1166
vn -0.1763 0.9827 -0.0573
vn -0.3613 -0.7816 0.5085
vn -0.3292 -0.8592 0.3915
vn -0.1165 0.9893 -0.0879
vn -0.7678 -0.6231 -0.1489
vn -0.7050 -0.6901 -0.1634
vn -0.8446 -0.4878 -0.2205
vn -0.8054 0.5501 0.2209
vn -0.5668 0.7604 0.3170
vn -0.7604 0.0636 0.6463
vn -0.9402 0.0077 0.3405
vn -0.6390 -0.1656 0.7511
vn -0.4194 -0.2768 0.8646
vn -0.3816 -0.0925 0.9197
vn -0.7966 -0.2049 -0.5688
vn -0.7239 -0.0079 -0.6899
vn 0.6569 -0.6935 -0.2957
vn 0.4108 -0.7551 -0.5109
vn -0.3425 0.9340 -0.1018
vn -0.9662 -0.2041 -0.1573
vn -0.2466 0.9637 -0.1023
vn -0.1348 -0.9788 -0.1540
vn -0.7033 -0.6949 -0.1501
vn -0.8446 -0.4879 -0.2205
vn -0.6509 -0.7082 -0.2734
vn -0.3643 0.9313 -0.0036
vn -0.2466 0.9637 -0.1024
vn -0.4701 -0.8361 -0.2826
vn -0.3748 -0.8540 -0.3609
vn -0.5518 -0.8340 0.0016
vn 0.9272 -0.3186 0.1971
vn 0.4513 -0.2196 0.8649
vn 0.7078 -0.2103 0.6743
vn 0.8897 -0.4033 -0.2139
vn -0.4254 -0.0941 0.9001
vn -0.2453 -0.0444 0.9684
vn -0.5508 -0.5655 -0.6139
vn -0.9363 -0.0001 0.3512
vn 0.7280 -0.4638 -0.5049
vn 0.7079 -0.2103 0.6743
vn -0.4779 -0.8271 0.2957
vn -0.3704 -0.7614 0.5321
vn -0.4727 -0.8812 0.0005
vn -0.3409 0.9392 -0.0420
vn -0.4160 0.9032 -0.1056
vn -0.2966 0.9512 -0.0847
vn -0.7039 -0.2314 0.6715
vn -0.4299 -0.3807 0.8187
vn -0.7901 -0.5445 0.2815
vn -0.6604 -0.5848 0.4711
vn -0.7194 -0.4986 0.4836
vn -0.7168 -0.5844 0.3804
vn -0.6723 -0.6651 0.3250
vn -0.2671 0.9547 -0.1313
vn -0.2581 0.9653 0.0394
vn -0.4313 0.9004 -0.0578
vn 0.2515 0.2226 0.9419
vn -0.2499 0.9651 -0.0778
vn -0.4160 0.9032 -0.1055
vn -0.3409 0.9391 -0.0420
vn -0.3928 0.9172 -0.0666
vn -0.2366 0.9560 -0.1733
vn -0.4174 0.9026 -0.1054
vn -0.6854 0.0155 -0.7280
vn -0.8757 0.0814 -0.4760
vn -0.7885 -0.5904 0.1723
vn 0.1496 -0.9887 0.0121
vn -0.0928 -0.9823 -0.1627
vn -0.2709 0.8618 -0.4289
vn -0.9542 0.2021 -0.2207
vn 0.2288 -0.3595 0.9047
vn 0.2706 -0.9329 0.2377
vn -0.7547 -0.3592 0.5489
vn -0.7537 -0.5120 0.4120
vn -0.5240 -0.6128 0.5915
vn -0.4431 -0.7774 0.4465
vn -0.3612 -0.6857 0.6319
vn -0.3613 -0.7815 0.5086
vn -0.7147 -0.6745 0.1853
vn -0.0001 0.9924 -0.1234
vn -0.0001 0.9951 0.0993
vn -0.7576 0.6508 0.0499
vn -0.5763 0.8128 0.0851
vn -0.6095 0.7806 0.1388
vn -0.2926 0.9474 -0.1295
vn -0.2267 0.9714 -0.0705
vn -0.2099 0.9751 -0.0710
vn -0.0818 0.9913 -0.1028
vn 0.0135 0.9936 -0.1118
vn -0.2333 0.9598 0.1563
vn 0.3525 -0.3795 0.8554
vn 0.1694 -0.5833 0.7944
vn -0.6821 -0.7124 -0.1649
vn -0.8925 -0.4144 -0.1780
vn -0.7190 -0.6580 -0.2236
vn 0.2252 -0.9742 -0.0141
vn -0.1953 -0.9679 0.1584
vn 0.3106 -0.9504 0.0171
vn 0.1241 -0.9905 -0.0585
vn 0.1497 -0.9887 0.0120
vn -0.7966 -0.2048 -0.5688
vn -0.2993 -0.1325 -0.9449
vn 0.4336 -0.4722 -0.7675
vn 0.3128 -0.5064 -0.8036
vn -0.6225 -0.7567 -0.1997
vn -0.5236 -0.8154 -0.2469
vn -0.4604 -0.8409 -0.2845
vn 0.8551 -0.4771 0.2031
vn 0.9187 -0.3950 0.0002
vn 0.7480 -0.6630 -0.0318
vn 0.6482 -0.7183 0.2528
vn 0.1956 -0.7296 0.6553
vn 0.6289 -0.7561 0.1809
vn 0.6966 -0.7060 -0.1276
vn -0.5519 -0.8339 0.0017
vn 0.9121 -0.4026 -0.0778
vn 0.6287 -0.6589 -0.4130
vn -0.5508 -0.5654 -0.6139
vn -0.3597 -0.4934 -0.7919
vn -0.8727 -0.0954 -0.4789
vn -0.2264 0.9661 0.1243
vn 0.2705 -0.9329 0.2376
vn 0.2288 -0.3594 0.9047
vn -0.8931 -0.4464 0.0559
vn -0.2333 -0.9549 0.1839
vn 0.7279 -0.4638 -0.5049
vn 0.6651 -0.5812 -0.4689
vn -0.5508 -0.5654 -0.6140
vn 0.8489 -0.4890 -0.2005
vn 0.3525 -0.3796 0.8554
vn 0.1956 -0.7297 0.6552
vn -0.9009 -0.1366 -0.4120
vn -0.7194 -0.4985 0.4837
vn -0.3597 -0.4934 -0.7920
vn -0.8865 -0.0377 0.4612
vn 0.0537 -0.9796 0.1937
vn -0.0365 0.9992 -0.0143
vn -0.2283 0.9735 -0.0106
vn -0.2523 0.9670 -0.0344
vn -0.0898 0.9912 -0.0970
vn -0.1612 0.9841 -0.0741
vn -0.0872 0.9931 -0.0779
vn -0.3909 0.9191 0.0485
vn -0.4260 0.9022 0.0671
vn 0.2117 -0.9565 -0.2007
vn 0.0814 -0.9612 -0.2636
vn 0.3528 -0.9332 -0.0689
vn 0.2255 0.1079 -0.9683
vn 0.4016 -0.4349 -0.8060
vn 0.0737 -0.9923 -0.0993
vn -0.0467 -0.9964 -0.0713
vn -0.0722 -0.9926 -0.0976
vn 0.0261 -0.9411 -0.3370
vn 0.0859 0.9840 -0.1559
vn 0.6164 0.7661 -0.1820
vn -0.0113 -0.9932 -0.1160
vn -0.2672 0.9628 0.0401
vn -0.0688 -0.8896 -0.4515
vn -0.2730 0.9619 0.0109
vn -0.3385 0.9375 0.0814
vn -0.4410 0.8878 0.1313
vn -0.3299 0.9440 -0.0071
vn 0.1909 -0.9594 -0.2075
vn 0.2067 -0.9643 -0.1656
vn 0.9290 0.0741 -0.3626
vn -0.3186 -0.8466 -0.4263
vn -0.3649 0.9302 -0.0408
vn -0.9471 -0.0868 -0.3091
vn 0.7181 -0.5492 -0.4275
vn -0.8565 -0.5078 0.0918
vn 0.3924 0.8789 -0.2712
vn -0.3185 -0.8466 -0.4263
vn -0.8398 0.5402 0.0535
vn -0.6086 0.7932 -0.0228
vn -0.4543 0.8841 -0.1097
vn 0.5405 0.8356 -0.0983
vn -0.1638 0.9782 -0.1276
vn -0.6080 -0.7937 -0.0219
vn 0.0032 0.9999 0.0096
vn -0.3632 0.9250 0.1116
vn -0.4068 0.9127 -0.0398
vn -0.9162 0.0417 0.3985
vn -0.8516 0.0316 0.5232
vn 0.7524 -0.1189 -0.6479
vn -0.0688 -0.8897 -0.4514
vn 0.1658 -0.9757 -0.1430
vn 0.0884 -0.9823 -0.1649
vn 0.0909 -0.9870 -0.1322
vn 0.0538 -0.9932 -0.1028
vn 0.5858 0.8095 -0.0402
vn 0.2321 -0.9535 -0.1921
vn 0.1926 -0.9714 -0.1390
vn 0.3393 -0.9324 -0.1244
vn -0.9471 -0.0869 -0.3091
vn 0.4015 -0.4350 -0.8060
vn 0.2744 0.3446 -0.8977
vn 0.7180 -0.5492 -0.4276
vn 0.2531 -0.9674 0.0120
vn 0.0859 0.9840 -0.1560
vn -0.0667 0.9879 -0.1397
vn -0.4211 0.8994 0.1173
vn -0.5767 0.8128 -0.0826
vn -0.9194 0.3318 -0.2113
vn -0.4872 0.8064 -0.3352
vn 0.9290 0.0741 -0.3625
vn 0.3908 0.9204 -0.0126
vn -0.9844 -0.1752 0.0177
vn -0.2273 0.9669 -0.1154
vn -0.4217 0.9049 -0.0577
vn -0.8865 -0.0376 0.4612
vn 0.0260 -0.9411 -0.3371
vn -0.7626 -0.0898 -0.6406
vn 0.2141 -0.9537 -0.2111
vn -0.8517 0.0316 0.5231
vn 0.2681 -0.9591 -0.0912
vn 0.1814 -0.9826 -0.0405
vn -0.8265 -0.2198 0.5183
vn 0.3001 -0.9455 -0.1265
vn -0.8759 -0.3737 0.3052
vn 0.2070 -0.9697 -0.1297
vn 0.1379 -0.9904 -0.0117
vn -0.7626 -0.0897 -0.6406
vn -0.9268 -0.2170 -0.3064
vn -0.9269 -0.2169 -0.3064
vn -0.8759 -0.3738 0.3052
vn 0.2745 0.3446 -0.8977
vn -0.7398 -0.6579 -0.1410
vn -0.8565 -0.5079 0.0917
vn -0.0667 0.9879 -0.1398
vn -0.6079 -0.7937 -0.0219
vn -0.7398 -0.6579 -0.1411
vn -0.1494 -0.7481 -0.6466
vn 0.7523 -0.1190 -0.6480
vn -0.1493 -0.7481 -0.6465
vn 0.6164 0.7662 -0.1819
vn -0.9194 0.3317 -0.2112
vn -0.8399 0.5402 0.0534
vn -0.5767 0.8127 -0.0826
vn 0.2990 -0.9223 -0.2449
vn -0.4410 0.8944 0.0743
vn -0.8112 -0.5407 0.2226
vn -0.9784 0.1141 0.1725
vn -0.2561 0.9645 0.0647
vn -0.4708 0.8808 0.0501
vn -0.4008 -0.8877 0.2265
vn -0.8217 0.5549 0.1297
vn -0.4230 0.9017 0.0897
vn -0.1901 0.9757 0.1092
vn -0.8933 0.4104 0.1830
vn -0.9741 0.1285 0.1862
vn -0.9117 -0.3415 0.2282
vn -0.4727 -0.8648 0.1693
vn -0.2936 -0.5803 0.7596
vn -0.5423 -0.6545 0.5268
vn 0.0812 0.3675 0.9265
vn 0.0369 0.3436 0.9384
vn 0.9376 0.3295 0.1112
vn 0.5003 -0.8658 0.0054
vn 0.6515 -0.7584 0.0192
vn 0.9460 0.2448 0.2124
vn 0.8195 -0.5660 0.0898
vn 0.9051 -0.4223 0.0507
vn 0.8745 0.0215 -0.4845
vn 0.9198 0.1770 -0.3503
vn 0.1272 -0.9887 0.0800
vn 0.0197 -0.9986 -0.0488
vn -0.5517 -0.2389 -0.7991
vn -0.4863 -0.4133 -0.7699
vn -0.1570 -0.9831 -0.0943
vn 0.2424 -0.5909 -0.7695
vn 0.1219 -0.6222 -0.7733
vn -0.3906 -0.8727 -0.2930
vn 0.7762 0.0108 -0.6304
vn 0.8897 -0.4032 -0.2140
vn 0.9273 0.3578 -0.1102
vn 0.7145 0.0074 -0.6996
vn 0.5002 -0.8659 0.0054
vn -0.1447 -0.9895 -0.0002
vn -0.0333 -0.9970 -0.0694
vn -0.0984 -0.9810 0.1672
vn -0.1653 -0.9751 0.1477
vn -0.6329 -0.7580 -0.1576
vn -0.9701 -0.1752 -0.1682
vn -0.9375 -0.3273 -0.1178
vn -0.8868 0.4610 0.0320
vn -0.8829 0.4490 -0.1372
vn -0.4862 -0.4133 -0.7699
vn -0.4447 0.6677 -0.5970
vn -0.4177 0.6353 -0.6495
vn -0.4583 0.0918 -0.8841
vn 0.2461 0.3321 0.9106
vn 0.2344 0.1817 0.9550
vn 0.1959 0.4286 0.8820
vn 0.2081 0.5154 0.8313
vn -0.5244 -0.1435 -0.8393
vn -0.4601 0.6899 -0.5589
vn -0.4135 0.6790 -0.6066
vn -0.9255 -0.2601 0.2753
vn 0.0405 -0.5740 0.8178
vn -0.0020 -0.8208 0.5712
vn -0.8700 -0.4003 0.2879
vn -0.0113 -0.9914 -0.1306
vn -0.5245 -0.1435 -0.8392
vn 0.1652 0.4238 0.8906
vn -0.4254 -0.0940 0.9001
vn 0.2195 -0.5294 -0.8195
vn 0.5711 -0.7854 -0.2389
vn -0.6881 -0.6134 -0.3877
vn 0.4778 0.5356 -0.6963
vn 0.4535 0.6017 -0.6575
vn 0.3499 -0.5651 -0.7471
vn 0.4165 -0.7000 -0.5801
vn 0.9429 -0.3298 -0.0472
vn 0.6000 -0.7378 -0.3094
vn 0.9315 0.2251 -0.2857
vn 0.9512 0.3045 -0.0498
vn 0.0202 -0.9766 0.2139
vn 0.3852 -0.9147 -0.1225
vn -0.0896 -0.9776 0.1907
vn 0.5678 -0.8141 0.1221
vn -0.2103 -0.9769 0.0378
vn -0.9552 0.1983 -0.2197
vn -0.9514 0.2943 -0.0912
vn -0.4463 0.7353 -0.5100
vn -0.1290 0.2679 -0.9548
vn -0.8644 -0.5019 0.0296
vn -0.9376 -0.3273 -0.1177
vn -0.1268 -0.9714 -0.2008
vn -0.0853 -0.9892 0.1190
vn -0.8914 -0.3986 0.2158
vn -0.5466 0.6175 0.5656
vn -0.6424 0.7148 0.2763
vn -0.9863 -0.1075 0.1248
vn -0.8204 0.2997 -0.4869
vn -0.7348 0.5742 -0.3610
vn -0.5937 0.6034 -0.5325
vn -0.8204 0.2998 -0.4869
vn -0.9244 0.3713 0.0877
vn -0.7651 0.6438 -0.0145
vn -0.8671 -0.4980 0.0061
vn 0.3598 -0.8240 -0.4377
vn -0.5207 -0.2694 -0.8101
vn -0.3968 -0.3039 -0.8662
vn -0.2419 -0.9684 0.0616
vn 0.1881 0.9572 0.2201
vn 0.2237 0.9684 0.1105
vn 0.8170 -0.4128 -0.4026
vn 0.8997 0.2129 -0.3810
vn 0.9540 0.1552 -0.2566
vn 0.8164 0.4196 -0.3968
vn 0.6126 0.3374 -0.7147
vn 0.3852 -0.9147 -0.1224
vn 0.2195 -0.5293 -0.8195
vn 0.1218 -0.6222 -0.7733
vn 0.6802 0.4417 -0.5850
vn 0.8679 0.2894 -0.4037
vn -0.3027 -0.5782 0.7577
vn -0.1190 0.3030 0.9456
vn 0.8162 -0.2176 -0.5353
vn 0.6969 -0.4993 0.5149
vn -0.0446 -0.9959 -0.0786
vn 0.1651 0.4238 0.8906
vn 0.8241 0.4497 0.3445
vn 0.8700 0.1050 0.4818
vn 0.1551 -0.0018 0.9879
vn 0.1665 0.0256 0.9857
vn 0.1861 0.0245 0.9822
vn -0.7575 -0.2695 0.5946
vn -0.0445 -0.9959 -0.0787
vn 0.0408 -0.2636 0.9638
vn -0.4678 -0.2431 -0.8497
vn -0.6869 0.5186 -0.5091
vn 0.2684 0.4975 0.8249
vn 0.3047 0.4370 0.8463
vn -0.9268 -0.3755 -0.0057
vn -0.7924 0.5926 0.1444
vn 0.2404 0.2565 0.9362
vn 0.2020 0.1213 0.9718
vn 0.3939 -0.9189 0.0231
vn -0.2730 -0.8942 -0.3548
vn -0.6420 -0.5570 0.5268
vn 0.0529 0.0219 0.9984
vn 0.2424 -0.5909 -0.7694
vn 0.4583 0.6260 -0.6309
vn -0.1969 -0.5785 0.7916
vn -0.1634 -0.6693 -0.7248
vn 0.8566 -0.4739 -0.2041
vn -0.0744 -0.2382 -0.9684
vn -0.9859 0.0236 -0.1656
vn -0.5208 -0.2694 -0.8101
vn -0.7516 0.4323 -0.4983
vn -0.5403 0.7843 0.3047
vn -0.7472 0.1948 0.6354
vn -0.9244 0.3712 0.0877
vn -0.8391 0.5026 0.2080
vn 0.5710 -0.7854 -0.2389
vn 0.9135 0.2478 0.3227
vn -0.3231 -0.4936 0.8074
vn -0.1856 0.5817 0.7920
vn 0.0335 -0.9932 0.1117
vn -0.4582 0.0918 -0.8841
vn -0.9700 -0.1753 -0.1682
vn -0.0640 -0.9687 0.2398
vn -0.8644 -0.5020 0.0296
vn -0.8433 0.5372 -0.0162
vn -0.5457 0.4497 0.7071
vn -0.9353 -0.3060 -0.1776
vn -0.1970 -0.5785 0.7915
vn 0.8154 0.2516 0.5214
vn 0.8940 0.3413 0.2903
vn 0.2619 0.8189 0.5107
vn 0.2558 0.6217 0.7403
vn 0.1880 0.3515 0.9171
vn 0.7675 0.1820 0.6147
vn -0.2615 0.8921 0.3684
vn -0.7215 -0.6756 0.1514
vn -0.9182 0.3249 0.2267
vn -0.5403 0.7844 0.3047
vn -0.0080 -0.9998 0.0193
vn 0.3670 -0.8682 0.3340
vn -0.8672 -0.4980 0.0062
vn -0.9863 -0.1075 0.1247
vn -0.8915 -0.3985 0.2157
vn -0.6546 0.0280 0.7554
vn -0.9244 0.3712 0.0876
vn 0.2374 0.5700 0.7866
vn 0.5678 -0.8141 0.1222
vn 0.3940 -0.9188 0.0231
vn 0.8566 -0.4738 -0.2041
vn 0.8699 0.1050 0.4818
vn 0.9273 0.3579 -0.1101
vn 0.3285 0.9389 0.1025
vn 0.2797 0.9515 -0.1285
vn 0.4436 0.8916 0.0904
vn 0.6178 0.7822 0.0811
vn 0.3671 -0.8681 0.3341
vn 0.9273 0.3578 -0.1101
vn 0.6126 0.3374 -0.7148
vn 0.7146 0.0074 -0.6995
vn 0.7762 0.0107 -0.6304
vn 0.0023 0.8777 -0.4791
vn -0.0424 0.9968 -0.0676
vn -0.0140 0.9814 -0.1914
vn 0.0302 0.8872 -0.4605
vn 0.9273 0.3579 -0.1102
vn -0.9009 -0.1365 -0.4120
vn -0.7574 -0.2695 0.5947
vn -0.1187 -0.9779 0.1720
vn -0.6330 -0.7580 -0.1575
vn -0.3498 0.8629 -0.3647
vn -0.2773 0.8367 -0.4722
vn -0.2382 0.9499 -0.2025
vn -0.4546 0.8509 -0.2632
vn 0.0620 0.1910 0.9796
vn 0.1002 0.0485 0.9938
vn -0.6806 0.6395 -0.3575
vn -0.7723 0.5125 -0.3754
vn 0.3667 0.4577 0.8100
vn 0.3450 0.3897 0.8539
vn -0.1405 -0.9762 0.1652
vn -0.5936 0.6034 -0.5325
vn -0.3061 0.7810 -0.5444
vn -0.2148 0.8162 -0.5364
vn 0.3280 -0.9156 -0.2325
vn -0.4308 -0.8751 0.2205
vn 0.3463 0.5135 0.7851
vn 0.2291 0.3936 0.8903
vn 0.2114 0.3719 0.9039
vn 0.1629 0.1998 0.9662
vn 0.1850 0.0636 0.9807
vn 0.2760 -0.0309 0.9607
vn 0.1447 -0.0360 0.9888
vn 0.1262 0.0625 0.9900
vn 0.3358 -0.7987 -0.4993
vn 0.4194 -0.8366 -0.3523
vn 0.0565 -0.9890 -0.1369
vn 0.0067 -0.9918 -0.1274
vn 0.1529 -0.9882 0.0086
vn 0.0739 -0.9949 0.0694
vn 0.9428 -0.3299 -0.0472
vn 0.6000 -0.7377 -0.3094
vn 0.8170 -0.4129 -0.4026
vn 0.9051 -0.4222 0.0508
vn 0.6969 -0.4992 0.5148
vn -0.3231 -0.4935 0.8075
vn -0.3027 -0.5781 0.7577
vn -0.5422 -0.6545 0.5269
vn 0.0265 0.9135 0.4060
vt 0.297649 0.879725
vt 0.290086 0.874652
vt 0.287652 0.877572
vt 0.250348 0.774730
vt 0.264872 0.767150
vt 0.258238 0.779496
vt 0.251232 0.757918
vt 0.240374 0.771816
vt 0.292364 0.780427
vt 0.302361 0.771744
vt 0.303353 0.779604
vt 0.290045 0.789474
vt 0.243718 0.795894
vt 0.256992 0.795437
vt 0.257967 0.804846
vt 0.240202 0.810133
vt 0.201923 0.798342
vt 0.173469 0.801330
vt 0.182484 0.772422
vt 0.203852 0.775247
vt 0.274677 0.795179
vt 0.264090 0.784654
vt 0.283986 0.781488
vt 0.263731 0.790725
vt 0.212304 0.750211
vt 0.187764 0.729205
vt 0.278300 0.759827
vt 0.288477 0.746874
vt 0.295420 0.755757
vt 0.286152 0.768916
vt 0.217154 0.810615
vt 0.174428 0.880779
vt 0.171101 0.848164
vt 0.193246 0.845644
vt 0.200496 0.877316
vt 0.231316 0.872350
vt 0.210582 0.842754
vt 0.231457 0.850370
vt 0.218224 0.742902
vt 0.226964 0.730334
vt 0.197089 0.716990
vt 0.210701 0.697490
vt 0.237420 0.711269
vt 0.191387 0.808617
vt 0.246040 0.872902
vt 0.234623 0.788935
vt 0.264208 0.748160
vt 0.273637 0.733080
vt 0.275982 0.772181
vt 0.233531 0.774028
vt 0.228865 0.778205
vt 0.316140 0.773934
vt 0.325355 0.786117
vt 0.314957 0.790520
vt 0.247237 0.840158
vt 0.238218 0.823750
vt 0.254379 0.829045
vt 0.356646 0.875730
vt 0.357653 0.848812
vt 0.360757 0.850706
vt 0.355391 0.851086
vt 0.346285 0.852125
vt 0.337273 0.798327
vt 0.343854 0.806599
vt 0.337078 0.808407
vt 0.328925 0.800844
vt 0.275344 0.817115
vt 0.287878 0.810495
vt 0.308972 0.861118
vt 0.306581 0.864878
vt 0.292201 0.852804
vt 0.295137 0.853208
vt 0.354391 0.831621
vt 0.344488 0.815589
vt 0.349732 0.814407
vt 0.358596 0.832159
vt 0.318613 0.871903
vt 0.311669 0.867694
vt 0.314503 0.863815
vt 0.320943 0.868544
vt 0.271297 0.851041
vt 0.269828 0.861059
vt 0.259285 0.853479
vt 0.265251 0.844658
vt 0.281202 0.869064
vt 0.282129 0.860624
vt 0.292068 0.868455
vt 0.333564 0.879506
vt 0.335966 0.877371
vt 0.346839 0.888626
vt 0.298703 0.813779
vt 0.305391 0.798029
vt 0.323154 0.824848
vt 0.311673 0.820538
vt 0.321837 0.806233
vt 0.331467 0.813640
vt 0.333697 0.830567
vt 0.340496 0.820483
vt 0.351261 0.835106
vt 0.342871 0.840657
vt 0.301129 0.840609
vt 0.305622 0.844961
vt 0.300391 0.843325
vt 0.294225 0.825286
vt 0.304566 0.829490
vt 0.317426 0.834428
vt 0.330528 0.841808
vt 0.328951 0.871005
vt 0.340267 0.887284
vt 0.332093 0.879895
vt 0.337004 0.877828
vt 0.343488 0.886319
vt 0.327306 0.858561
vt 0.332679 0.864801
vt 0.327005 0.867154
vt 0.322851 0.860421
vt 0.317933 0.846226
vt 0.305247 0.842419
vt 0.326070 0.876081
vt 0.327319 0.873759
vt 0.349101 0.893924
vt 0.338664 0.889001
vt 0.329474 0.882039
vt 0.318256 0.865323
vt 0.324959 0.869676
vt 0.318765 0.874767
vt 0.313146 0.868332
vt 0.296284 0.855426
vt 0.298147 0.847642
vt 0.282028 0.846839
vt 0.289621 0.849509
vt 0.312046 0.856093
vt 0.313392 0.854313
vt 0.317705 0.859282
vt 0.316537 0.861634
vt 0.323412 0.864713
vt 0.322362 0.866757
vt 0.305081 0.840720
vt 0.312026 0.838373
vt 0.328153 0.872469
vt 0.293360 0.847623
vt 0.333303 0.872194
vt 0.278027 0.875222
vt 0.263346 0.874486
vt 0.342987 0.852668
vt 0.339008 0.869958
vt 0.321002 0.863713
vt 0.298661 0.835679
vt 0.313797 0.766817
vt 0.306235 0.746364
vt 0.300448 0.736440
vt 0.284682 0.719120
vt 0.248559 0.693760
vt 0.224709 0.679231
vt 0.246727 0.785002
vt 0.246091 0.791060
vt 0.251483 0.790075
vt 0.241813 0.789248
vt 0.237740 0.783421
vt 0.230686 0.783252
vt 0.239619 0.779426
vt 0.245658 0.777731
vt 0.263622 0.784672
vt 0.255654 0.781028
vt 0.257529 0.783570
vt 0.256421 0.787121
vt 0.416398 0.043168
vt 0.425041 0.043032
vt 0.422315 0.050993
vt 0.417955 0.051059
vt 0.432214 0.047240
vt 0.425925 0.053107
vt 0.435988 0.054664
vt 0.427815 0.056848
vt 0.435331 0.063323
vt 0.427477 0.061209
vt 0.430405 0.070851
vt 0.424991 0.065016
vt 0.422563 0.075207
vt 0.421031 0.067225
vt 0.413954 0.075245
vt 0.416683 0.067254
vt 0.406868 0.071024
vt 0.413103 0.065136
vt 0.403151 0.063665
vt 0.411229 0.061420
vt 0.403775 0.055106
vt 0.411559 0.057092
vt 0.408607 0.047591
vt 0.414012 0.053293
vt 0.414928 0.036099
vt 0.427428 0.035921
vt 0.437825 0.042024
vt 0.443321 0.052781
vt 0.442401 0.065314
vt 0.435282 0.076182
vt 0.423947 0.082405
vt 0.411534 0.082380
vt 0.401347 0.076240
vt 0.395974 0.065656
vt 0.396813 0.053330
vt 0.403717 0.042495
vt 0.413536 0.029983
vt 0.429393 0.029776
vt 0.442628 0.037544
vt 0.449676 0.051224
vt 0.448569 0.067163
vt 0.439523 0.080943
vt 0.425107 0.088701
vt 0.409440 0.088470
vt 0.396677 0.080646
vt 0.389880 0.067357
vt 0.390776 0.051835
vt 0.399373 0.038093
vt 0.412096 0.024595
vt 0.430967 0.024347
vt 0.446798 0.033612
vt 0.455313 0.049949
vt 0.454041 0.068985
vt 0.443206 0.085337
vt 0.425995 0.094272
vt 0.407549 0.093648
vt 0.392717 0.084309
vt 0.384718 0.068827
vt 0.385478 0.050634
vt 0.395380 0.034315
vt 0.410944 0.008453
vt 0.437553 0.009361
vt 0.459430 0.023005
vt 0.471322 0.045790
vt 0.470232 0.072135
vt 0.456093 0.095317
vt 0.432304 0.108972
vt 0.405154 0.109100
vt 0.382105 0.095474
vt 0.369548 0.071694
vt 0.371154 0.044295
vt 0.386485 0.021076
vt 0.419507 0.059119
vt 0.149294 0.759119
vt 0.157535 0.720809
vt 0.143916 0.883169
vt 0.140180 0.848022
vt 0.167327 0.701038
vt 0.142136 0.797802
vt 0.179637 0.680537
vt 0.194178 0.663014
vt 0.122262 0.887856
vt 0.110197 0.848213
vt 0.106867 0.795268
vt 0.109034 0.753199
vt 0.116172 0.708810
vt 0.127198 0.685956
vt 0.138130 0.663749
vt 0.152604 0.641483
vt 0.968090 0.991439
vt 0.967648 0.956288
vt 0.984432 0.956532
vt 0.992788 0.991439
vt 0.912119 0.991439
vt 0.912656 0.950589
vt 0.941823 0.955351
vt 0.940687 0.991439
vt 0.840938 0.991439
vt 0.837919 0.953362
vt 0.786852 0.991439
vt 0.783872 0.950720
vt 0.731668 0.991439
vt 0.726773 0.954255
vt 0.697378 0.991439
vt 0.692240 0.958547
vt 0.691731 0.943645
vt 0.691222 0.928744
vt 0.714324 0.920161
vt 0.720548 0.937208
vt 0.780549 0.913435
vt 0.782210 0.932078
vt 0.834901 0.915284
vt 0.836410 0.934323
vt 0.912925 0.931857
vt 0.913193 0.913124
vt 0.943646 0.919213
vt 0.942734 0.937282
vt 0.967892 0.923490
vt 0.967770 0.939889
vt 0.983558 0.927411
vt 0.983995 0.941971
vt 0.961137 0.491780
vt 0.961007 0.483111
vt 0.895848 0.488501
vt 0.890682 0.500839
vt 0.959463 0.473849
vt 0.969394 0.480354
vt 0.306507 0.243657
vt 0.245604 0.251525
vt 0.242041 0.241741
vt 0.311015 0.229216
vt 0.302046 0.313348
vt 0.347657 0.301530
vt 0.345599 0.313817
vt 0.298853 0.323025
vt 0.782439 0.418311
vt 0.744377 0.422480
vt 0.745355 0.430878
vt 0.783630 0.432945
vt 0.831698 0.082390
vt 0.816390 0.143517
vt 0.806499 0.085147
vt 0.547399 0.440632
vt 0.490509 0.442043
vt 0.512329 0.507396
vt 0.558764 0.500720
vt 0.604633 0.245061
vt 0.587517 0.205547
vt 0.645388 0.186076
vt 0.669342 0.222134
vt 0.303727 0.402610
vt 0.289752 0.443250
vt 0.346111 0.442307
vt 0.348992 0.404761
vt 0.375345 0.228840
vt 0.331427 0.224695
vt 0.343598 0.210226
vt 0.385456 0.216235
vt 0.900643 0.466537
vt 0.906166 0.455732
vt 0.836063 0.459296
vt 0.833035 0.469460
vt 0.305924 0.381431
vt 0.346128 0.389480
vt 0.344013 0.374171
vt 0.306275 0.365379
vt 0.593149 0.143987
vt 0.637264 0.119194
vt 0.360496 0.334424
vt 0.325279 0.348571
vt 0.328542 0.336923
vt 0.313472 0.574502
vt 0.273499 0.550118
vt 0.270869 0.573419
vt 0.862081 0.411404
vt 0.858935 0.424649
vt 0.908106 0.412484
vt 0.909948 0.404930
vt 0.616783 0.405698
vt 0.567652 0.412342
vt 0.589629 0.445108
vt 0.634156 0.434502
vt 0.679517 0.448518
vt 0.692009 0.424330
vt 0.891866 0.128845
vt 0.932272 0.129227
vt 0.942611 0.166043
vt 0.901643 0.171600
vt 0.504827 0.321480
vt 0.472964 0.304028
vt 0.528458 0.259852
vt 0.568504 0.307821
vt 0.352514 0.188274
vt 0.382166 0.183804
vt 0.362245 0.195476
vt 0.679000 0.531093
vt 0.712295 0.557233
vt 0.733118 0.540407
vt 0.384475 0.670337
vt 0.399146 0.679477
vt 0.416290 0.624409
vt 0.379050 0.631261
vt 0.327539 0.633421
vt 0.311605 0.688860
vt 0.324015 0.680664
vt 0.241534 0.633155
vt 0.238560 0.624407
vt 0.218832 0.645051
vt 0.224141 0.659059
vt 0.607108 0.357635
vt 0.579943 0.369957
vt 0.602253 0.380267
vt 0.347592 0.495216
vt 0.280215 0.480097
vt 0.332019 0.662566
vt 0.334778 0.632809
vt 0.924543 0.053748
vt 0.918316 0.032398
vt 0.929594 0.029598
vt 0.948753 0.083977
vt 0.403615 0.169066
vt 0.434596 0.174785
vt 0.414662 0.190566
vt 0.582734 0.647514
vt 0.563574 0.643192
vt 0.560379 0.660994
vt 0.756368 0.261075
vt 0.767947 0.298966
vt 0.722739 0.315039
vt 0.697080 0.268189
vt 0.742843 0.460989
vt 0.736087 0.470916
vt 0.788098 0.480886
vt 0.791159 0.469426
vt 0.833097 0.486701
vt 0.899860 0.475259
vt 0.832726 0.473367
vt 0.536755 0.412862
vt 0.555545 0.392757
vt 0.521947 0.392326
vt 0.249415 0.631941
vt 0.236364 0.663649
vt 0.243008 0.655677
vt 0.250683 0.630786
vt 0.401996 0.204065
vt 0.439202 0.205009
vt 0.420690 0.223148
vt 0.544699 0.380951
vt 0.722563 0.491476
vt 0.715303 0.500014
vt 0.764853 0.513070
vt 0.772987 0.503601
vt 0.612061 0.498968
vt 0.273075 0.216927
vt 0.268497 0.209407
vt 0.751125 0.523713
vt 0.705697 0.509061
vt 0.900347 0.349478
vt 0.896275 0.367773
vt 0.860204 0.356546
vt 0.864085 0.342141
vt 0.370324 0.240884
vt 0.442175 0.124730
vt 0.430420 0.141955
vt 0.421296 0.129117
vt 0.441256 0.499723
vt 0.407584 0.496791
vt 0.416734 0.557378
vt 0.460113 0.551987
vt 0.496436 0.548956
vt 0.473029 0.504919
vt 0.447877 0.674795
vt 0.457680 0.665613
vt 0.437195 0.670241
vt 0.366137 0.349563
vt 0.391369 0.327538
vt 0.394055 0.346892
vt 0.364724 0.263789
vt 0.300288 0.273193
vt 0.303362 0.262022
vt 0.370152 0.253286
vt 0.760678 0.370016
vt 0.754222 0.353761
vt 0.722387 0.357433
vt 0.735505 0.370933
vt 0.531068 0.129990
vt 0.850925 0.134052
vt 0.870992 0.085321
vt 0.886815 0.088421
vt 0.675214 0.582006
vt 0.633545 0.608859
vt 0.687580 0.603708
vt 0.702564 0.601158
vt 0.298121 0.630461
vt 0.285789 0.627570
vt 0.279354 0.677401
vt 0.300223 0.670595
vt 0.733511 0.390360
vt 0.700848 0.393666
vt 0.696640 0.410361
vt 0.743091 0.408054
vt 0.274238 0.517105
vt 0.899591 0.294650
vt 0.866241 0.296990
vt 0.863234 0.252071
vt 0.903215 0.245209
vt 0.507595 0.658074
vt 0.481518 0.661739
vt 0.514943 0.671871
vt 0.294245 0.586820
vt 0.822881 0.257072
vt 0.812706 0.190273
vt 0.856023 0.182204
vt 0.303510 0.255967
vt 0.768840 0.153471
vt 0.742489 0.094009
vt 0.759767 0.095096
vt 0.780573 0.090150
vt 0.909181 0.442520
vt 0.848139 0.446743
vt 0.510279 0.200874
vt 0.397545 0.138036
vt 0.404905 0.132561
vt 0.314928 0.587512
vt 0.727176 0.206463
vt 0.300876 0.307238
vt 0.348328 0.288420
vt 0.745627 0.437081
vt 0.785858 0.443053
vt 0.905165 0.021222
vt 0.911241 0.089569
vt 0.887450 0.027246
vt 0.351185 0.671527
vt 0.341726 0.671408
vt 0.244567 0.259514
vt 0.860860 0.086044
vt 0.263810 0.684501
vt 0.271060 0.630154
vt 0.450605 0.441919
vt 0.927959 0.513528
vt 0.912762 0.508228
vt 0.907080 0.520164
vt 0.596588 0.317669
vt 0.620242 0.336335
vt 0.587541 0.335414
vt 0.369413 0.169675
vt 0.630417 0.284783
vt 0.644915 0.313081
vt 0.459493 0.344612
vt 0.470537 0.355022
vt 0.407985 0.374645
vt 0.586436 0.533549
vt 0.542025 0.541548
vt 0.776043 0.196253
vt 0.656404 0.330372
vt 0.680143 0.313730
vt 0.687632 0.324778
vt 0.797666 0.587895
vt 0.764428 0.582178
vt 0.789695 0.592668
vt 0.730707 0.480439
vt 0.785365 0.492185
vt 0.825673 0.497189
vt 0.812249 0.510564
vt 0.862032 0.516770
vt 0.869660 0.503638
vt 0.690899 0.363258
vt 0.690496 0.360647
vt 0.721756 0.157439
vt 0.448878 0.264610
vt 0.450292 0.292614
vt 0.727480 0.385886
vt 0.751808 0.381951
vt 0.715713 0.375420
vt 0.482921 0.409434
vt 0.355961 0.684372
vt 0.374960 0.679618
vt 0.677796 0.116045
vt 0.515243 0.386413
vt 0.793660 0.554819
vt 0.828210 0.556251
vt 0.815567 0.542462
vt 0.507950 0.340225
vt 0.522492 0.352018
vt 0.493178 0.363230
vt 0.609580 0.375961
vt 0.282000 0.196206
vt 0.698448 0.107868
vt 0.770645 0.331443
vt 0.769671 0.342058
vt 0.725131 0.334032
vt 0.724627 0.324957
vt 0.950527 0.450076
vt 0.966522 0.448939
vt 0.950006 0.440683
vt 0.462844 0.372377
vt 0.441507 0.409077
vt 0.686408 0.377764
vt 0.865375 0.321775
vt 0.896773 0.323587
vt 0.829709 0.298239
vt 0.787032 0.260279
vt 0.796502 0.299658
vt 0.831273 0.321020
vt 0.799288 0.321153
vt 0.797725 0.346982
vt 0.798602 0.334212
vt 0.831184 0.335896
vt 0.829789 0.350891
vt 0.391481 0.443853
vt 0.423712 0.442456
vt 0.414310 0.407941
vt 0.382320 0.408202
vt 0.374325 0.382353
vt 0.618361 0.345169
vt 0.478022 0.390787
vt 0.434057 0.386871
vt 0.406177 0.384863
vt 0.258253 0.629866
vt 0.252515 0.669287
vt 0.940997 0.043142
vt 0.653130 0.479026
vt 0.771553 0.319925
vt 0.687702 0.332668
vt 0.657193 0.338517
vt 0.468611 0.158257
vt 0.469579 0.129543
vt 0.439830 0.166964
vt 0.420680 0.157336
vt 0.501659 0.142735
vt 0.464357 0.180357
vt 0.740797 0.571367
vt 0.757195 0.555791
vt 0.775927 0.566809
vt 0.724582 0.590215
vt 0.751449 0.597108
vt 0.772875 0.594620
vt 0.396255 0.146066
vt 0.799616 0.579935
vt 0.413495 0.684599
vt 0.427539 0.679014
vt 0.843835 0.549673
vt 0.846602 0.538646
vt 0.354458 0.177141
vt 0.837063 0.531035
vt 0.816020 0.376918
vt 0.762065 0.387807
vt 0.771411 0.403433
vt 0.817024 0.395486
vt 0.437019 0.316296
vt 0.446444 0.332071
vt 0.423409 0.302359
vt 0.381491 0.316144
vt 0.474092 0.327154
vt 0.354623 0.326662
vt 0.849322 0.390670
vt 0.844266 0.376057
vt 0.481485 0.335508
vt 0.809109 0.360771
vt 0.853731 0.399428
vt 0.881059 0.391289
vt 0.885369 0.379887
vt 0.825719 0.407744
vt 0.781059 0.532658
vt 0.762875 0.547240
vt 0.797278 0.520599
vt 0.357042 0.197270
vt 0.407515 0.237612
vt 0.305792 0.192407
vt 0.842473 0.529108
vt 0.893820 0.536485
vt 0.917894 0.533473
vt 0.899633 0.529878
vt 0.468509 0.239805
vt 0.401081 0.254205
vt 0.391538 0.288981
vt 0.389566 0.302967
vt 0.393332 0.275782
vt 0.396211 0.263709
vt 0.356902 0.277483
vt 0.742982 0.459419
vt 0.792349 0.466750
vt 0.788664 0.454950
vt 0.744046 0.448643
vt 0.811169 0.445716
vt 0.658022 0.482931
vt 0.599742 0.576171
vt 0.368029 0.556866
vt 0.328009 0.569780
vt 0.946472 0.458159
vt 0.956776 0.456178
vt 0.297032 0.285847
vt 0.257050 0.291805
vt 0.258329 0.281945
vt 0.259162 0.274257
vt 0.813986 0.433821
vt 0.816657 0.419195
vt 0.857282 0.435997
vt 0.283546 0.318613
vt 0.925064 0.410279
vt 0.906682 0.420488
vt 0.240156 0.284659
vt 0.249275 0.276963
vt 0.932253 0.521079
vt 0.487186 0.117720
vt 0.503037 0.103446
vt 0.527419 0.113629
vt 0.651278 0.596335
vt 0.709926 0.593219
vt 0.485339 0.105083
vt 0.583175 0.073699
vt 0.599167 0.074488
vt 0.611648 0.067297
vt 0.635517 0.053088
vt 0.652189 0.056681
vt 0.659726 0.044418
vt 0.591743 0.635059
vt 0.617131 0.634418
vt 0.634573 0.629080
vt 0.640466 0.622948
vt 0.626099 0.631673
vt 0.536846 0.099175
vt 0.563056 0.091512
vt 0.550843 0.095083
vt 0.572830 0.082858
vt 0.533351 0.655493
vt 0.521225 0.669796
vt 0.719235 0.100242
vt 0.692285 0.046501
vt 0.679612 0.042434
vt 0.528775 0.667302
vt 0.670581 0.043335
vt 0.718330 0.032011
vt 0.701497 0.035514
vt 0.738405 0.031762
vt 0.748536 0.036388
vt 0.759106 0.028306
vt 0.773010 0.022026
vt 0.787806 0.026446
vt 0.800186 0.034027
vt 0.814194 0.026170
vt 0.835057 0.020243
vt 0.846347 0.025372
vt 0.854047 0.028870
vt 0.862231 0.015272
vt 0.874694 0.017352
vt 0.473204 0.674028
vt 0.460337 0.677811
vt 0.681988 0.668307
vt 0.668547 0.670931
vt 0.682760 0.639896
vt 0.764129 0.625329
vt 0.786625 0.604943
vt 0.801454 0.631640
vt 0.771117 0.643925
vt 0.374639 0.740170
vt 0.344648 0.755609
vt 0.338302 0.743599
vt 0.368910 0.725707
vt 0.782978 0.684372
vt 0.740215 0.693975
vt 0.734086 0.672879
vt 0.781340 0.659602
vt 0.101008 0.081641
vt 0.029217 0.073617
vt 0.058350 0.037916
vt 0.124717 0.065646
vt 0.731380 0.657303
vt 0.729320 0.638689
vt 0.945637 0.232033
vt 0.259587 0.371721
vt 0.263573 0.352449
vt 0.770828 0.759208
vt 0.745865 0.724830
vt 0.787610 0.720944
vt 0.950559 0.335060
vt 0.947865 0.348635
vt 0.453403 0.804869
vt 0.453607 0.827565
vt 0.425801 0.832598
vt 0.421530 0.800854
vt 0.795438 0.751368
vt 0.799227 0.787541
vt 0.091727 0.855107
vt 0.048343 0.856375
vt 0.044648 0.897885
vt 0.098658 0.898056
vt 0.075723 0.559178
vt 0.086578 0.506184
vt 0.078342 0.505604
vt 0.069931 0.504491
vt 0.946732 0.613372
vt 0.924275 0.652070
vt 0.902104 0.635317
vt 0.927150 0.599522
vt 0.029660 0.500466
vt 0.003728 0.548738
vt 0.242965 0.590080
vt 0.217456 0.592130
vt 0.203718 0.620546
vt 0.094953 0.974986
vt 0.160729 0.969449
vt 0.154749 0.929272
vt 0.096667 0.929251
vt 0.803816 0.690166
vt 0.826258 0.708944
vt 0.814288 0.726471
vt 0.682222 0.695702
vt 0.686256 0.718049
vt 0.379740 0.767127
vt 0.389539 0.805251
vt 0.363091 0.809646
vt 0.354887 0.776935
vt 0.122305 0.465653
vt 0.126798 0.514599
vt 0.152908 0.468591
vt 0.159718 0.003181
vt 0.146960 0.026438
vt 0.075043 0.003181
vt 0.600147 0.643328
vt 0.633901 0.637782
vt 0.627569 0.668240
vt 0.590932 0.661509
vt 0.972784 0.125504
vt 0.979330 0.086483
vt 0.634911 0.756263
vt 0.597616 0.749771
vt 0.609385 0.723099
vt 0.643917 0.729073
vt 0.055606 0.103360
vt 0.003520 0.114934
vt 0.014342 0.093731
vt 0.519127 0.894063
vt 0.467451 0.901988
vt 0.478931 0.883957
vt 0.522039 0.877416
vt 0.813820 0.785284
vt 0.814155 0.748368
vt 0.899786 0.553146
vt 0.945712 0.598494
vt 0.951517 0.516625
vt 0.831163 0.750655
vt 0.824375 0.788390
vt 0.905849 0.678816
vt 0.885681 0.709886
vt 0.859618 0.686604
vt 0.880624 0.660694
vt 0.073924 0.094477
vt 0.666120 0.734029
vt 0.661591 0.760280
vt 0.994887 0.283089
vt 0.948622 0.289860
vt 0.985209 0.221672
vt 0.815770 0.674066
vt 0.830379 0.660018
vt 0.842905 0.697644
vt 0.859972 0.587844
vt 0.893365 0.563514
vt 0.913257 0.586984
vt 0.883057 0.617521
vt 0.024880 0.985402
vt 0.046953 0.982442
vt 0.047448 0.939700
vt 0.003728 0.943073
vt 0.942291 0.366582
vt 0.003728 0.599464
vt 0.069419 0.612068
vt 0.106245 0.715392
vt 0.058772 0.702299
vt 0.052757 0.801120
vt 0.088089 0.806909
vt 0.975144 0.162890
vt 0.727284 0.773961
vt 0.703336 0.738754
vt 0.127841 0.569941
vt 0.124335 0.626109
vt 0.817364 0.578947
vt 0.835333 0.606989
vt 0.133698 0.050643
vt 0.552913 0.709045
vt 0.536008 0.737491
vt 0.939119 0.378134
vt 0.003728 0.497066
vt 0.958965 0.035596
vt 0.945969 0.034567
vt 0.841676 0.564298
vt 0.866807 0.540209
vt 0.215391 0.958914
vt 0.210277 0.929812
vt 0.275156 0.959005
vt 0.258782 0.927402
vt 0.316596 0.929204
vt 0.323872 0.886792
vt 0.282503 0.885281
vt 0.278538 0.928663
vt 0.856416 0.639296
vt 0.003728 0.692649
vt 0.003499 0.800581
vt 0.003651 0.854528
vt 0.002787 0.895891
vt 0.085019 0.457008
vt 0.097731 0.454221
vt 0.119541 0.394553
vt 0.106032 0.383198
vt 0.083181 0.379119
vt 0.073757 0.455877
vt 0.042544 0.452444
vt 0.053504 0.366648
vt 0.951403 0.316553
vt 0.251658 0.889709
vt 0.842883 0.721830
vt 0.832800 0.737409
vt 0.227413 0.548749
vt 0.247867 0.549284
vt 0.254444 0.509200
vt 0.234955 0.505385
vt 0.261461 0.475542
vt 0.243355 0.469541
vt 0.249046 0.439885
vt 0.268371 0.442136
vt 0.271260 0.399524
vt 0.245822 0.401555
vt 0.420469 0.716822
vt 0.401854 0.722808
vt 0.405876 0.685646
vt 0.441536 0.770351
vt 0.408952 0.756354
vt 0.445783 0.745008
vt 0.658400 0.693896
vt 0.621106 0.688254
vt 0.579107 0.679352
vt 0.429285 0.852690
vt 0.457983 0.855788
vt 0.452364 0.878501
vt 0.428015 0.882392
vt 0.855666 0.710275
vt 0.366137 0.894199
vt 0.365611 0.847611
vt 0.393694 0.844591
vt 0.404929 0.890270
vt 0.197882 0.635928
vt 0.496803 0.857885
vt 0.509484 0.842463
vt 0.782579 0.806929
vt 0.758139 0.793345
vt 0.751378 0.764762
vt 0.991140 0.317504
vt 0.986481 0.349529
vt 0.970755 0.380359
vt 0.237940 0.375510
vt 0.233335 0.342972
vt 0.003728 0.445195
vt 0.970459 0.045787
vt 0.996107 0.566385
vt 0.974935 0.660445
vt 0.484817 0.785580
vt 0.518445 0.823893
vt 0.484411 0.814970
vt 0.489637 0.835433
vt 0.449724 0.898521
vt 0.425758 0.910645
vt 0.400913 0.920479
vt 0.357773 0.930349
vt 0.789769 0.796697
vt 0.203244 0.903283
vt 0.150157 0.896400
vt 0.312591 0.966415
vt 0.538717 0.856371
vt 0.054705 0.141401
vt 0.021303 0.125207
vt 0.085480 0.119672
vt 0.061150 0.296989
vt 0.081128 0.303834
vt 0.093017 0.244452
vt 0.071065 0.211140
vt 0.103431 0.312615
vt 0.123295 0.329008
vt 0.138220 0.281480
vt 0.116936 0.262517
vt 0.339693 0.015614
vt 0.324577 0.019799
vt 0.325226 0.003181
vt 0.345709 0.003181
vt 0.222574 0.180837
vt 0.227406 0.161958
vt 0.261088 0.187886
vt 0.233518 0.059297
vt 0.308654 0.065431
vt 0.294983 0.083239
vt 0.220690 0.074117
vt 0.344807 0.079635
vt 0.331675 0.087005
vt 0.335590 0.070040
vt 0.144076 0.240042
vt 0.125803 0.234145
vt 0.145642 0.351591
vt 0.151757 0.362557
vt 0.177826 0.303086
vt 0.170378 0.294645
vt 0.331040 0.033127
vt 0.327546 0.048350
vt 0.309723 0.049633
vt 0.298480 0.029144
vt 0.157475 0.272280
vt 0.187046 0.253794
vt 0.183301 0.239487
vt 0.161413 0.239035
vt 0.353189 0.041443
vt 0.045717 0.218912
vt 0.039434 0.194200
vt 0.003728 0.220642
vt 0.003728 0.355398
vt 0.043891 0.364326
vt 0.043792 0.297110
vt 0.003728 0.299926
vt 0.045434 0.363545
vt 0.132770 0.185824
vt 0.109783 0.217035
vt 0.131566 0.201675
vt 0.188554 0.320968
vt 0.219168 0.343538
vt 0.230831 0.309332
vt 0.201655 0.288921
vt 0.321045 0.121113
vt 0.267393 0.116091
vt 0.285106 0.102208
vt 0.238768 0.049792
vt 0.244014 0.033355
vt 0.205467 0.091798
vt 0.046977 0.294752
vt 0.186413 0.113314
vt 0.243085 0.132248
vt 0.226103 0.143595
vt 0.175849 0.124087
vt 0.192946 0.265359
vt 0.263943 0.162683
vt 0.242084 0.155701
vt 0.256434 0.152279
vt 0.121741 0.176124
vt 0.108496 0.178668
vt 0.164360 0.378200
vt 0.029454 0.172859
vt 0.003728 0.162736
vt 0.358512 0.051255
vt 0.338562 0.059573
vt 0.053888 0.189620
vt 0.051142 0.221142
vt 0.233762 0.280320
vt 0.210125 0.253662
vt 0.127921 0.403030
vt 0.145559 0.418537
vt 0.171812 0.439701
vt 0.095981 0.210544
vt 0.217599 0.207546
vt 0.248236 0.201413
vt 0.247530 0.020470
vt 0.251535 0.003181
vt 0.159550 0.192510
vt 0.103684 0.163506
vt 0.137982 0.146858
vt 0.192021 0.169667
vt 0.208392 0.154962
vt 0.248853 0.167705
vt 0.156542 0.134616
vt 0.097011 0.102599
vt 0.228717 0.256115
vt 0.196898 0.206702
vt 0.194574 0.395818
vt 0.263330 0.168814
vt 0.202870 0.231885
vt 0.199105 0.246052
vt 0.193868 0.233055
vt 0.309911 0.139658
vt 0.279796 0.137828
vt 0.348159 0.092807
vt 0.338807 0.104865
vt 0.321345 0.105509
vt 0.162473 0.212247
vt 0.157013 0.201574
vt 0.144665 0.202398
vt 0.321758 0.133795
vt 0.097971 0.185853
vt 0.083410 0.182883
vt 0.073817 0.164995
vt 0.063711 0.169786
vt 0.325133 0.025636
vt 0.348372 0.018079
vt 0.300764 0.020850
vt 0.304734 0.003181
vt 0.358832 0.003181
vt 0.135464 0.337761
vt 0.234427 0.253455
vt 0.158043 0.956298
vt 0.212902 0.956792
vt 0.027178 0.964210
vt 0.044242 0.964210
vt 0.267314 0.949374
vt 0.313299 0.940967
vt 0.091062 0.961243
vt 0.047720 0.941105
vt 0.028171 0.942589
vt 0.089489 0.939622
vt 0.164477 0.974240
vt 0.212841 0.951491
vt 0.268253 0.953964
vt 0.312967 0.948029
vt 0.625715 0.986449
vt 0.621324 0.971126
vt 0.649379 0.975807
vt 0.649818 0.985203
vt 0.693601 0.830955
vt 0.686327 0.860087
vt 0.672880 0.856278
vt 0.678958 0.824965
vt 0.590559 0.789158
vt 0.579858 0.796941
vt 0.576325 0.786308
vt 0.584198 0.780279
vt 0.952646 0.757101
vt 0.956651 0.749577
vt 0.964393 0.757454
vt 0.961203 0.763798
vt 0.872758 0.729888
vt 0.859910 0.728047
vt 0.860639 0.722146
vt 0.873682 0.722557
vt 0.362733 0.986351
vt 0.343848 0.992954
vt 0.348292 0.934796
vt 0.386449 0.943451
vt 0.388370 0.981559
vt 0.913535 0.762804
vt 0.908503 0.779724
vt 0.898750 0.777572
vt 0.901707 0.758360
vt 0.920312 0.733190
vt 0.937136 0.723081
vt 0.933010 0.737993
vt 0.551753 0.813773
vt 0.562424 0.818333
vt 0.561918 0.830810
vt 0.546718 0.826314
vt 0.471985 0.750846
vt 0.453450 0.727776
vt 0.473658 0.718816
vt 0.489221 0.740492
vt 0.510961 0.746198
vt 0.503664 0.734940
vt 0.515771 0.731634
vt 0.524170 0.744978
vt 0.500577 0.751568
vt 0.508425 0.767256
vt 0.496831 0.771088
vt 0.485150 0.762908
vt 0.942854 0.663436
vt 0.944566 0.658630
vt 0.947042 0.659484
vt 0.946294 0.664732
vt 0.970382 0.763380
vt 0.968302 0.767743
vt 0.468931 0.991192
vt 0.461349 0.925869
vt 0.481272 0.930706
vt 0.851385 0.725322
vt 0.849667 0.729557
vt 0.841287 0.731247
vt 0.594298 0.934737
vt 0.601558 0.917254
vt 0.623369 0.930497
vt 0.616895 0.944066
vt 0.590205 0.828346
vt 0.605599 0.818652
vt 0.610609 0.837408
vt 0.595737 0.846279
vt 0.896046 0.718316
vt 0.913876 0.715996
vt 0.908120 0.729443
vt 0.893958 0.728954
vt 0.905761 0.791904
vt 0.895934 0.789608
vt 0.572902 0.798004
vt 0.564276 0.797508
vt 0.566098 0.786485
vt 0.570875 0.783900
vt 0.938899 0.698827
vt 0.931358 0.695755
vt 0.936434 0.682425
vt 0.943719 0.685118
vt 0.553911 0.793822
vt 0.646293 0.880015
vt 0.648472 0.894821
vt 0.638397 0.893662
vt 0.632359 0.881566
vt 0.569905 0.895390
vt 0.548646 0.893275
vt 0.559084 0.870828
vt 0.434274 0.924020
vt 0.429949 0.992155
vt 0.410346 0.988292
vt 0.628242 0.860170
vt 0.642980 0.857069
vt 0.980934 0.774297
vt 0.981473 0.770636
vt 0.996096 0.782330
vt 0.881198 0.722090
vt 0.880378 0.729503
vt 0.658753 0.857256
vt 0.659936 0.827465
vt 0.597491 0.807763
vt 0.586958 0.816760
vt 0.612558 0.886912
vt 0.598495 0.884858
vt 0.599616 0.867224
vt 0.618260 0.869652
vt 0.671140 0.961282
vt 0.670286 0.968403
vt 0.650802 0.957421
vt 0.654151 0.950767
vt 0.611939 0.986921
vt 0.611028 0.969996
vt 0.573899 0.772105
vt 0.568187 0.761183
vt 0.577957 0.770481
vt 0.658811 0.803547
vt 0.672085 0.784880
vt 0.677268 0.801670
vt 0.530890 0.786991
vt 0.539545 0.815322
vt 0.524336 0.786054
vt 0.948012 0.653324
vt 0.946684 0.652978
vt 0.949274 0.646092
vt 0.513066 0.777902
vt 0.502880 0.782096
vt 0.490399 0.710596
vt 0.501351 0.708523
vt 0.619174 0.833860
vt 0.640227 0.828370
vt 0.517410 0.764359
vt 0.527535 0.763261
vt 0.894945 0.797166
vt 0.903240 0.798673
vt 0.668974 0.979613
vt 0.670677 0.985706
vt 0.324825 0.931196
vt 0.331862 0.989569
vt 0.633923 0.937792
vt 0.631205 0.950245
vt 0.895711 0.819358
vt 0.893136 0.806705
vt 0.899313 0.808935
vt 0.568970 0.772308
vt 0.565547 0.772826
vt 0.510112 0.793654
vt 0.516442 0.786704
vt 0.641135 0.807648
vt 0.625732 0.796762
vt 0.634263 0.782165
vt 0.645955 0.790416
vt 0.683577 0.979602
vt 0.668986 0.975064
vt 0.592885 0.984251
vt 0.590156 0.966697
vt 0.940805 0.746502
vt 0.945692 0.735535
vt 0.939630 0.674685
vt 0.944586 0.676575
vt 0.546281 0.845635
vt 0.561300 0.850137
vt 0.652340 0.908926
vt 0.660242 0.931076
vt 0.645278 0.910291
vt 0.659038 0.879969
vt 0.671390 0.880271
vt 0.669617 0.895931
vt 0.658604 0.896615
vt 0.658782 0.908738
vt 0.666255 0.909887
vt 0.446491 0.986998
vt 0.615898 0.811580
vt 0.904479 0.742390
vt 0.916874 0.746647
vt 0.930088 0.752056
vt 0.923371 0.766189
vt 0.915654 0.782474
vt 0.913081 0.794799
vt 0.910150 0.800946
vt 0.906154 0.809435
vt 0.685669 0.794805
vt 0.705592 0.810577
vt 0.682133 0.880838
vt 0.677527 0.894519
vt 0.672684 0.911857
vt 0.496203 0.987482
vt 0.678834 0.776946
vt 0.585832 0.953178
vt 0.612428 0.960857
vt 0.624067 0.962399
vt 0.649486 0.966890
vt 0.576307 0.966811
vt 0.572084 0.993948
vt 0.573060 0.946015
vt 0.579632 0.922501
vt 0.579103 0.899336
vt 0.595034 0.897083
vt 0.581253 0.884620
vt 0.580082 0.871933
vt 0.577612 0.833755
vt 0.580326 0.853216
vt 0.575527 0.818606
vt 0.606356 0.905804
vt 0.409941 0.932936
vt 0.557650 0.783507
vt 0.561513 0.772123
vt 0.926468 0.718401
vt 0.543429 0.876829
vt 0.563777 0.909277
vt 0.520718 0.775097
vt 0.530265 0.773692
vt 0.475264 0.691127
vt 0.494295 0.692276
vt 0.434030 0.713789
vt 0.455471 0.709732
vt 0.975903 0.766701
vt 0.973983 0.770893
vt 0.514049 0.694342
vt 0.515931 0.706313
vt 0.525944 0.728823
vt 0.532874 0.745471
vt 0.534537 0.760365
vt 0.536332 0.773294
vt 0.537466 0.788985
vt 0.980921 0.777984
vt 0.972757 0.775393
vt 0.966403 0.773023
vt 0.958565 0.770058
vt 0.948700 0.765896
vt 0.936348 0.757409
vt 0.923474 0.692345
vt 0.928521 0.679392
vt 0.933189 0.672278
vt 0.939166 0.662142
vt 0.941764 0.657725
vt 0.944547 0.652442
vt 0.890485 0.739354
vt 0.879343 0.737599
vt 0.871768 0.736066
vt 0.858593 0.734227
vt 0.847841 0.733119
vt 0.007235 0.964210
vt 0.012809 0.940611
vt 0.003483 0.989812
vt 0.647221 0.615921
vt 0.003728 0.988238
vt 0.816401 0.143654
vt 0.587615 0.205554
vt 0.604718 0.245309
vt 0.669433 0.222674
vt 0.727945 0.207204
vt 0.288480 0.221589
vt 0.617331 0.405410
vt 0.676324 0.448585
vt 0.528393 0.259945
vt 0.368633 0.671300
vt 0.418642 0.644560
vt 0.327710 0.633241
vt 0.931409 0.088766
vt 0.564955 0.590129
vt 0.697056 0.268233
vt 0.630343 0.284887
vt 0.863972 0.342188
vt 0.416744 0.559808
vt 0.480698 0.613256
vt 0.552575 0.168697
vt 0.850837 0.134148
vt 0.631688 0.560587
vt 0.693995 0.574683
vt 0.527848 0.601418
vt 0.812790 0.190311
vt 0.856018 0.182078
vt 0.768910 0.153451
vt 0.353487 0.628008
vt 0.776018 0.196338
vt 0.902098 0.171531
vt 0.623911 0.615663
vt 0.044991 0.897904
vt 0.048394 0.856353
vt 0.075709 0.559192
vt 0.973221 0.125577
vt 0.128290 0.570052
vt 0.003499 0.800580
vt 0.003651 0.854529
vt 0.002491 0.895787
vt 0.092888 0.244244
vt 0.081085 0.303808
vt 0.091366 0.209842
s 1
usemtl lambert4SG
f 1/1/1 2/2/2 3/3/3
f 4/4/4 5/5/5 6/6/6
f 7/7/7 4/4/4 8/8/8
f 9/9/9 10/10/10 11/11/11
f 11/11/11 12/12/12 9/9/9
f 13/13/13 14/14/14 15/15/15
f 15/15/15 16/16/16 13/13/13
f 17/17/17 18/18/18 19/19/19
f 19/19/19 20/20/20 17/17/17
f 21/21/21 22/22/22 23/23/23
f 23/23/23 12/12/12 21/21/21
f 24/24/24 22/22/22 21/21/21
f 25/25/25 20/20/20 19/19/19
f 19/19/19 26/26/26 25/25/25
f 27/27/27 28/28/28 29/29/29
f 29/29/29 30/30/30 27/27/27
f 13/13/13 16/16/16 31/31/31
f 32/32/32 33/33/33 34/34/34
f 34/34/34 35/35/35 32/32/32
f 36/36/36 37/37/37 38/38/38
f 25/25/25 26/26/26 39/39/39
f 40/40/40 41/41/41 42/42/42
f 42/42/42 43/43/43 40/40/40
f 17/17/17 44/31/44 45/44/45
f 38/38/38 46/45/46 36/36/36
f 31/31/31 47/46/47 13/13/13
f 4/4/4 7/7/7 5/5/5
f 48/47/48 49/48/49 28/28/28
f 28/28/28 27/27/27 48/47/48
f 12/12/12 23/23/23 9/9/9
f 27/27/27 30/30/30 50/49/50
f 50/49/50 5/5/5 27/27/27
f 48/47/48 27/27/27 5/5/5
f 5/5/5 7/7/7 48/47/48
f 39/39/39 26/26/26 41/41/41
f 41/41/41 40/40/40 39/39/39
f 6/6/6 5/5/5 50/49/50
f 50/49/50 22/22/51 6/6/6
f 33/33/33 18/18/18 45/44/45
f 45/44/45 34/34/34 33/33/33
f 38/38/38 37/37/37 44/31/44
f 15/15/15 14/14/14 24/24/24
f 24/24/24 21/21/21 15/15/15
f 40/40/40 43/43/43 49/48/49
f 49/48/49 48/47/48 40/40/40
f 7/7/7 39/39/39 40/40/40
f 40/40/40 48/47/48 7/7/7
f 8/8/8 25/25/25 39/39/39
f 39/39/39 7/7/7 8/8/8
f 51/50/52 25/25/25 8/8/8
f 52/51/53 20/20/20 25/25/25
f 25/25/25 51/50/52 52/51/53
f 47/46/54 17/17/17 20/20/20
f 20/20/20 52/51/53 47/46/54
f 47/46/54 44/31/44 17/17/17
f 37/37/37 34/34/34 45/44/45
f 45/44/45 44/31/44 37/37/37
f 35/35/35 34/34/34 37/37/37
f 37/37/37 36/36/36 35/35/35
f 17/17/17 45/44/45 18/18/18
f 53/52/55 54/53/56 55/54/57
f 55/54/57 56/11/58 53/52/55
f 57/55/59 58/56/60 59/57/61
f 60/58/62 61/59/63 62/60/64
f 63/61/65 60/58/62 64/62/66
f 65/63/67 66/64/68 67/65/69
f 67/65/69 68/66/70 65/63/67
f 31/31/31 16/16/16 58/56/71
f 69/67/72 70/16/73 71/15/74
f 71/15/74 72/68/75 69/67/72
f 73/16/76 59/57/61 58/56/60
f 74/69/77 75/70/78 76/71/79
f 76/71/79 77/72/80 74/69/77
f 78/73/81 79/74/82 80/75/83
f 80/75/83 81/76/84 78/73/81
f 82/77/85 83/78/86 84/79/87
f 84/79/87 85/80/88 82/77/85
f 86/81/89 87/82/90 88/83/91
f 88/83/91 89/84/92 86/81/89
f 1/1/1 3/3/3 90/2/93
f 91/85/94 92/86/95 93/87/96
f 93/87/96 90/2/93 91/85/94
f 94/88/97 95/89/98 96/90/99
f 72/68/75 71/15/74 97/21/100
f 97/21/100 98/12/101 72/68/75
f 99/91/102 72/68/75 98/12/101
f 98/12/101 100/92/103 99/91/102
f 101/93/104 102/94/105 103/95/106
f 103/95/106 104/96/107 101/93/104
f 105/97/108 106/98/109 107/99/110
f 107/99/110 108/100/111 105/97/108
f 57/55/59 59/57/61 89/84/92
f 54/53/56 65/63/67 68/66/70
f 68/66/70 55/54/57 54/53/56
f 102/94/105 99/91/102 100/92/103
f 100/92/103 103/95/106 102/94/105
f 83/78/86 75/70/78 74/69/77
f 74/69/77 84/79/87 83/78/86
f 61/59/63 78/73/81 81/76/84
f 81/76/84 62/60/64 61/59/63
f 108/100/111 107/99/110 63/61/65
f 63/61/65 64/62/66 108/100/111
f 109/101/112 110/102/113 111/103/114
f 112/104/115 69/67/72 72/68/75
f 72/68/75 99/91/102 112/104/115
f 113/105/116 112/104/115 99/91/102
f 99/91/102 102/94/105 113/105/116
f 114/106/117 113/105/116 102/94/105
f 102/94/105 101/93/104 114/106/117
f 115/107/118 105/97/108 108/100/111
f 94/88/97 116/108/118 95/89/98
f 117/109/119 118/110/120 119/111/121
f 119/111/121 120/112/122 117/109/119
f 121/113/123 122/114/124 123/115/125
f 123/115/125 124/116/126 121/113/123
f 125/117/127 121/113/123 124/116/126
f 124/116/126 126/118/128 125/117/127
f 94/88/97 127/119/129 128/120/130
f 117/109/119 120/112/122 129/121/131
f 130/122/132 117/109/119 129/121/131
f 118/110/120 117/109/119 130/122/132
f 130/122/132 131/123/133 118/110/120
f 132/124/134 133/125/135 134/126/89
f 134/126/89 135/127/136 132/124/134
f 132/124/134 136/127/137 137/128/138
f 137/128/138 138/129/139 132/124/134
f 139/128/61 140/130/140 141/131/141
f 142/132/142 111/103/143 143/102/144
f 143/102/144 144/133/115 142/132/142
f 145/134/145 146/135/146 142/132/142
f 142/132/142 147/133/147 145/134/145
f 148/136/148 149/137/149 146/135/146
f 146/135/146 145/134/145 148/136/148
f 125/117/127 126/118/128 150/138/150
f 150/138/150 151/139/151 125/117/127
f 94/88/97 152/140/152 116/108/118
f 137/128/138 153/141/153 138/129/139
f 142/132/142 74/69/77 77/72/80
f 77/72/80 111/103/143 142/132/142
f 146/135/146 84/79/87 74/69/77
f 74/69/77 142/132/142 146/135/146
f 85/80/88 84/79/87 146/135/146
f 146/135/146 149/137/149 85/80/88
f 94/88/97 128/120/130 152/140/152
f 87/82/90 86/81/89 92/86/95
f 92/86/95 91/85/94 87/82/90
f 133/125/135 118/110/120 131/123/133
f 131/123/133 134/126/89 133/125/135
f 118/110/120 133/125/135 154/142/154
f 154/142/154 119/111/121 118/110/120
f 66/64/68 80/75/83 79/74/82
f 79/74/82 67/65/69 66/64/68
f 105/97/108 101/93/104 104/96/107
f 104/96/107 106/98/109 105/97/108
f 105/97/108 115/107/118 114/106/117
f 114/106/117 101/93/104 105/97/108
f 116/108/118 152/140/152 149/137/149
f 149/137/149 148/136/148 116/108/118
f 152/140/152 128/120/130 85/80/88
f 85/80/88 149/137/149 152/140/152
f 128/120/130 127/119/129 82/77/85
f 82/77/85 85/80/88 128/120/130
f 3/3/3 155/143/155 91/85/94
f 91/85/94 90/2/93 3/3/3
f 155/143/155 156/144/156 87/82/90
f 87/82/90 91/85/94 155/143/155
f 88/83/91 87/82/90 156/144/156
f 156/144/156 46/45/46 88/83/91
f 38/38/38 57/55/59 88/83/91
f 88/83/91 46/45/46 38/38/38
f 1/1/1 90/2/93 93/87/96
f 57/55/59 44/31/44 58/56/60
f 38/38/38 44/31/44 57/55/59
f 157/145/157 115/107/118 108/100/111
f 108/100/111 64/62/66 157/145/157
f 60/58/62 157/145/157 64/62/66
f 158/49/158 23/23/23 22/22/22
f 30/30/30 9/9/9 23/23/23
f 23/23/23 50/49/50 30/30/30
f 10/10/10 9/9/9 30/30/30
f 30/30/30 29/29/29 10/10/10
f 154/142/154 123/115/125 159/146/159
f 124/116/126 123/115/125 160/147/160
f 126/118/128 124/116/126 160/147/160
f 133/125/135 123/115/125 154/142/154
f 160/147/160 123/115/125 133/125/135
f 133/125/135 132/124/134 160/147/160
f 160/147/160 132/124/134 138/129/139
f 161/138/161 162/118/162 163/129/163
f 163/129/163 164/141/164 161/138/161
f 122/114/124 159/146/159 123/115/125
f 139/128/61 141/131/141 153/141/153
f 165/148/165 143/102/144 109/101/166
f 126/118/128 160/147/160 138/129/139
f 88/83/91 57/55/59 89/84/92
f 10/10/10 166/149/167 167/52/168
f 167/52/168 11/11/11 10/10/10
f 166/149/167 10/10/10 29/29/29
f 29/29/29 168/150/169 166/149/167
f 28/28/28 169/151/170 168/150/169
f 168/150/169 29/29/29 28/28/28
f 49/48/49 170/152/171 169/151/170
f 169/151/170 28/28/28 49/48/49
f 43/43/43 171/153/172 170/152/171
f 170/152/171 49/48/49 43/43/43
f 172/154/173 171/153/172 43/43/43
f 43/43/43 42/42/42 172/154/173
f 56/11/58 55/54/57 100/92/103
f 100/92/103 98/12/101 56/11/58
f 55/54/57 68/66/70 103/95/106
f 103/95/106 100/92/103 55/54/57
f 68/66/70 67/65/69 104/96/107
f 104/96/107 103/95/106 68/66/70
f 67/65/69 79/74/82 106/98/109
f 106/98/109 104/96/107 67/65/69
f 78/73/81 107/99/110 106/98/109
f 106/98/109 79/74/82 78/73/81
f 61/59/63 63/61/65 107/99/110
f 107/99/110 78/73/81 61/59/63
f 60/58/62 63/61/65 61/59/63
f 173/4/174 174/6/175 175/5/176
f 176/7/177 177/8/178 173/4/174
f 178/11/179 179/10/180 180/9/181
f 180/9/181 181/12/182 178/11/179
f 182/15/183 183/14/184 184/13/185
f 184/13/185 185/16/186 182/15/183
f 186/19/187 187/18/188 188/17/189
f 188/17/189 189/20/190 186/19/187
f 190/23/191 191/22/192 192/21/193
f 192/21/193 181/12/182 190/23/191
f 193/24/194 192/21/193 191/22/192
f 194/25/195 195/26/196 186/19/187
f 186/19/187 189/20/190 194/25/195
f 196/27/197 197/30/198 198/29/199
f 198/29/199 199/28/200 196/27/197
f 184/13/185 200/31/201 185/16/186
f 32/32/32 35/35/35 201/34/202
f 201/34/202 202/33/203 32/32/32
f 36/36/36 203/38/204 204/37/205
f 194/25/195 205/39/206 195/26/196
f 206/40/207 207/43/208 208/42/209
f 208/42/209 209/41/210 206/40/207
f 188/17/189 210/44/211 211/31/212
f 203/38/204 36/36/36 46/45/46
f 200/31/201 184/13/185 212/46/213
f 173/4/174 175/5/176 176/7/177
f 213/47/214 196/27/197 199/28/200
f 199/28/200 214/48/215 213/47/214
f 181/12/182 180/9/181 190/23/191
f 215/49/216 197/30/198 196/27/197
f 196/27/197 175/5/176 215/49/216
f 175/5/176 196/27/197 213/47/214
f 213/47/214 176/7/177 175/5/176
f 205/39/206 206/40/207 209/41/210
f 209/41/210 195/26/196 205/39/206
f 174/6/175 191/22/217 215/49/216
f 215/49/216 175/5/176 174/6/175
f 210/44/211 187/18/188 202/33/203
f 202/33/203 201/34/202 210/44/211
f 203/38/204 211/31/212 204/37/205
f 182/15/183 192/21/193 193/24/194
f 193/24/194 183/14/184 182/15/183
f 214/48/215 207/43/208 206/40/207
f 206/40/207 213/47/214 214/48/215
f 176/7/177 213/47/214 206/40/207
f 206/40/207 205/39/206 176/7/177
f 177/8/178 176/7/177 205/39/206
f 205/39/206 194/25/195 177/8/178
f 216/50/218 177/8/178 194/25/195
f 194/25/195 189/20/190 217/51/219
f 217/51/219 216/50/218 194/25/195
f 189/20/190 188/17/189 212/46/220
f 212/46/220 217/51/219 189/20/190
f 212/46/220 188/17/189 211/31/212
f 204/37/205 211/31/212 210/44/211
f 210/44/211 201/34/202 204/37/205
f 35/35/35 36/36/36 204/37/205
f 204/37/205 201/34/202 35/35/35
f 188/17/189 187/18/188 210/44/211
f 218/54/221 54/53/56 53/52/55
f 53/52/55 219/11/222 218/54/221
f 220/55/223 221/57/224 222/56/225
f 60/58/62 62/60/64 223/59/226
f 224/61/227 225/62/228 60/58/62
f 226/65/229 66/64/68 65/63/67
f 65/63/67 227/66/230 226/65/229
f 200/31/201 222/56/225 185/16/186
f 228/67/231 229/68/232 230/15/233
f 230/15/233 231/16/234 228/67/231
f 232/16/235 222/56/225 221/57/224
f 233/69/236 234/72/237 76/71/79
f 76/71/79 75/70/78 233/69/236
f 80/75/83 235/74/238 236/73/239
f 236/73/239 81/76/84 80/75/83
f 237/79/240 83/78/86 82/77/85
f 82/77/85 238/80/241 237/79/240
f 239/81/242 240/84/243 241/83/244
f 241/83/244 242/82/245 239/81/242
f 243/87/246 244/86/247 245/85/248
f 245/85/248 2/2/2 243/87/246
f 94/88/97 96/90/99 246/89/249
f 229/68/232 247/12/250 248/21/251
f 248/21/251 230/15/233 229/68/232
f 247/12/250 229/68/232 249/91/252
f 249/91/252 250/92/253 247/12/250
f 251/95/254 252/94/255 253/93/256
f 253/93/256 254/96/257 251/95/254
f 255/99/258 256/98/259 257/97/260
f 257/97/260 258/100/261 255/99/258
f 220/55/223 240/84/243 221/57/224
f 227/66/230 65/63/67 54/53/56
f 54/53/56 218/54/221 227/66/230
f 250/92/253 249/91/252 252/94/255
f 252/94/255 251/95/254 250/92/253
f 233/69/236 75/70/78 83/78/86
f 83/78/86 237/79/240 233/69/236
f 81/76/84 236/73/239 223/59/226
f 223/59/226 62/60/64 81/76/84
f 224/61/227 255/99/258 258/100/261
f 258/100/261 225/62/228 224/61/227
f 259/101/262 260/103/263 261/102/264
f 229/68/232 228/67/231 262/104/265
f 262/104/265 249/91/252 229/68/232
f 249/91/252 262/104/265 263/105/266
f 263/105/266 252/94/255 249/91/252
f 252/94/255 263/105/266 264/106/267
f 264/106/267 253/93/256 252/94/255
f 265/107/268 258/100/261 257/97/260
f 94/88/97 246/89/249 266/108/269
f 119/111/121 267/110/270 268/109/271
f 268/109/271 120/112/122 119/111/121
f 121/113/123 269/116/272 270/115/273
f 270/115/273 122/114/124 121/113/123
f 125/117/127 271/118/274 269/116/272
f 269/116/272 121/113/123 125/117/127
f 94/88/97 272/120/275 127/119/129
f 268/109/271 129/121/131 120/112/122
f 273/122/276 129/121/131 268/109/271
f 267/110/270 274/123/247 273/122/276
f 273/122/276 268/109/271 267/110/270
f 275/124/277 276/127/243 277/126/242
f 277/126/242 278/125/278 275/124/277
f 279/128/279 280/127/280 275/124/277
f 275/124/277 281/129/281 279/128/279
f 282/128/282 283/131/283 284/130/235
f 285/102/231 260/103/284 286/132/285
f 286/132/285 287/133/265 285/102/231
f 288/134/266 289/133/286 286/132/285
f 286/132/285 290/135/287 288/134/266
f 291/136/288 288/134/266 290/135/287
f 290/135/287 292/137/289 291/136/288
f 293/138/290 271/118/274 125/117/127
f 125/117/127 151/139/151 293/138/290
f 94/88/97 266/108/269 294/140/291
f 279/128/279 281/129/281 295/141/292
f 286/132/285 260/103/284 234/72/237
f 234/72/237 233/69/236 286/132/285
f 290/135/287 286/132/285 233/69/236
f 233/69/236 237/79/240 290/135/287
f 290/135/287 237/79/240 238/80/241
f 238/80/241 292/137/289 290/135/287
f 94/88/97 294/140/291 272/120/275
f 244/86/247 239/81/242 242/82/245
f 242/82/245 245/85/248 244/86/247
f 278/125/278 277/126/242 274/123/247
f 274/123/247 267/110/270 278/125/278
f 154/142/154 278/125/278 267/110/270
f 267/110/270 119/111/121 154/142/154
f 235/74/238 80/75/83 66/64/68
f 66/64/68 226/65/229 235/74/238
f 254/96/257 253/93/256 257/97/260
f 257/97/260 256/98/259 254/96/257
f 257/97/260 253/93/256 264/106/267
f 264/106/267 265/107/268 257/97/260
f 266/108/269 291/136/288 292/137/289
f 292/137/289 294/140/291 266/108/269
f 294/140/291 292/137/289 238/80/241
f 238/80/241 272/120/275 294/140/291
f 272/120/275 238/80/241 82/77/85
f 82/77/85 127/119/129 272/120/275
f 3/3/3 2/2/2 245/85/248
f 245/85/248 155/143/155 3/3/3
f 155/143/155 245/85/248 242/82/245
f 242/82/245 156/144/156 155/143/155
f 241/83/244 46/45/46 156/144/156
f 156/144/156 242/82/245 241/83/244
f 241/83/244 220/55/223 203/38/204
f 203/38/204 46/45/46 241/83/244
f 1/1/1 243/87/246 2/2/2
f 220/55/223 222/56/225 211/31/212
f 203/38/204 220/55/223 211/31/212
f 296/145/293 225/62/228 258/100/261
f 258/100/261 265/107/268 296/145/293
f 60/58/62 225/62/228 296/145/293
f 297/49/294 191/22/192 190/23/191
f 197/30/198 215/49/216 190/23/191
f 190/23/191 180/9/181 197/30/198
f 197/30/198 180/9/181 179/10/180
f 179/10/180 198/29/199 197/30/198
f 154/142/154 159/146/159 270/115/273
f 269/116/272 298/147/295 270/115/273
f 271/118/274 298/147/295 299/116/296
f 278/125/278 154/142/154 270/115/273
f 298/147/295 275/124/277 278/125/278
f 278/125/278 270/115/273 298/147/295
f 298/147/295 281/129/281 275/124/277
f 300/129/297 301/118/298 302/138/299
f 302/138/299 303/141/263 300/129/297
f 122/114/124 270/115/273 159/146/159
f 282/128/282 295/141/292 283/131/283
f 304/148/186 259/101/300 285/102/231
f 271/118/274 281/129/281 298/147/295
f 241/83/244 240/84/243 220/55/223
f 167/52/168 166/149/167 179/10/180
f 179/10/180 178/11/179 167/52/168
f 198/29/199 179/10/180 166/149/167
f 166/149/167 168/150/169 198/29/199
f 199/28/200 198/29/199 168/150/169
f 168/150/169 169/151/170 199/28/200
f 214/48/215 199/28/200 169/151/170
f 169/151/170 170/152/171 214/48/215
f 207/43/208 214/48/215 170/152/171
f 170/152/171 171/153/172 207/43/208
f 207/43/208 171/153/172 172/154/173
f 172/154/173 208/42/209 207/43/208
f 250/92/253 218/54/221 219/11/222
f 219/11/222 247/12/250 250/92/253
f 305/95/301 306/66/302 218/54/221
f 218/54/221 250/92/253 305/95/301
f 254/96/257 226/65/229 227/66/230
f 227/66/230 251/95/254 254/96/257
f 256/98/259 235/74/238 226/65/229
f 226/65/229 254/96/257 256/98/259
f 236/73/239 235/74/238 256/98/259
f 256/98/259 255/99/258 236/73/239
f 223/59/226 236/73/239 255/99/258
f 255/99/258 224/61/227 223/59/226
f 60/58/62 223/59/226 224/61/227
f 307/155/303 308/156/304 309/157/305
f 310/46/306 311/158/307 312/159/308
f 312/159/308 313/160/309 310/46/306
f 311/158/307 310/46/306 314/13/310
f 314/13/310 308/156/304 311/158/307
f 315/50/311 316/51/312 312/159/308
f 312/159/308 317/161/313 315/50/311
f 308/156/304 314/13/310 318/14/314
f 318/14/314 309/157/305 308/156/304
f 319/8/315 315/50/311 317/161/313
f 317/161/313 320/162/316 319/8/315
f 316/51/312 313/160/309 312/159/308
f 321/163/317 322/6/318 323/164/319
f 323/164/319 324/165/320 321/163/317
f 321/163/317 324/165/320 325/166/321
f 325/166/321 326/24/322 321/163/317
f 309/157/305 318/14/314 326/24/322
f 326/24/322 325/166/321 309/157/305
f 307/155/303 325/166/321 324/165/320
f 317/161/313 307/155/303 320/162/316
f 317/161/313 312/159/308 307/155/303
f 307/155/303 311/158/307 308/156/304
f 307/155/303 312/159/308 311/158/307
f 307/155/303 309/157/305 325/166/321
f 323/164/319 307/155/303 324/165/320
f 322/6/318 319/8/315 320/162/316
f 320/162/316 323/164/319 322/6/318
f 320/162/316 307/155/303 323/164/319
f 327/167/323 328/168/324 329/169/325
f 329/169/325 330/170/326 327/167/323
f 328/168/324 331/171/327 332/172/328
f 332/172/328 329/169/325 328/168/324
f 332/172/328 331/171/327 333/173/329
f 333/173/329 334/174/330 332/172/328
f 334/174/330 333/173/329 335/175/331
f 335/175/331 336/176/332 334/174/330
f 336/176/332 335/175/331 337/177/333
f 337/177/333 338/178/334 336/176/332
f 337/177/333 339/179/335 340/180/336
f 340/180/336 338/178/334 337/177/333
f 339/179/335 341/181/337 342/182/338
f 342/182/338 340/180/336 339/179/335
f 341/181/337 343/183/339 344/184/340
f 344/184/340 342/182/338 341/181/337
f 344/184/340 343/183/339 345/185/341
f 345/185/341 346/186/342 344/184/340
f 346/186/342 345/185/341 347/187/343
f 347/187/343 348/188/344 346/186/342
f 348/188/344 347/187/343 349/189/345
f 349/189/345 350/190/346 348/188/344
f 349/189/345 327/167/323 330/170/326
f 330/170/326 350/190/346 349/189/345
f 351/191/347 352/192/348 328/168/324
f 328/168/324 327/167/323 351/191/347
f 352/192/348 353/193/349 331/171/327
f 331/171/327 328/168/324 352/192/348
f 331/171/327 353/193/349 354/194/350
f 354/194/350 333/173/329 331/171/327
f 333/173/329 354/194/350 355/195/351
f 355/195/351 335/175/331 333/173/329
f 335/175/331 355/195/351 356/196/352
f 356/196/352 337/177/333 335/175/331
f 356/196/352 357/197/353 339/179/335
f 339/179/335 337/177/333 356/196/352
f 357/197/353 358/198/354 341/181/337
f 341/181/337 339/179/335 357/197/353
f 358/198/354 359/199/355 343/183/339
f 343/183/339 341/181/337 358/198/354
f 343/183/339 359/199/355 360/200/356
f 360/200/356 345/185/341 343/183/339
f 345/185/341 360/200/356 361/201/357
f 361/201/357 347/187/343 345/185/341
f 347/187/343 361/201/357 362/202/358
f 362/202/358 349/189/345 347/187/343
f 362/202/358 351/191/347 327/167/323
f 327/167/323 349/189/345 362/202/358
f 363/203/359 364/204/360 352/192/348
f 352/192/348 351/191/347 363/203/359
f 364/204/360 365/205/361 353/193/349
f 353/193/349 352/192/348 364/204/360
f 353/193/349 365/205/361 366/206/362
f 366/206/362 354/194/350 353/193/349
f 354/194/350 366/206/362 367/207/363
f 367/207/363 355/195/351 354/194/350
f 355/195/351 367/207/363 368/208/364
f 368/208/364 356/196/352 355/195/351
f 368/208/364 369/209/365 357/197/353
f 357/197/353 356/196/352 368/208/364
f 369/209/365 370/210/366 358/198/354
f 358/198/354 357/197/353 369/209/365
f 370/210/366 371/211/367 359/199/355
f 359/199/355 358/198/354 370/210/366
f 359/199/355 371/211/367 372/212/368
f 372/212/368 360/200/356 359/199/355
f 360/200/356 372/212/368 373/213/369
f 373/213/369 361/201/357 360/200/356
f 361/201/357 373/213/369 374/214/370
f 374/214/370 362/202/358 361/201/357
f 374/214/370 363/203/359 351/191/347
f 351/191/347 362/202/358 374/214/370
f 363/203/359 375/215/371 376/216/372
f 376/216/372 364/204/360 363/203/359
f 376/216/372 377/217/373 365/205/361
f 365/205/361 364/204/360 376/216/372
f 377/217/373 378/218/374 366/206/362
f 366/206/362 365/205/361 377/217/373
f 378/218/374 379/219/375 367/207/363
f 367/207/363 366/206/362 378/218/374
f 367/207/363 379/219/375 380/220/376
f 380/220/376 368/208/364 367/207/363
f 380/220/376 381/221/377 369/209/365
f 369/209/365 368/208/364 380/220/376
f 381/221/377 382/222/378 370/210/366
f 370/210/366 369/209/365 381/221/377
f 382/222/378 383/223/379 371/211/367
f 371/211/367 370/210/366 382/222/378
f 371/211/367 383/223/379 384/224/380
f 384/224/380 372/212/368 371/211/367
f 372/212/368 384/224/380 385/225/381
f 385/225/381 373/213/369 372/212/368
f 385/225/381 386/226/382 374/214/370
f 374/214/370 373/213/369 385/225/381
f 386/226/382 375/215/371 363/203/359
f 363/203/359 374/214/370 386/226/382
f 387/227/383 388/228/384 376/216/372
f 376/216/372 375/215/371 387/227/383
f 388/228/384 389/229/385 377/217/373
f 377/217/373 376/216/372 388/228/384
f 389/229/385 390/230/386 378/218/374
f 378/218/374 377/217/373 389/229/385
f 378/218/374 390/230/386 391/231/387
f 391/231/387 379/219/375 378/218/374
f 379/219/375 391/231/387 392/232/388
f 392/232/388 380/220/376 379/219/375
f 380/220/376 392/232/388 393/233/389
f 393/233/389 381/221/377 380/220/376
f 381/221/377 393/233/389 394/234/390
f 394/234/390 382/222/378 381/221/377
f 382/222/378 394/234/390 395/235/391
f 395/235/391 383/223/379 382/222/378
f 383/223/379 395/235/391 396/236/392
f 396/236/392 384/224/380 383/223/379
f 396/236/392 397/237/393 385/225/381
f 385/225/381 384/224/380 396/236/392
f 397/237/393 398/238/394 386/226/382
f 386/226/382 385/225/381 397/237/393
f 398/238/394 387/227/383 375/215/371
f 375/215/371 386/226/382 398/238/394
f 329/169/325 399/239/395 330/170/326
f 332/172/328 399/239/395 329/169/325
f 334/174/330 399/239/395 332/172/328
f 336/176/332 399/239/395 334/174/330
f 338/178/334 399/239/395 336/176/332
f 340/180/336 399/239/395 338/178/334
f 342/182/338 399/239/395 340/180/336
f 344/184/340 399/239/395 342/182/338
f 346/186/342 399/239/395 344/184/340
f 348/188/344 399/239/395 346/186/342
f 350/190/346 399/239/395 348/188/344
f 330/170/326 399/239/395 350/190/346
f 400/155/396 401/157/397 402/156/398
f 403/159/399 404/158/400 405/46/401
f 405/46/401 406/160/402 403/159/399
f 404/158/400 402/156/398 407/13/403
f 407/13/403 405/46/401 404/158/400
f 403/159/399 408/51/404 409/50/405
f 409/50/405 410/161/406 403/159/399
f 402/156/398 401/157/397 411/14/407
f 411/14/407 407/13/403 402/156/398
f 410/161/406 409/50/405 412/8/408
f 412/8/408 413/162/409 410/161/406
f 408/51/404 403/159/399 406/160/402
f 414/164/410 415/6/411 416/163/412
f 416/163/412 417/165/413 414/164/410
f 418/166/414 417/165/413 416/163/412
f 416/163/412 419/24/415 418/166/414
f 401/157/397 418/166/414 419/24/415
f 419/24/415 411/14/407 401/157/397
f 400/155/396 417/165/413 418/166/414
f 410/161/406 413/162/409 400/155/396
f 410/161/406 400/155/396 403/159/399
f 400/155/396 402/156/398 404/158/400
f 400/155/396 404/158/400 403/159/399
f 400/155/396 418/166/414 401/157/397
f 414/164/410 417/165/413 400/155/396
f 413/162/409 412/8/408 415/6/411
f 415/6/411 414/164/410 413/162/409
f 413/162/409 414/164/410 400/155/396
f 420/169/416 421/168/417 422/167/418
f 422/167/418 423/170/419 420/169/416
f 424/172/420 425/171/421 421/168/417
f 421/168/417 420/169/416 424/172/420
f 424/172/420 426/174/422 427/173/423
f 427/173/423 425/171/421 424/172/420
f 426/174/422 428/176/424 429/175/425
f 429/175/425 427/173/423 426/174/422
f 428/176/424 430/178/426 431/177/427
f 431/177/427 429/175/425 428/176/424
f 432/180/428 433/179/429 431/177/427
f 431/177/427 430/178/426 432/180/428
f 434/182/430 435/181/431 433/179/429
f 433/179/429 432/180/428 434/182/430
f 436/184/432 437/183/433 435/181/431
f 435/181/431 434/182/430 436/184/432
f 436/184/432 438/186/434 439/185/435
f 439/185/435 437/183/433 436/184/432
f 438/186/434 440/188/436 441/187/437
f 441/187/437 439/185/435 438/186/434
f 440/188/436 442/190/438 443/189/439
f 443/189/439 441/187/437 440/188/436
f 423/170/419 422/167/418 443/189/439
f 443/189/439 442/190/438 423/170/419
f 421/168/417 444/192/440 445/191/441
f 445/191/441 422/167/418 421/168/417
f 425/171/421 446/193/442 444/192/440
f 444/192/440 421/168/417 425/171/421
f 425/171/421 427/173/423 447/194/443
f 447/194/443 446/193/442 425/171/421
f 427/173/423 429/175/425 448/195/444
f 448/195/444 447/194/443 427/173/423
f 429/175/425 431/177/427 449/196/445
f 449/196/445 448/195/444 429/175/425
f 433/179/429 450/197/446 449/196/445
f 449/196/445 431/177/427 433/179/429
f 435/181/431 451/198/447 450/197/446
f 450/197/446 433/179/429 435/181/431
f 437/183/433 452/199/448 451/198/447
f 451/198/447 435/181/431 437/183/433
f 437/183/433 439/185/435 453/200/449
f 453/200/449 452/199/448 437/183/433
f 439/185/435 441/187/437 454/201/450
f 454/201/450 453/200/449 439/185/435
f 441/187/437 443/189/439 455/202/451
f 455/202/451 454/201/450 441/187/437
f 422/167/418 445/191/441 455/202/451
f 455/202/451 443/189/439 422/167/418
f 444/192/440 456/204/452 457/203/453
f 457/203/453 445/191/441 444/192/440
f 446/193/442 458/205/454 456/204/452
f 456/204/452 444/192/440 446/193/442
f 446/193/442 447/194/443 459/206/455
f 459/206/455 458/205/454 446/193/442
f 447/194/443 448/195/444 460/207/456
f 460/207/456 459/206/455 447/194/443
f 448/195/444 449/196/445 461/208/457
f 461/208/457 460/207/456 448/195/444
f 450/197/446 462/209/458 461/208/457
f 461/208/457 449/196/445 450/197/446
f 451/198/447 463/210/459 462/209/458
f 462/209/458 450/197/446 451/198/447
f 452/199/448 464/211/460 463/210/459
f 463/210/459 451/198/447 452/199/448
f 452/199/448 453/200/449 465/212/461
f 465/212/461 464/211/460 452/199/448
f 453/200/449 454/201/450 466/213/462
f 466/213/462 465/212/461 453/200/449
f 454/201/450 455/202/451 467/214/463
f 467/214/463 466/213/462 454/201/450
f 445/191/441 457/203/453 467/214/463
f 467/214/463 455/202/451 445/191/441
f 457/203/453 456/204/452 468/216/464
f 468/216/464 469/215/465 457/203/453
f 458/205/454 470/217/466 468/216/464
f 468/216/464 456/204/452 458/205/454
f 459/206/455 471/218/467 470/217/466
f 470/217/466 458/205/454 459/206/455
f 460/207/456 472/219/468 471/218/467
f 471/218/467 459/206/455 460/207/456
f 460/207/456 461/208/457 473/220/469
f 473/220/469 472/219/468 460/207/456
f 462/209/458 474/221/470 473/220/469
f 473/220/469 461/208/457 462/209/458
f 463/210/459 475/222/471 474/221/470
f 474/221/470 462/209/458 463/210/459
f 464/211/460 476/223/472 475/222/471
f 475/222/471 463/210/459 464/211/460
f 464/211/460 465/212/461 477/224/473
f 477/224/473 476/223/472 464/211/460
f 465/212/461 466/213/462 478/225/474
f 478/225/474 477/224/473 465/212/461
f 467/214/463 479/226/475 478/225/474
f 478/225/474 466/213/462 467/214/463
f 457/203/453 469/215/465 479/226/475
f 479/226/475 467/214/463 457/203/453
f 468/216/464 480/228/476 481/227/477
f 481/227/477 469/215/465 468/216/464
f 470/217/466 482/229/478 480/228/476
f 480/228/476 468/216/464 470/217/466
f 471/218/467 483/230/479 482/229/478
f 482/229/478 470/217/466 471/218/467
f 471/218/467 472/219/468 484/231/480
f 484/231/480 483/230/479 471/218/467
f 472/219/468 473/220/469 485/232/481
f 485/232/481 484/231/480 472/219/468
f 473/220/469 474/221/470 486/233/482
f 486/233/482 485/232/481 473/220/469
f 474/221/470 475/222/471 487/234/483
f 487/234/483 486/233/482 474/221/470
f 475/222/471 476/223/472 488/235/484
f 488/235/484 487/234/483 475/222/471
f 476/223/472 477/224/473 489/236/485
f 489/236/485 488/235/484 476/223/472
f 478/225/474 490/237/486 489/236/485
f 489/236/485 477/224/473 478/225/474
f 479/226/475 491/238/487 490/237/486
f 490/237/486 478/225/474 479/226/475
f 469/215/465 481/227/477 491/238/487
f 491/238/487 479/226/475 469/215/465
f 420/169/416 423/170/419 492/239/488
f 424/172/420 420/169/416 492/239/488
f 426/174/422 424/172/420 492/239/488
f 428/176/424 426/174/422 492/239/488
f 430/178/426 428/176/424 492/239/488
f 432/180/428 430/178/426 492/239/488
f 434/182/430 432/180/428 492/239/488
f 436/184/432 434/182/430 492/239/488
f 438/186/434 436/184/432 492/239/488
f 440/188/436 438/186/434 492/239/488
f 442/190/438 440/188/436 492/239/488
f 423/170/419 442/190/438 492/239/488
f 26/26/26 19/19/19 493/240/489
f 493/240/489 494/241/490 26/26/26
f 32/32/32 495/242/491 496/243/492
f 496/243/492 33/33/33 32/32/32
f 26/26/26 494/241/490 497/244/493
f 497/244/493 41/41/41 26/26/26
f 18/18/18 498/245/494 493/240/489
f 493/240/489 19/19/19 18/18/18
f 33/33/33 496/243/492 498/245/494
f 498/245/494 18/18/18 33/33/33
f 42/42/42 499/246/495 500/247/496
f 500/247/496 172/154/173 42/42/42
f 41/41/41 497/244/493 499/246/495
f 499/246/495 42/42/42 41/41/41
f 501/248/497 502/249/498 496/243/492
f 496/243/492 495/242/491 501/248/497
f 496/243/492 502/249/498 503/250/499
f 503/250/499 498/245/494 496/243/492
f 498/245/494 503/250/499 504/251/500
f 504/251/500 493/240/489 498/245/494
f 494/241/490 493/240/489 504/251/500
f 504/251/500 505/252/501 494/241/490
f 494/241/490 505/252/501 506/253/502
f 506/253/502 497/244/493 494/241/490
f 497/244/493 506/253/502 507/254/503
f 507/254/503 499/246/495 497/244/493
f 499/246/495 507/254/503 508/255/504
f 508/255/504 500/247/496 499/246/495
f 195/26/196 509/241/505 510/240/506
f 510/240/506 186/19/187 195/26/196
f 32/32/32 202/33/203 511/243/507
f 511/243/507 495/242/491 32/32/32
f 512/244/508 509/241/505 195/26/196
f 195/26/196 209/41/210 512/244/508
f 510/240/506 513/245/509 187/18/188
f 187/18/188 186/19/187 510/240/506
f 202/33/203 187/18/188 513/245/509
f 513/245/509 511/243/507 202/33/203
f 500/247/496 514/246/510 208/42/209
f 208/42/209 172/154/173 500/247/496
f 514/246/510 512/244/508 209/41/210
f 209/41/210 208/42/209 514/246/510
f 511/243/507 515/249/511 501/248/497
f 501/248/497 495/242/491 511/243/507
f 516/250/512 515/249/511 511/243/507
f 511/243/507 513/245/509 516/250/512
f 517/251/513 516/250/512 513/245/509
f 513/245/509 510/240/506 517/251/513
f 509/241/505 518/252/514 517/251/513
f 517/251/513 510/240/506 509/241/505
f 519/253/515 518/252/514 509/241/505
f 509/241/505 512/244/508 519/253/515
f 520/254/516 519/253/515 512/244/508
f 512/244/508 514/246/510 520/254/516
f 508/255/504 520/254/516 514/246/510
f 514/246/510 500/247/496 508/255/504
f 521/256/517 522/257/518 523/258/519
f 523/258/519 524/259/520 521/256/517
f 525/260/521 526/261/522 527/262/523
f 527/262/523 528/263/524 525/260/521
f 525/260/521 529/264/525 530/265/526
f 530/265/526 526/261/522 525/260/521
f 531/266/527 532/267/528 530/265/526
f 530/265/526 529/264/525 531/266/527
f 533/268/529 534/269/530 532/267/528
f 532/267/528 531/266/527 533/268/529
f 535/270/531 536/271/532 534/269/530
f 534/269/530 533/268/529 535/270/531
f 528/263/524 527/262/523 522/257/518
f 522/257/518 521/256/517 528/263/524
f 537/272/533 538/273/534 539/274/535
f 539/274/535 540/275/536 537/272/533
f 540/275/536 539/274/535 541/276/537
f 541/276/537 542/277/538 540/275/536
f 542/277/538 541/276/537 543/278/539
f 543/278/539 544/279/540 542/277/538
f 545/280/541 544/279/540 543/278/539
f 543/278/539 546/281/542 545/280/541
f 545/280/541 546/281/542 547/282/543
f 547/282/543 548/283/544 545/280/541
f 548/283/544 547/282/543 549/284/545
f 549/284/545 550/285/546 548/283/544
f 550/285/546 549/284/545 551/286/547
f 551/286/547 552/287/548 550/285/546
f 523/258/519 553/257/549 554/256/550
f 554/256/550 524/259/520 523/258/519
f 555/262/551 556/261/552 557/260/553
f 557/260/553 558/263/554 555/262/551
f 557/260/553 556/261/552 559/265/555
f 559/265/555 560/264/556 557/260/553
f 559/265/555 561/267/557 562/266/558
f 562/266/558 560/264/556 559/265/555
f 561/267/557 563/269/559 564/268/560
f 564/268/560 562/266/558 561/267/557
f 563/269/559 536/271/532 535/270/531
f 535/270/531 564/268/560 563/269/559
f 553/257/549 555/262/551 558/263/554
f 558/263/554 554/256/550 553/257/549
f 565/274/561 538/273/534 537/272/533
f 537/272/533 566/275/562 565/274/561
f 567/276/563 565/274/561 566/275/562
f 566/275/562 568/277/564 567/276/563
f 569/278/565 567/276/563 568/277/564
f 568/277/564 570/279/566 569/278/565
f 571/280/567 572/281/568 569/278/565
f 569/278/565 570/279/566 571/280/567
f 573/282/569 572/281/568 571/280/567
f 571/280/567 574/283/570 573/282/569
f 575/284/571 573/282/569 574/283/570
f 574/283/570 576/285/572 575/284/571
f 551/286/547 575/284/571 576/285/572
f 576/285/572 552/287/548 551/286/547
f 532/267/528 542/277/538 544/279/540
f 544/279/540 530/265/526 532/267/528
f 534/269/530 540/275/536 542/277/538
f 542/277/538 532/267/528 534/269/530
f 536/271/532 537/272/533 540/275/536
f 540/275/536 534/269/530 536/271/532
f 566/275/562 537/272/533 536/271/532
f 536/271/532 563/269/559 566/275/562
f 568/277/564 566/275/562 563/269/559
f 563/269/559 561/267/557 568/277/564
f 570/279/566 568/277/564 561/267/557
f 561/267/557 559/265/555 570/279/566
f 556/261/552 571/280/567 570/279/566
f 570/279/566 559/265/555 556/261/552
f 574/283/570 571/280/567 556/261/552
f 556/261/552 555/262/551 574/283/570
f 576/285/572 574/283/570 555/262/551
f 555/262/551 553/257/549 576/285/572
f 552/287/548 576/285/572 553/257/549
f 553/257/549 523/258/519 552/287/548
f 522/257/518 550/285/546 552/287/548
f 552/287/548 523/258/519 522/257/518
f 527/262/523 548/283/544 550/285/546
f 550/285/546 522/257/518 527/262/523
f 526/261/522 545/280/541 548/283/544
f 548/283/544 527/262/523 526/261/522
f 526/261/522 530/265/526 544/279/540
f 544/279/540 545/280/541 526/261/522
f 577/288/573 578/289/574 579/290/575
f 579/290/575 580/291/576 577/288/573
f 581/292/577 578/289/574 582/293/578
f 583/294/579 584/295/580 585/296/581
f 585/296/581 586/297/582 583/294/579
f 587/298/583 588/299/584 589/300/585
f 589/300/585 590/301/586 587/298/583
f 591/302/587 592/303/588 593/304/589
f 593/304/589 594/305/590 591/302/587
f 595/306/591 596/307/592 597/308/593
f 598/309/594 599/310/595 600/311/596
f 600/311/596 601/312/597 598/309/594
f 602/313/598 603/314/599 604/315/600
f 604/315/600 605/316/601 602/313/598
f 606/317/602 607/318/603 608/319/604
f 608/319/604 609/320/605 606/317/602
f 610/321/606 611/322/607 612/323/608
f 612/323/608 613/324/609 610/321/606
f 614/325/610 615/326/611 616/327/612
f 616/327/612 617/328/613 614/325/610
f 618/329/614 619/330/615 620/331/616
f 620/331/616 621/332/617 618/329/614
f 604/315/600 622/333/618 623/334/619
f 624/335/620 625/336/621 626/337/622
f 627/338/623 628/339/624 629/340/625
f 630/341/626 631/342/627 632/343/628
f 632/343/628 633/344/629 630/341/626
f 634/345/630 635/346/631 636/347/632
f 636/347/632 637/348/633 634/345/630
f 638/349/634 639/350/635 637/348/633
f 640/351/636 641/352/637 642/353/638
f 642/353/638 643/354/639 640/351/636
f 644/355/640 645/356/641 646/357/642
f 646/357/642 647/358/643 644/355/640
f 648/359/644 649/360/645 650/361/646
f 651/362/647 652/363/648 653/364/649
f 654/365/650 655/366/651 656/367/652
f 656/367/652 657/368/653 654/365/650
f 658/369/654 659/370/655 660/371/656
f 661/372/657 662/373/658 663/374/659
f 663/374/659 664/375/660 661/372/657
f 665/376/661 666/377/662 667/378/663
f 668/379/664 608/319/604 607/318/603
f 607/318/603 669/380/665 668/379/664
f 670/381/666 671/382/667 658/369/654
f 658/369/654 660/371/656 670/381/666
f 672/383/668 673/384/669 674/385/670
f 641/352/637 672/383/668 675/386/671
f 676/387/672 677/388/673 678/389/674
f 678/389/674 649/360/645 676/387/672
f 679/390/675 680/391/676 681/392/677
f 682/393/678 683/394/679 684/395/680
f 684/395/680 685/396/681 682/393/678
f 686/397/682 687/398/683 688/399/684
f 688/399/684 689/400/685 686/397/682
f 690/401/686 579/290/575 691/402/687
f 691/402/687 692/403/688 690/401/686
f 693/404/689 635/346/631 694/405/690
f 694/405/690 695/406/691 693/404/689
f 696/407/692 697/408/693 698/409/694
f 698/409/694 699/410/695 696/407/692
f 700/411/696 701/412/697 702/413/698
f 702/413/698 613/324/609 700/411/696
f 694/405/690 667/378/663 666/377/662
f 666/377/662 703/414/699 694/405/690
f 704/415/700 705/416/701 706/417/702
f 706/417/702 707/418/703 704/415/700
f 601/312/597 708/419/704 636/347/632
f 636/347/632 598/309/594 601/312/597
f 709/420/705 710/421/706 612/323/608
f 711/422/707 706/417/702 705/416/701
f 705/416/701 712/423/708 711/422/707
f 713/424/709 714/425/617 715/426/710
f 715/426/710 716/427/711 713/424/709
f 586/297/582 610/321/606 717/428/712
f 717/428/712 583/294/579 586/297/582
f 718/429/713 719/430/714 720/431/715
f 721/432/716 722/433/717 723/434/718
f 723/434/718 724/435/719 721/432/716
f 724/435/719 725/436/720 726/437/721
f 726/437/721 721/432/716 724/435/719
f 727/438/722 728/439/723 656/367/652
f 656/367/652 729/440/724 727/438/722
f 730/441/725 624/335/620 731/442/726
f 731/442/726 732/443/727 730/441/725
f 733/444/728 734/445/729 735/446/730
f 735/446/730 736/447/731 733/444/728
f 737/448/732 738/449/733 739/450/734
f 739/450/734 740/451/735 737/448/732
f 622/333/618 604/315/600 603/314/599
f 603/314/599 741/452/736 622/333/618
f 640/351/636 742/453/737 743/454/738
f 743/454/738 744/455/739 640/351/636
f 745/456/740 746/457/741 747/458/742
f 747/458/742 748/459/743 745/456/740
f 749/460/744 750/461/745 751/462/746
f 751/462/746 752/463/747 749/460/744
f 753/464/748 754/465/749 755/466/750
f 755/466/750 756/467/751 753/464/748
f 669/380/665 757/468/752 668/379/664
f 758/469/753 759/470/754 760/471/755
f 760/471/755 761/472/756 758/469/753
f 762/473/757 728/439/723 763/474/758
f 763/474/758 764/475/759 762/473/757
f 627/338/623 629/340/625 765/476/760
f 760/471/755 766/477/761 767/478/762
f 767/478/762 768/479/763 760/471/755
f 583/294/579 717/428/712 736/447/731
f 736/447/731 769/480/687 583/294/579
f 770/481/764 771/482/765 772/483/766
f 770/481/764 772/483/766 773/484/767
f 615/326/611 774/485/768 775/486/769
f 775/486/769 616/327/612 615/326/611
f 741/452/736 603/314/599 776/487/770
f 777/488/771 778/489/772 719/430/714
f 779/490/773 627/338/623 765/476/760
f 780/491/774 682/393/678 685/396/681
f 685/396/681 605/316/601 780/491/774
f 588/299/584 587/298/583 781/492/775
f 781/492/775 782/493/776 588/299/584
f 783/494/777 784/495/778 594/305/590
f 594/305/590 593/304/589 783/494/777
f 785/496/779 786/497/780 744/455/739
f 744/455/739 787/498/747 785/496/779
f 788/499/781 670/381/666 789/500/782
f 769/480/687 790/501/783 584/295/580
f 584/295/580 583/294/579 769/480/687
f 742/453/737 596/307/592 595/306/591
f 595/306/591 791/502/784 742/453/737
f 792/503/785 751/462/746 750/461/745
f 750/461/745 793/504/786 792/503/785
f 726/437/721 600/311/596 599/310/595
f 599/310/595 794/505/787 726/437/721
f 795/506/705 796/507/788 797/508/789
f 798/509/790 799/510/791 800/511/792
f 676/387/672 649/360/645 801/512/793
f 798/509/790 647/358/643 802/513/794
f 802/513/794 803/514/795 798/509/790
f 701/412/697 700/411/696 678/389/674
f 700/411/696 650/361/646 649/360/645
f 649/360/645 678/389/674 700/411/696
f 804/515/796 805/516/797 806/517/798
f 601/312/597 807/518/799 708/419/704
f 808/519/800 807/518/799 601/312/597
f 601/312/597 600/311/596 808/519/800
f 743/454/738 742/453/737 791/502/784
f 770/481/764 596/307/592 767/478/762
f 767/478/762 809/520/801 770/481/764
f 810/521/802 803/514/795 811/522/803
f 811/522/803 812/523/804 810/521/802
f 813/524/805 814/525/806 815/526/772
f 799/510/791 798/509/790 803/514/795
f 803/514/795 810/521/802 799/510/791
f 816/527/807 704/415/700 707/418/703
f 707/418/703 817/528/808 816/527/807
f 818/529/809 819/530/810 820/531/811
f 820/531/811 821/532/812 818/529/809
f 822/533/813 739/450/734 823/534/814
f 788/499/781 671/382/667 670/381/666
f 809/520/801 780/491/774 824/535/815
f 824/535/815 770/481/764 809/520/801
f 825/536/816 646/357/642 645/356/641
f 645/356/641 826/537/817 825/536/816
f 827/538/818 828/539/819 740/451/735
f 740/451/735 829/540/820 827/538/818
f 599/310/595 598/309/594 693/404/689
f 693/404/689 830/541/821 599/310/595
f 596/307/592 742/453/737 768/479/763
f 768/479/763 767/478/762 596/307/592
f 831/542/822 832/543/823 657/368/653
f 657/368/653 788/499/781 831/542/822
f 604/315/600 623/334/619 833/544/824
f 833/544/824 824/535/815 604/315/600
f 653/364/649 711/422/707 712/423/708
f 712/423/708 651/362/647 653/364/649
f 703/414/699 834/545/825 695/406/691
f 695/406/691 694/405/690 703/414/699
f 835/546/826 836/547/827 837/548/828
f 838/549/829 839/550/830 840/551/831
f 840/551/831 805/516/797 838/549/829
f 667/378/663 841/552/790 665/376/661
f 624/335/620 730/441/725 625/336/621
f 647/358/643 646/357/642 602/313/598
f 602/313/598 802/513/794 647/358/643
f 802/513/794 602/313/598 605/316/601
f 605/316/601 685/396/681 802/513/794
f 692/403/688 614/325/610 617/328/613
f 842/553/832 612/323/608 710/421/706
f 824/535/815 833/544/824 843/554/833
f 844/555/834 845/556/835 846/557/836
f 846/557/836 847/558/837 844/555/834
f 811/522/803 803/514/795 802/513/794
f 802/513/794 685/396/681 811/522/803
f 848/559/838 849/560/839 850/561/840
f 806/517/798 805/516/797 851/562/841
f 794/505/787 599/310/595 830/541/821
f 830/541/821 852/563/842 794/505/787
f 798/509/790 839/550/830 838/549/829
f 822/533/813 823/534/814 841/552/790
f 841/552/790 667/378/663 822/533/813
f 853/564/843 822/533/813 667/378/663
f 716/427/711 854/565/844 855/566/845
f 855/566/845 713/424/709 716/427/711
f 766/477/761 760/471/755 759/470/754
f 759/470/754 856/567/846 766/477/761
f 855/566/845 854/565/844 759/470/754
f 759/470/754 758/469/753 855/566/845
f 766/477/761 857/568/847 809/520/801
f 809/520/801 767/478/762 766/477/761
f 856/567/846 858/569/848 857/568/847
f 857/568/847 766/477/761 856/567/846
f 858/569/848 856/567/846 859/570/849
f 859/570/849 860/571/850 858/569/848
f 861/572/851 862/573/852 863/574/853
f 863/574/853 864/575/854 861/572/851
f 865/576/855 866/577/856 867/578/857
f 867/578/857 868/579/858 865/576/855
f 722/433/717 721/432/716 866/577/856
f 866/577/856 865/576/855 722/433/717
f 608/319/604 668/379/664 722/433/717
f 722/433/717 865/576/855 608/319/604
f 609/320/605 608/319/604 865/576/855
f 865/576/855 868/579/858 609/320/605
f 619/330/615 868/579/858 869/580/859
f 869/580/859 620/331/616 619/330/615
f 716/427/711 715/426/710 864/575/854
f 864/575/854 863/574/853 716/427/711
f 635/346/631 634/345/630 667/378/663
f 667/378/663 694/405/690 635/346/631
f 800/511/792 799/510/791 870/581/662
f 761/472/756 760/471/755 768/479/763
f 768/479/763 643/354/639 761/472/756
f 852/563/842 830/541/821 871/582/860
f 871/582/860 872/583/861 852/563/842
f 868/579/858 867/578/857 873/584/851
f 873/584/851 869/580/859 868/579/858
f 618/329/614 606/317/602 609/320/605
f 609/320/605 619/330/615 618/329/614
f 874/585/862 629/340/625 699/410/695
f 874/585/862 699/410/695 698/409/694
f 698/409/694 875/586/863 874/585/862
f 792/503/785 793/504/786 874/585/862
f 874/585/862 875/586/863 792/503/785
f 672/383/668 674/385/670 876/587/864
f 641/352/637 640/351/636 786/497/780
f 786/497/780 672/383/668 641/352/637
f 744/455/739 786/497/780 640/351/636
f 637/348/633 636/347/632 877/588/865
f 877/588/865 638/349/634 637/348/633
f 878/589/866 844/555/834 847/558/837
f 847/558/837 684/395/680 878/589/866
f 863/574/853 862/573/852 860/571/850
f 860/571/850 859/570/849 863/574/853
f 863/574/853 859/570/849 854/565/844
f 854/565/844 716/427/711 863/574/853
f 810/521/802 812/523/804 879/590/825
f 879/590/825 880/591/867 810/521/802
f 685/396/681 684/395/680 811/522/803
f 812/523/804 811/522/803 684/395/680
f 684/395/680 847/558/837 812/523/804
f 879/590/825 812/523/804 847/558/837
f 847/558/837 846/557/836 879/590/825
f 695/406/691 834/545/825 871/582/860
f 695/406/691 871/582/860 830/541/821
f 830/541/821 693/404/689 695/406/691
f 598/309/594 636/347/632 635/346/631
f 635/346/631 693/404/689 598/309/594
f 754/465/749 634/345/630 755/466/750
f 854/565/844 859/570/849 856/567/846
f 856/567/846 759/470/754 854/565/844
f 881/592/868 719/430/714 718/429/713
f 718/429/713 882/593/869 881/592/868
f 719/430/714 881/592/868 883/594/870
f 883/594/870 884/595/871 719/430/714
f 881/592/868 882/593/869 885/596/740
f 883/594/870 881/592/868 886/597/872
f 653/364/649 652/363/648 887/598/873
f 887/598/873 888/599/874 653/364/649
f 814/525/806 889/600/875 888/599/874
f 888/599/874 887/598/873 814/525/806
f 745/456/740 652/363/648 651/362/647
f 651/362/647 746/457/741 745/456/740
f 652/363/648 745/456/740 890/601/876
f 890/601/876 887/598/873 652/363/648
f 891/602/877 814/525/806 887/598/873
f 887/598/873 890/601/876 891/602/877
f 892/603/878 814/525/806 891/602/877
f 893/604/879 719/430/714 884/595/871
f 894/605/880 814/525/806 813/524/805
f 894/605/880 889/600/875 814/525/806
f 893/604/879 777/488/771 719/430/714
f 656/367/652 895/606/881 896/607/882
f 896/607/882 729/440/724 656/367/652
f 655/366/651 895/606/881 656/367/652
f 837/548/828 897/608/883 898/609/644
f 801/512/793 649/360/645 899/610/884
f 837/548/828 836/547/827 897/608/883
f 899/610/884 649/360/645 648/359/644
f 837/548/828 898/609/644 900/611/885
f 901/612/886 902/613/887 903/614/888
f 903/614/888 904/615/889 901/612/886
f 905/616/890 906/617/887 732/443/727
f 732/443/727 731/442/726 905/616/890
f 907/618/891 905/616/890 731/442/726
f 731/442/726 908/619/892 907/618/891
f 909/620/893 645/356/641 644/355/640
f 908/619/892 731/442/726 624/335/620
f 624/335/620 910/621/894 908/619/892
f 904/615/889 911/622/895 912/623/896
f 912/623/896 901/612/886 904/615/889
f 647/358/643 798/509/790 838/549/829
f 838/549/829 644/355/640 647/358/643
f 853/564/843 667/378/663 634/345/630
f 634/345/630 754/465/749 853/564/843
f 644/355/640 838/549/829 913/624/818
f 754/465/749 827/538/818 829/540/820
f 829/540/820 853/564/843 754/465/749
f 829/540/820 740/451/735 739/450/734
f 739/450/734 822/533/813 829/540/820
f 853/564/843 829/540/820 822/533/813
f 805/516/797 804/515/796 913/624/818
f 913/624/818 838/549/829 805/516/797
f 851/562/841 805/516/797 840/551/831
f 737/448/732 914/625/897 738/449/733
f 828/539/819 737/448/732 740/451/735
f 828/539/819 914/625/897 737/448/732
f 626/337/622 910/621/894 624/335/620
f 911/622/895 915/626/898 916/627/899
f 911/622/895 916/627/899 917/628/621
f 917/628/621 912/623/896 911/622/895
f 903/614/888 756/467/751 592/303/588
f 592/303/588 591/302/587 903/614/888
f 904/615/889 903/614/888 591/302/587
f 591/302/587 918/629/900 904/615/889
f 911/622/895 904/615/889 918/629/900
f 918/629/900 915/626/898 911/622/895
f 902/613/887 753/464/748 756/467/751
f 756/467/751 903/614/888 902/613/887
f 905/616/890 645/356/641 909/620/893
f 909/620/893 906/617/887 905/616/890
f 826/537/817 645/356/641 905/616/890
f 905/616/890 907/618/891 826/537/817
f 677/388/673 886/597/872 701/412/697
f 701/412/697 678/389/674 677/388/673
f 919/630/901 920/631/673 835/546/826
f 835/546/826 837/548/828 919/630/901
f 921/632/902 919/630/901 837/548/828
f 837/548/828 900/611/885 921/632/902
f 711/422/707 653/364/649 920/631/673
f 920/631/673 919/630/901 711/422/707
f 706/417/702 711/422/707 919/630/901
f 919/630/901 921/632/902 706/417/702
f 921/632/902 819/530/810 707/418/703
f 707/418/703 706/417/702 921/632/902
f 613/324/609 612/323/608 922/633/903
f 922/633/903 700/411/696 613/324/609
f 613/324/609 702/413/698 923/634/904
f 923/634/904 610/321/606 613/324/609
f 817/528/808 707/418/703 819/530/810
f 819/530/810 818/529/809 817/528/808
f 692/403/688 689/400/685 688/399/684
f 688/399/684 690/401/686 692/403/688
f 922/633/903 612/323/608 924/635/905
f 819/530/810 921/632/902 925/636/906
f 925/636/906 820/531/811 819/530/810
f 926/637/907 927/638/908 928/639/909
f 929/640/910 646/357/642 825/536/816
f 717/428/712 610/321/606 923/634/904
f 717/428/712 923/634/904 930/641/911
f 930/641/911 736/447/731 717/428/712
f 931/642/912 826/537/817 907/618/891
f 907/618/891 932/643/913 931/642/912
f 825/536/816 826/537/817 931/642/912
f 931/642/912 933/644/914 825/536/816
f 933/644/914 934/645/915 825/536/816
f 934/645/915 930/641/911 825/536/816
f 923/634/904 929/640/910 825/536/816
f 825/536/816 930/641/911 923/634/904
f 702/413/698 929/640/910 923/634/904
f 701/412/697 776/487/770 929/640/910
f 929/640/910 702/413/698 701/412/697
f 886/597/872 776/487/770 701/412/697
f 886/597/872 881/592/868 776/487/770
f 736/447/731 930/641/911 934/645/915
f 934/645/915 733/444/728 736/447/731
f 933/644/914 935/646/916 733/444/728
f 733/444/728 934/645/915 933/644/914
f 936/647/917 937/648/918 938/649/919
f 938/649/919 939/650/920 936/647/917
f 937/648/918 689/400/685 692/403/688
f 692/403/688 617/328/613 937/648/918
f 937/648/918 617/328/613 616/327/612
f 616/327/612 938/649/919 937/648/918
f 940/651/921 784/495/778 938/649/919
f 938/649/919 616/327/612 940/651/921
f 592/303/588 756/467/751 755/466/750
f 755/466/750 639/350/635 592/303/588
f 593/304/589 592/303/588 639/350/635
f 639/350/635 783/494/777 593/304/589
f 936/647/917 939/650/920 638/349/634
f 638/349/634 686/397/682 936/647/917
f 687/398/683 686/397/682 638/349/634
f 638/349/634 877/588/865 704/415/700
f 704/415/700 816/527/807 638/349/634
f 941/652/922 705/416/701 704/415/700
f 704/415/700 877/588/865 941/652/922
f 877/588/865 712/423/708 705/416/701
f 705/416/701 941/652/922 877/588/865
f 877/588/865 708/419/704 651/362/647
f 651/362/647 712/423/708 877/588/865
f 746/457/741 651/362/647 708/419/704
f 708/419/704 807/518/799 746/457/741
f 807/518/799 942/653/923 746/457/741
f 807/518/799 808/519/800 680/391/676
f 680/391/676 942/653/923 807/518/799
f 808/519/800 725/436/720 762/473/757
f 762/473/757 680/391/676 808/519/800
f 728/439/723 762/473/757 725/436/720
f 725/436/720 724/435/719 728/439/723
f 656/367/652 728/439/723 724/435/719
f 724/435/719 723/434/718 656/367/652
f 657/368/653 656/367/652 723/434/718
f 723/434/718 943/654/924 657/368/653
f 788/499/781 943/654/924 944/655/925
f 944/655/925 671/382/667 788/499/781
f 779/490/773 765/476/760 749/460/744
f 749/460/744 658/369/654 779/490/773
f 750/461/745 765/476/760 793/504/786
f 629/340/625 696/407/692 699/410/695
f 662/373/658 661/372/657 629/340/625
f 939/650/920 938/649/919 784/495/778
f 784/495/778 783/494/777 939/650/920
f 639/350/635 638/349/634 939/650/920
f 939/650/920 783/494/777 639/350/635
f 615/326/611 614/325/610 945/656/926
f 945/656/926 848/559/838 615/326/611
f 848/559/838 945/656/926 946/657/927
f 946/657/927 849/560/839 848/559/838
f 774/485/768 615/326/611 848/559/838
f 848/559/838 850/561/840 774/485/768
f 947/658/928 948/659/929 949/660/930
f 949/660/930 734/445/729 947/658/928
f 734/445/729 949/660/930 950/661/931
f 950/661/931 735/446/730 734/445/729
f 616/327/612 775/486/769 940/651/921
f 935/646/916 947/658/928 734/445/729
f 734/445/729 733/444/728 935/646/916
f 689/400/685 937/648/918 936/647/917
f 936/647/917 686/397/682 689/400/685
f 931/642/912 932/643/913 589/300/585
f 589/300/585 588/299/584 931/642/912
f 931/642/912 588/299/584 782/493/776
f 782/493/776 933/644/914 931/642/912
f 594/305/590 951/662/932 952/663/913
f 952/663/913 591/302/587 594/305/590
f 784/495/778 940/651/921 951/662/932
f 951/662/932 594/305/590 784/495/778
f 951/662/932 631/342/627 630/341/626
f 630/341/626 952/663/913 951/662/932
f 940/651/921 953/664/776 631/342/627
f 631/342/627 951/662/932 940/651/921
f 954/665/933 587/298/583 590/301/586
f 781/492/775 587/298/583 954/665/933
f 633/344/629 632/343/628 955/666/934
f 631/342/627 953/664/776 956/667/935
f 956/667/935 632/343/628 631/342/627
f 955/666/934 632/343/628 956/667/935
f 816/527/807 687/398/683 638/349/634
f 687/398/683 816/527/807 817/528/808
f 817/528/808 688/399/684 687/398/683
f 688/399/684 817/528/808 818/529/809
f 818/529/809 690/401/686 688/399/684
f 690/401/686 818/529/809 580/291/576
f 580/291/576 579/290/575 690/401/686
f 691/402/687 579/290/575 578/289/574
f 578/289/574 581/292/577 691/402/687
f 582/293/578 578/289/574 577/288/573
f 949/660/930 948/659/929 957/668/936
f 949/660/930 957/668/936 958/669/927
f 958/669/927 950/661/931 949/660/930
f 927/638/908 959/670/937 797/508/789
f 797/508/789 928/639/909 927/638/908
f 924/635/905 612/323/608 842/553/832
f 797/508/789 796/507/788 821/532/812
f 821/532/812 820/531/811 797/508/789
f 928/639/909 797/508/789 820/531/811
f 926/637/907 928/639/909 820/531/811
f 820/531/811 925/636/906 926/637/907
f 885/596/740 741/452/736 776/487/770
f 776/487/770 881/592/868 885/596/740
f 885/596/740 960/671/938 741/452/736
f 741/452/736 961/672/742 962/673/939
f 963/674/940 747/458/742 746/457/741
f 964/675/941 745/456/740 748/459/743
f 741/452/736 965/676/743 961/672/742
f 622/333/618 966/677/942 967/678/943
f 967/678/943 623/334/619 622/333/618
f 968/679/675 623/334/619 967/678/943
f 623/334/619 969/680/944 970/681/945
f 970/681/945 833/544/824 623/334/619
f 843/554/833 833/544/824 970/681/945
f 970/681/945 971/682/946 843/554/833
f 972/683/943 973/684/942 942/653/923
f 942/653/923 680/391/676 972/683/943
f 746/457/741 942/653/923 974/685/947
f 974/685/947 975/686/948 746/457/741
f 976/687/949 942/653/923 973/684/942
f 977/688/950 622/333/618 741/452/736
f 741/452/736 962/673/939 977/688/950
f 978/689/947 622/333/618 979/690/951
f 980/691/952 622/333/618 978/689/947
f 762/473/757 981/692/953 681/392/677
f 681/392/677 680/391/676 762/473/757
f 982/693/954 762/473/757 764/475/759
f 983/694/955 824/535/815 843/554/833
f 969/680/944 623/334/619 968/679/675
f 972/683/943 680/391/676 679/390/675
f 984/695/758 983/694/955 843/554/833
f 843/554/833 985/696/759 984/695/758
f 981/692/953 762/473/757 986/697/946
f 843/554/833 987/698/956 985/696/759
f 988/699/957 771/482/765 989/700/958
f 990/701/722 771/482/765 988/699/957
f 772/483/766 991/702/959 992/703/882
f 992/703/882 773/484/767 772/483/766
f 773/484/767 992/703/882 993/704/960
f 994/705/961 773/484/767 993/704/960
f 773/484/767 994/705/961 995/706/962
f 995/706/962 597/308/593 773/484/767
f 996/707/963 595/306/591 597/308/593
f 597/308/593 995/706/962 996/707/963
f 997/708/822 998/709/782 595/306/591
f 743/454/738 791/502/784 999/710/964
f 999/710/964 1000/711/965 743/454/738
f 787/498/747 744/455/739 743/454/738
f 743/454/738 1001/712/966 787/498/747
f 989/700/958 771/482/765 983/694/955
f 983/694/955 984/695/758 989/700/958
f 1002/713/958 728/439/723 1003/714/967
f 763/474/758 728/439/723 1002/713/958
f 771/482/765 990/701/722 991/702/959
f 991/702/959 772/483/766 771/482/765
f 1003/714/967 728/439/723 727/438/722
f 997/708/822 595/306/591 996/707/963
f 657/368/653 832/543/823 654/365/650
f 657/368/653 943/654/924 788/499/781
f 752/463/747 659/370/655 658/369/654
f 658/369/654 749/460/744 752/463/747
f 743/454/738 1000/711/965 1001/712/966
f 671/382/667 944/655/925 779/490/773
f 779/490/773 658/369/654 671/382/667
f 944/655/925 627/338/623 779/490/773
f 673/384/669 672/383/668 786/497/780
f 786/497/780 785/496/779 673/384/669
f 750/461/745 749/460/744 765/476/760
f 765/476/760 629/340/625 793/504/786
f 793/504/786 629/340/625 874/585/862
f 600/311/596 726/437/721 725/436/720
f 725/436/720 808/519/800 600/311/596
f 636/347/632 708/419/704 877/588/865
f 721/432/716 726/437/721 794/505/787
f 794/505/787 866/577/856 721/432/716
f 866/577/856 794/505/787 852/563/842
f 852/563/842 867/578/857 866/577/856
f 867/578/857 852/563/842 872/583/861
f 872/583/861 873/584/851 867/578/857
f 845/556/835 844/555/834 862/573/852
f 862/573/852 861/572/851 845/556/835
f 860/571/850 862/573/852 844/555/834
f 844/555/834 878/589/866 860/571/850
f 878/589/866 683/394/679 858/569/848
f 858/569/848 860/571/850 878/589/866
f 857/568/847 858/569/848 683/394/679
f 683/394/679 682/393/678 857/568/847
f 809/520/801 857/568/847 682/393/678
f 682/393/678 780/491/774 809/520/801
f 868/579/858 619/330/615 609/320/605
f 880/591/867 870/581/662 799/510/791
f 799/510/791 810/521/802 880/591/867
f 1004/715/968 1005/716/969 1006/717/970
f 1007/718/971 1008/719/972 1009/720/973
f 1009/720/973 1010/721/974 1007/718/971
f 1011/722/975 1012/723/976 1013/724/977
f 1013/724/977 1014/725/978 1011/722/975
f 1015/726/979 1016/727/980 1017/728/981
f 1017/728/981 1018/729/982 1015/726/979
f 1019/730/983 1020/731/984 1021/732/985
f 1021/732/985 1022/733/986 1019/730/983
f 1023/734/987 1004/715/968 1006/717/970
f 1006/717/970 1024/735/988 1023/734/987
f 643/354/639 642/353/638 1025/736/989
f 1025/736/989 761/472/756 643/354/639
f 1026/737/990 618/329/614 621/332/617
f 621/332/617 1027/738/991 1026/737/990
f 1028/739/992 1029/740/993 1030/741/994
f 713/424/709 855/566/845 1031/742/995
f 1031/742/995 1032/743/996 713/424/709
f 1033/744/997 1034/745/998 1035/746/999
f 1035/746/999 1036/747/1000 1033/744/997
f 1037/748/1001 1038/749/1002 1028/739/992
f 1039/750/1003 1040/751/1004 1041/752/1005
f 1041/752/1005 1042/753/1006 1039/750/1003
f 1043/754/1007 1044/755/1008 1045/756/1009
f 1045/756/1009 1046/757/1010 1043/754/1007
f 1047/758/1011 1048/759/1012 1049/760/1013
f 1049/760/1013 1050/761/1014 1047/758/1011
f 1046/757/1010 1051/762/1015 1052/763/1016
f 1052/763/1016 1043/754/1007 1046/757/1010
f 662/373/658 1053/764/1017 1054/765/1018
f 1054/765/1018 1055/766/1019 662/373/658
f 1056/767/1020 1057/768/1021 1058/769/1022
f 1058/769/1022 1059/770/1023 1056/767/1020
f 1030/741/994 1015/726/979 1060/771/1024
f 1030/741/994 1060/771/1024 1061/772/1025
f 1061/772/1025 1062/773/1026 1030/741/994
f 1063/774/1027 1017/728/981 1016/727/980
f 1016/727/980 1064/775/1028 1063/774/1027
f 1065/776/1029 1066/777/1030 1067/778/1031
f 1067/778/1031 1068/779/1032 1065/776/1029
f 1069/780/1033 1070/781/1034 1071/782/659
f 1072/783/1035 1073/784/1036 1074/785/1037
f 1075/786/1038 1076/787/1018 1077/788/1039
f 1077/788/1039 1078/789/1040 1075/786/1038
f 1079/790/1041 641/352/637 675/386/671
f 675/386/671 1080/791/1034 1079/790/1041
f 1044/755/1008 1043/754/1007 1070/781/1034
f 1081/792/1042 1082/793/1043 1083/794/1044
f 1083/794/1044 1084/795/1045 1081/792/1042
f 1085/796/1046 1086/797/1038 1087/798/1040
f 1088/799/1047 1089/800/1048 1090/801/1049
f 1090/801/1049 1091/802/1050 1088/799/1047
f 1092/803/1051 1038/749/1002 1037/748/1001
f 1037/748/1001 1093/804/1052 1092/803/1051
f 1094/805/1053 1095/806/1054 1096/807/1055
f 1097/808/1048 1098/809/1047 1092/803/1051
f 1092/803/1051 1093/804/1052 1097/808/1048
f 1099/810/1056 1100/811/1057 1101/812/1058
f 1101/812/1058 1102/813/1059 1099/810/1056
f 1020/731/984 1019/730/983 1103/814/1060
f 1084/795/1045 1104/815/978 1105/816/1061
f 1105/816/1061 1081/792/1042 1084/795/1045
f 1106/817/1062 1107/818/1063 1025/736/989
f 1025/736/989 1108/819/1064 1106/817/1062
f 1109/820/1065 1110/821/1066 1101/812/1058
f 1101/812/1058 1111/822/1067 1109/820/1065
f 1112/823/1068 1113/824/1069 1114/825/1070
f 1114/825/1070 1115/826/1071 1112/823/1068
f 1116/827/1072 1117/828/1073 1118/829/1074
f 1118/829/1074 1119/830/1075 1116/827/1072
f 1032/743/996 1120/831/1076 713/424/709
f 1121/832/1077 1122/833/1078 1043/754/1007
f 1043/754/1007 1052/763/1016 1121/832/1077
f 1123/834/1079 1124/835/1080 1125/836/1081
f 1125/836/1081 1126/837/1082 1123/834/1079
f 1127/838/1083 642/353/638 641/352/637
f 641/352/637 1079/790/1041 1127/838/1083
f 1029/740/993 1128/839/1084 1129/840/1085
f 1130/841/1041 1043/754/1007 1122/833/1078
f 1122/833/1078 1131/842/1083 1130/841/1041
f 1010/721/974 1023/734/987 1024/735/988
f 1024/735/988 1007/718/971 1010/721/974
f 1008/719/972 1132/843/1086 1133/844/1087
f 1133/844/1087 1009/720/973 1008/719/972
f 1022/733/986 1021/732/985 1134/845/1088
f 1018/729/982 1009/720/973 1110/821/1066
f 1110/821/1066 1109/820/1065 1018/729/982
f 1135/846/985 1083/794/1044 1082/793/1043
f 1082/793/1043 1136/847/1037 1135/846/985
f 714/425/617 713/424/709 1120/831/1076
f 1120/831/1076 1137/848/1089 714/425/617
f 1051/762/1015 1138/849/1090 1052/763/1016
f 1139/850/1091 1080/791/1034 675/386/671
f 675/386/671 1140/851/693 1139/850/1091
f 1070/781/1034 1043/754/1007 1130/841/1041
f 1112/823/1068 1141/852/1092 1142/853/1093
f 1142/853/1093 1113/824/1069 1112/823/1068
f 1056/767/1020 1059/770/1023 1118/829/1074
f 1118/829/1074 1117/828/1073 1056/767/1020
f 1057/768/1021 1143/854/1094 1144/855/1095
f 1144/855/1095 1058/769/1022 1057/768/1021
f 1143/854/1094 1145/856/1096 1146/857/1097
f 1146/857/1097 1144/855/1095 1143/854/1094
f 1147/858/1098 1148/859/1099 1149/860/1100
f 1149/860/1100 1150/861/1101 1147/858/1098
f 1110/821/1066 1009/720/973 1133/844/1087
f 1133/844/1087 1151/862/1102 1110/821/1066
f 1124/835/1080 1152/863/1103 1153/864/1104
f 1153/864/1104 1125/836/1081 1124/835/1080
f 1041/752/1005 1040/751/1004 1154/865/1105
f 1154/865/1105 1155/866/1106 1041/752/1005
f 1156/867/1107 1157/868/1108 1158/869/1109
f 1158/869/1109 1159/870/1110 1156/867/1107
f 1160/871/1111 1161/872/1112 1156/867/1107
f 1156/867/1107 1159/870/1110 1160/871/1111
f 1162/873/1113 1161/872/1112 1160/871/1111
f 1160/871/1111 1163/874/1114 1162/873/1113
f 1107/818/1063 758/469/753 761/472/756
f 761/472/756 1025/736/989 1107/818/1063
f 1031/742/995 855/566/845 1164/875/1115
f 1102/813/1059 1101/812/1058 1110/821/1066
f 1110/821/1066 1151/862/1102 1102/813/1059
f 1050/761/1014 1049/760/1013 1115/826/1071
f 1115/826/1071 1114/825/1070 1050/761/1014
f 1150/861/1101 1149/860/1100 1165/876/1116
f 1165/876/1116 1146/857/1097 1150/861/1101
f 1062/773/1026 1061/772/1025 1166/877/1117
f 1166/877/1117 1167/878/1118 1062/773/1026
f 1168/879/1119 1054/765/1018 1053/764/1017
f 1053/764/1017 1169/880/1120 1168/879/1119
f 1169/880/1120 1170/881/1121 1171/882/1122
f 1171/882/1122 1168/879/1119 1169/880/1120
f 1171/882/1122 1170/881/1121 1172/883/1123
f 1172/883/1123 1173/884/971 1171/882/1122
f 1174/885/1124 1173/884/971 1172/883/1123
f 1172/883/1123 1175/886/1125 1174/885/1124
f 607/318/603 606/317/602 1176/887/1126
f 1176/887/1126 1175/886/1125 607/318/603
f 1177/888/1127 1174/885/1124 1175/886/1125
f 1175/886/1125 1176/887/1126 1177/888/1127
f 1178/889/1128 1179/890/1129 1180/891/1027
f 1181/892/1130 1182/893/1131 1183/894/1085
f 1005/716/969 1077/788/1039 1076/787/1018
f 1076/787/1018 1006/717/970 1005/716/969
f 1184/895/1132 1063/774/1027 1104/815/978
f 1104/815/978 1084/795/1045 1184/895/1132
f 1185/896/1133 1184/895/1132 1084/795/1045
f 1084/795/1045 1083/794/1044 1185/896/1133
f 1186/897/1134 1185/896/1133 1083/794/1044
f 1083/794/1044 1135/846/985 1186/897/1134
f 1187/898/1135 1188/899/1136 1189/900/1137
f 1189/900/1137 1190/901/1138 1187/898/1135
f 1191/902/1139 1101/812/1058 1100/811/1057
f 1192/903/1140 1193/904/1141 1194/905/1142
f 1194/905/1142 1195/906/1143 1192/903/1140
f 1066/777/1030 1194/905/1142 1193/904/1141
f 1193/904/1141 1067/778/1031 1066/777/1030
f 662/373/658 629/340/625 1053/764/1017
f 1169/880/1120 1053/764/1017 629/340/625
f 629/340/625 628/339/624 1169/880/1120
f 628/339/624 757/468/752 1170/881/1121
f 1170/881/1121 1169/880/1120 628/339/624
f 1170/881/1121 757/468/752 669/380/665
f 669/380/665 1172/883/1123 1170/881/1121
f 1175/886/1125 1172/883/1123 669/380/665
f 669/380/665 607/318/603 1175/886/1125
f 663/374/659 1055/766/1019 1196/907/1144
f 1197/908/1145 1198/909/1146 1091/802/1050
f 1028/739/992 1199/910/1147 1200/911/1148
f 1029/740/993 1028/739/992 1201/912/1149
f 1152/863/1103 1124/835/1080 1122/833/1078
f 1122/833/1078 1121/832/1077 1152/863/1103
f 1131/842/1083 1122/833/1078 1124/835/1080
f 1124/835/1080 1123/834/1079 1131/842/1083
f 1108/819/1064 1025/736/989 642/353/638
f 642/353/638 1127/838/1083 1108/819/1064
f 1031/742/995 1164/875/1115 1202/913/1150
f 1202/913/1150 1203/914/1151 1031/742/995
f 1032/743/996 1031/742/995 1203/914/1151
f 1204/915/1152 1120/831/1076 1032/743/996
f 1032/743/996 1203/914/1151 1204/915/1152
f 1137/848/1089 1120/831/1076 1204/915/1152
f 1205/916/1092 1026/737/990 1027/738/991
f 1027/738/991 1206/917/1152 1205/916/1092
f 1164/875/1115 855/566/845 758/469/753
f 758/469/753 1107/818/1063 1164/875/1115
f 1202/913/1150 1164/875/1115 1107/818/1063
f 1107/818/1063 1106/817/1062 1202/913/1150
f 1126/837/1082 1125/836/1081 1040/751/1004
f 1040/751/1004 1039/750/1003 1126/837/1082
f 1040/751/1004 1125/836/1081 1153/864/1104
f 1153/864/1104 1154/865/1105 1040/751/1004
f 1026/737/990 1205/916/1092 1177/888/1127
f 1177/888/1127 1176/887/1126 1026/737/990
f 1133/844/1087 1132/843/1086 1141/852/1092
f 1141/852/1092 1112/823/1068 1133/844/1087
f 1133/844/1087 1112/823/1068 1115/826/1071
f 1115/826/1071 1151/862/1102 1133/844/1087
f 1102/813/1059 1151/862/1102 1115/826/1071
f 1115/826/1071 1049/760/1013 1102/813/1059
f 1048/759/1012 1099/810/1056 1102/813/1059
f 1102/813/1059 1049/760/1013 1048/759/1012
f 618/329/614 1026/737/990 1176/887/1126
f 1176/887/1126 606/317/602 618/329/614
f 675/386/671 672/383/668 876/587/864
f 876/587/864 1140/851/693 675/386/671
f 1069/780/1033 1157/868/1108 1044/755/1008
f 1044/755/1008 1070/781/1034 1069/780/1033
f 1044/755/1008 1157/868/1108 1156/867/1107
f 1156/867/1107 1045/756/1009 1044/755/1008
f 1156/867/1107 1161/872/1112 1046/757/1010
f 1046/757/1010 1045/756/1009 1156/867/1107
f 1046/757/1010 1161/872/1112 1162/873/1113
f 1162/873/1113 1051/762/1015 1046/757/1010
f 1162/873/1113 1207/918/1153 1138/849/1090
f 1138/849/1090 1051/762/1015 1162/873/1113
f 1208/919/1154 1080/791/1034 1139/850/1091
f 663/374/659 662/373/658 1055/766/1019
f 943/654/924 723/434/718 722/433/717
f 722/433/717 668/379/664 943/654/924
f 943/654/924 668/379/664 757/468/752
f 943/654/924 757/468/752 628/339/624
f 944/655/925 943/654/924 628/339/624
f 627/338/623 944/655/925 628/339/624
f 1020/731/984 1103/814/1060 1085/796/1046
f 1085/796/1046 1087/798/1040 1020/731/984
f 1134/845/1088 1021/732/985 1074/785/1037
f 1074/785/1037 1073/784/1036 1134/845/1088
f 1018/729/982 1010/721/974 1009/720/973
f 1023/734/987 1010/721/974 1018/729/982
f 1018/729/982 1017/728/981 1023/734/987
f 1017/728/981 1063/774/1027 1004/715/968
f 1004/715/968 1023/734/987 1017/728/981
f 1063/774/1027 1184/895/1132 1005/716/969
f 1005/716/969 1004/715/968 1063/774/1027
f 1077/788/1039 1005/716/969 1184/895/1132
f 1184/895/1132 1185/896/1133 1077/788/1039
f 1078/789/1040 1077/788/1039 1185/896/1133
f 1185/896/1133 1186/897/1134 1078/789/1040
f 1015/726/979 1030/741/994 1029/740/993
f 1029/740/993 1016/727/980 1015/726/979
f 1016/727/980 1029/740/993 1129/840/1085
f 1129/840/1085 1064/775/1028 1016/727/980
f 1182/893/1131 1179/890/1129 1178/889/1128
f 1178/889/1128 1183/894/1085 1182/893/1131
f 1012/723/976 1011/722/975 1065/776/1029
f 1065/776/1029 1068/779/1032 1012/723/976
f 1209/806/1084 1096/807/1055 1210/920/1155
f 1209/806/1084 1210/920/1155 1211/921/1085
f 1029/740/993 1201/912/1149 1128/839/1084
f 1210/920/1155 1095/806/1054 1211/921/1085
f 1201/912/1149 1028/739/992 1200/911/1148
f 1128/839/1084 1201/912/1149 1200/911/1148
f 1030/741/994 1037/748/1001 1028/739/992
f 1015/726/979 1018/729/982 1109/820/1065
f 1109/820/1065 1060/771/1024 1015/726/979
f 1060/771/1024 1109/820/1065 1111/822/1067
f 1111/822/1067 1061/772/1025 1060/771/1024
f 1061/772/1025 1111/822/1067 1191/902/1139
f 1191/902/1139 1166/877/1117 1061/772/1025
f 1195/906/1143 1194/905/1142 1187/898/1135
f 1187/898/1135 1190/901/1138 1195/906/1143
f 1181/892/1130 1212/922/1054 1033/744/997
f 1212/922/1054 1213/923/1053 1214/924/1156
f 1197/908/1145 1215/925/1157 1198/909/1146
f 1066/777/1030 1036/747/1000 1035/746/999
f 1035/746/999 1194/905/1142 1066/777/1030
f 1066/777/1030 1065/776/1029 1182/893/1131
f 1182/893/1131 1036/747/1000 1066/777/1030
f 1179/890/1129 1182/893/1131 1011/722/975
f 1179/890/1129 1011/722/975 1014/725/978
f 1014/725/978 1180/891/1027 1179/890/1129
f 1036/747/1000 1182/893/1131 1181/892/1130
f 1181/892/1130 1033/744/997 1036/747/1000
f 1183/894/1085 1212/922/1054 1181/892/1130
f 1011/722/975 1182/893/1131 1065/776/1029
f 1209/806/1084 1094/805/1053 1096/807/1055
f 1062/773/1026 1093/804/1052 1037/748/1001
f 1037/748/1001 1030/741/994 1062/773/1026
f 1167/878/1118 1097/808/1048 1093/804/1052
f 1093/804/1052 1062/773/1026 1167/878/1118
f 1090/801/1049 1189/900/1137 1188/899/1136
f 1197/908/1145 1090/801/1049 1188/899/1136
f 1034/745/998 1033/744/997 1214/924/1156
f 1212/922/1054 1214/924/1156 1033/744/997
f 1197/908/1145 1091/802/1050 1090/801/1049
f 1089/800/1048 1216/926/1158 1189/900/1137
f 1189/900/1137 1090/801/1049 1089/800/1048
f 1190/901/1138 1189/900/1137 1216/926/1158
f 1216/926/1158 1217/927/1117 1190/901/1138
f 1195/906/1143 1190/901/1138 1217/927/1117
f 1217/927/1117 1218/928/1139 1195/906/1143
f 1192/903/1140 1195/906/1143 1218/928/1139
f 1218/928/1139 1219/929/1057 1192/903/1140
f 1191/902/1139 1111/822/1067 1101/812/1058
f 1028/739/992 1220/930/1159 1199/910/1147
f 1144/855/1095 1146/857/1097 1165/876/1116
f 1165/876/1116 1221/931/1160 1144/855/1095
f 1058/769/1022 1144/855/1095 1221/931/1160
f 1221/931/1160 1222/932/1152 1058/769/1022
f 1059/770/1023 1058/769/1022 1222/932/1152
f 1222/932/1152 1042/753/1006 1059/770/1023
f 1059/770/1023 1042/753/1006 1041/752/1005
f 1041/752/1005 1118/829/1074 1059/770/1023
f 1119/830/1075 1118/829/1074 1041/752/1005
f 1041/752/1005 1155/866/1106 1119/830/1075
f 1145/856/1096 1150/861/1101 1146/857/1097
f 1147/858/1098 1150/861/1101 1145/856/1096
f 1145/856/1096 1223/933/1161 1147/858/1098
f 1028/739/992 1038/749/1002 1220/930/1159
f 1188/899/1136 1034/745/998 1215/925/1157
f 1034/745/998 1188/899/1136 1187/898/1135
f 1187/898/1135 1035/746/999 1034/745/998
f 1194/905/1142 1035/746/999 1187/898/1135
f 1215/925/1157 1034/745/998 1214/924/1156
f 1215/925/1157 1214/924/1156 1213/923/1053
f 1213/923/1053 1198/909/1146 1215/925/1157
f 1224/934/1147 1198/909/1146 1213/923/1053
f 1188/899/1136 1215/925/1157 1197/908/1145
f 1225/935/1162 1226/936/1163 1085/796/1046
f 1085/796/1046 1227/937/1164 1225/935/1162
f 1228/938/1165 1229/939/1166 1230/940/1167
f 1230/940/1167 1231/941/1168 1228/938/1165
f 1232/942/1169 1233/943/1170 1234/944/1171
f 1234/944/1171 1235/945/1172 1232/942/1169
f 1236/946/1173 1237/947/1174 1238/948/1175
f 1238/948/1175 1239/949/1176 1236/946/1173
f 1240/950/1177 1241/951/1178 1242/952/1179
f 1243/953/1180 1244/954/1181 1245/955/1182
f 1245/955/1182 1246/956/1183 1243/953/1180
f 1247/957/1184 1248/958/1185 1249/959/1186
f 1250/960/1187 1251/961/1188 1235/945/1172
f 1235/945/1172 1234/944/1171 1250/960/1187
f 1252/962/1189 1253/963/1190 1254/964/1191
f 1254/964/1191 1255/965/1192 1252/962/1189
f 1256/966/1193 1257/967/1194 1258/968/1195
f 1258/968/1195 1259/969/1196 1256/966/1193
f 1260/970/1197 1255/965/1192 1261/971/1198
f 1261/971/1198 1262/972/1199 1260/970/1197
f 1250/960/1187 1234/944/1171 1260/970/1197
f 1260/970/1197 1263/973/1200 1250/960/1187
f 1256/966/1193 1264/974/1201 1257/967/1194
f 1265/975/1196 1266/976/1202 1267/977/1203
f 1268/978/1204 1269/979/1205 1270/980/1206
f 1270/980/1206 1271/981/1207 1268/978/1204
f 1272/982/1208 1162/873/1113 1163/874/1114
f 1244/954/1181 1249/959/1186 1248/958/1185
f 1248/958/1185 1245/955/1182 1244/954/1181
f 1273/983/1209 1274/984/1210 1275/985/1211
f 1276/986/1212 1277/987/1213 1278/988/1214
f 1278/988/1214 1279/989/1215 1276/986/1212
f 1280/990/1216 1281/991/1217 1282/992/1218
f 1283/993/1219 1284/994/1220 1259/969/1196
f 1259/969/1196 1258/968/1195 1283/993/1219
f 1229/939/1166 1232/942/1169 1235/945/1172
f 1235/945/1172 1230/940/1167 1229/939/1166
f 1281/991/1217 1285/995/1221 1282/992/1218
f 1272/982/1208 1286/996/1222 1270/980/1206
f 1270/980/1206 1269/979/1205 1272/982/1208
f 1275/985/1211 1274/984/1210 1251/961/1188
f 1287/997/1223 1288/998/1224 1289/999/1225
f 1289/999/1225 1290/1000/1226 1287/997/1223
f 1255/965/1192 1254/964/1191 1291/1001/1227
f 1291/1001/1227 1261/971/1198 1255/965/1192
f 1292/1002/1228 1293/1003/1229 1294/1004/1230
f 1274/984/1210 1295/1005/1231 1296/1006/1232
f 1276/986/1212 1254/964/1191 1253/963/1190
f 1253/963/1190 1297/1007/1233 1276/986/1212
f 1267/977/1203 1298/1008/1234 1299/1009/1235
f 1257/967/1194 1300/1010/1236 1301/1011/1237
f 1258/968/1195 1257/967/1194 1244/954/1181
f 1244/954/1181 1243/953/1180 1283/993/1219
f 1283/993/1219 1258/968/1195 1244/954/1181
f 1302/1012/1193 1303/1013/1238 1231/941/1168
f 1265/975/1196 1303/1013/1238 1302/1012/1193
f 1303/1013/1238 1286/996/1222 1228/938/1165
f 1228/938/1165 1231/941/1168 1303/1013/1238
f 1207/918/1153 1162/873/1113 1269/979/1205
f 1269/979/1205 1268/978/1204 1207/918/1153
f 1162/873/1113 1272/982/1208 1269/979/1205
f 1304/1014/1239 1279/989/1215 1278/988/1214
f 1305/1015/1240 1291/1001/1227 1279/989/1215
f 1286/996/1222 1303/1013/1238 1265/975/1196
f 1265/975/1196 1270/980/1206 1286/996/1222
f 1270/980/1206 1265/975/1196 1267/977/1203
f 1267/977/1203 1271/981/1207 1270/980/1206
f 1228/938/1165 1286/996/1222 1272/982/1208
f 1272/982/1208 1163/874/1114 1228/938/1165
f 1229/939/1166 1228/938/1165 1163/874/1114
f 1163/874/1114 1160/871/1111 1229/939/1166
f 1232/942/1169 1229/939/1166 1160/871/1111
f 1306/1016/1241 1158/869/1109 1157/868/1108
f 1157/868/1108 1069/780/1033 1307/1017/1242
f 1307/1017/1242 1306/1016/1241 1157/868/1108
f 1069/780/1033 1071/782/659 1308/1018/1162
f 1308/1018/1162 1307/1017/1242 1069/780/1033
f 1230/940/1167 1235/945/1172 1251/961/1188
f 1251/961/1188 1274/984/1210 1230/940/1167
f 1230/940/1167 1274/984/1210 1309/1019/1243
f 1231/941/1168 1230/940/1167 1309/1019/1243
f 1310/1020/1239 1240/950/1177 1311/1021/1244
f 1019/730/983 1287/997/1223 1290/1000/1226
f 1134/845/1088 1243/953/1180 1246/956/1183
f 1246/956/1183 1022/733/986 1134/845/1088
f 1283/993/1219 1243/953/1180 1134/845/1088
f 1283/993/1219 1134/845/1088 1073/784/1036
f 1073/784/1036 1284/994/1220 1283/993/1219
f 1312/1022/1245 1072/783/1035 1313/1023/1246
f 1314/1024/1213 1315/1025/1247 1316/1026/1248
f 1316/1026/1248 1317/1027/1249 1314/1024/1213
f 1318/1028/1250 1241/951/1178 1240/950/1177
f 1240/950/1177 1317/1027/1249 1318/1028/1250
f 1241/951/1178 1293/1003/1229 1319/1029/1251
f 1290/1000/1226 1289/999/1225 1318/1028/1250
f 1318/1028/1250 1320/1030/1252 1290/1000/1226
f 1103/814/1060 1321/1031/1253 1227/937/1164
f 1227/937/1164 1085/796/1046 1103/814/1060
f 1322/1032/1254 1279/989/1215 1304/1014/1239
f 1323/1033/1255 1240/950/1177 1310/1020/1239
f 1322/1032/1254 1305/1015/1240 1279/989/1215
f 1240/950/1177 1242/952/1179 1311/1021/1244
f 1289/999/1225 1288/998/1224 1294/1004/1230
f 1289/999/1225 1294/1004/1230 1293/1003/1229
f 1289/999/1225 1293/1003/1229 1241/951/1178
f 1241/951/1178 1318/1028/1250 1289/999/1225
f 1320/1030/1252 1318/1028/1250 1317/1027/1249
f 1317/1027/1249 1316/1026/1248 1320/1030/1252
f 1323/1033/1255 1314/1024/1213 1317/1027/1249
f 1317/1027/1249 1240/950/1177 1323/1033/1255
f 1297/1007/1233 1324/1034/1256 1277/987/1213
f 1277/987/1213 1276/986/1212 1297/1007/1233
f 1279/989/1215 1291/1001/1227 1254/964/1191
f 1254/964/1191 1276/986/1212 1279/989/1215
f 1019/730/983 1321/1031/1253 1103/814/1060
f 1319/1029/1251 1293/1003/1229 1325/1035/1257
f 1326/1036/1258 1261/971/1198 1327/1037/1251
f 1328/1038/1259 1262/972/1199 1261/971/1198
f 1327/1037/1251 1261/971/1198 1291/1001/1227
f 1326/1036/1258 1328/1038/1259 1261/971/1198
f 1325/1035/1257 1293/1003/1229 1292/1002/1228
f 1329/1039/1260 1330/1040/1261 1281/991/1217
f 1288/998/1224 1287/997/1223 1285/995/1221
f 1285/995/1221 1281/991/1217 1288/998/1224
f 1331/1041/1262 1332/1042/1263 1248/958/1185
f 1245/955/1182 1248/958/1185 1333/1043/1264
f 1333/1043/1264 1282/992/1218 1245/955/1182
f 1246/956/1183 1245/955/1182 1282/992/1218
f 1282/992/1218 1285/995/1221 1246/956/1183
f 1285/995/1221 1022/733/986 1246/956/1183
f 1263/973/1200 1334/1044/1265 1250/960/1187
f 1335/1045/1266 1250/960/1187 1334/1044/1265
f 1336/1046/1267 1250/960/1187 1335/1045/1266
f 1281/991/1217 1337/1047/1268 1329/1039/1260
f 1281/991/1217 1330/1040/1261 1288/998/1224
f 1280/990/1216 1337/1047/1268 1281/991/1217
f 1022/733/986 1285/995/1221 1287/997/1223
f 1287/997/1223 1019/730/983 1022/733/986
f 1295/1005/1231 1274/984/1210 1273/983/1209
f 1274/984/1210 1296/1006/1232 1338/1048/1269
f 1248/958/1185 1332/1042/1263 1333/1043/1264
f 1331/1041/1262 1248/958/1185 1247/957/1184
f 1257/967/1194 1301/1011/1237 1244/954/1181
f 1231/941/1168 1339/1049/1270 1340/1050/1236
f 1341/1051/1201 1231/941/1168 1340/1050/1236
f 1264/974/1201 1300/1010/1236 1257/967/1194
f 1302/1012/1193 1231/941/1168 1341/1051/1201
f 1309/1019/1243 1339/1049/1270 1231/941/1168
f 1309/1019/1243 1274/984/1210 1338/1048/1269
f 1342/1052/1271 1237/947/1174 1236/946/1173
f 1236/946/1173 1343/1053/1272 1342/1052/1271
f 1312/1022/1245 1344/1054/1273 1259/969/1196
f 1259/969/1196 1284/994/1220 1312/1022/1245
f 1284/994/1220 1073/784/1036 1072/783/1035
f 1072/783/1035 1312/1022/1245 1284/994/1220
f 1344/1054/1273 1312/1022/1245 1313/1023/1246
f 1313/1023/1246 1345/1055/1274 1344/1054/1273
f 1343/1053/1272 1236/946/1173 1239/949/1176
f 1239/949/1176 1346/1056/1275 1343/1053/1272
f 1019/730/983 1290/1000/1226 1320/1030/1252
f 1320/1030/1252 1321/1031/1253 1019/730/983
f 1321/1031/1253 1320/1030/1252 1316/1026/1248
f 1316/1026/1248 1227/937/1164 1321/1031/1253
f 1315/1025/1247 1225/935/1162 1227/937/1164
f 1227/937/1164 1316/1026/1248 1315/1025/1247
f 1307/1017/1242 1308/1018/1162 1324/1034/1256
f 1324/1034/1256 1297/1007/1233 1307/1017/1242
f 1306/1016/1241 1307/1017/1242 1297/1007/1233
f 1297/1007/1233 1253/963/1190 1306/1016/1241
f 1253/963/1190 1252/962/1189 1158/869/1109
f 1158/869/1109 1306/1016/1241 1253/963/1190
f 1252/962/1189 1347/1057/1276 1158/869/1109
f 1347/1057/1276 1233/943/1170 1159/870/1110
f 1159/870/1110 1158/869/1109 1347/1057/1276
f 1160/871/1111 1159/870/1110 1233/943/1170
f 1233/943/1170 1232/942/1169 1160/871/1111
f 1342/1052/1271 1259/969/1196 1344/1054/1273
f 1344/1054/1273 1237/947/1174 1342/1052/1271
f 1237/947/1174 1344/1054/1273 1345/1055/1274
f 1345/1055/1274 1238/948/1175 1237/947/1174
f 1267/977/1203 1266/976/1202 1298/1008/1234
f 697/408/693 696/407/692 661/372/657
f 661/372/657 664/375/660 697/408/693
f 629/340/625 661/372/657 696/407/692
f 1096/807/1055 1095/806/1054 1210/920/1155
f 1091/802/1050 1198/909/1146 1224/934/1147
f 584/295/580 1348/1058/578 585/296/581
f 1348/1058/578 584/295/580 790/501/783
f 959/670/937 795/506/705 797/508/789
f 1057/768/1021 1349/1059/1277 1350/1060/1278
f 1350/1060/1278 1143/854/1094 1057/768/1021
f 1117/828/1073 1116/827/1072 1351/1061/1279
f 1351/1061/1279 1352/1062/1280 1117/828/1073
f 1223/933/1161 1145/856/1096 1353/1063/1281
f 1353/1063/1281 1354/1064/1282 1223/933/1161
f 1056/767/1020 1355/1065/1283 1349/1059/1277
f 1349/1059/1277 1057/768/1021 1056/767/1020
f 1145/856/1096 1143/854/1094 1350/1060/1278
f 1350/1060/1278 1353/1063/1281 1145/856/1096
f 1117/828/1073 1352/1062/1280 1355/1065/1283
f 1355/1065/1283 1056/767/1020 1117/828/1073
f 1356/1066/1284 1352/1062/1280 1351/1061/1279
f 1351/1061/1279 1357/1067/1285 1356/1066/1284
f 1352/1062/1280 1356/1066/1284 1358/1068/1286
f 1358/1068/1286 1355/1065/1283 1352/1062/1280
f 1349/1059/1277 1355/1065/1283 1358/1068/1286
f 1358/1068/1286 1359/1069/1287 1349/1059/1277
f 1349/1059/1277 1359/1069/1287 1360/1070/1288
f 1360/1070/1288 1350/1060/1278 1349/1059/1277
f 1350/1060/1278 1360/1070/1288 1361/1071/1289
f 1361/1071/1289 1353/1063/1281 1350/1060/1278
f 1354/1064/1282 1353/1063/1281 1361/1071/1289
f 1361/1071/1289 1362/1072/1290 1354/1064/1282
f 1363/1073/1291 1364/1074/1292 1365/1075/1293
f 1365/1075/1293 1366/1076/1294 1363/1073/1291
f 1367/1077/1295 1368/1078/1296 1369/1079/1297
f 1369/1079/1297 1370/1080/1298 1367/1077/1295
f 1371/1081/1299 1372/1082/1300 1373/1083/1301
f 1373/1083/1301 1374/1084/1302 1371/1081/1299
f 1375/1085/1303 1376/1086/1304 1377/1087/1305
f 1377/1087/1305 1378/1088/1306 1375/1085/1303
f 1379/1089/1307 1380/1090/1308 1381/1091/1309
f 1381/1091/1309 1382/1092/1310 1379/1089/1307
f 1383/1093/1311 1384/1094/1312 1385/1095/1050
f 1385/1095/1050 1386/1096/1313 1387/1097/1314
f 1388/1098/1315 1389/1099/1316 1390/1100/1317
f 1390/1100/1317 1391/1101/1295 1388/1098/1315
f 1392/1102/1318 1393/1103/1319 1394/1104/1320
f 1395/1105/1321 1396/1106/1322 1397/1107/1323
f 1397/1107/1323 1398/1108/1324 1395/1105/1321
f 1399/1109/1325 1400/1110/1326 1401/1111/1327
f 1401/1111/1327 1402/1112/1328 1399/1109/1325
f 1403/1113/1329 1404/1114/1330 1405/1115/1331
f 1405/1115/1331 1406/1116/1332 1403/1113/1329
f 1407/1117/1333 1408/1118/1334 1409/1119/1335
f 1409/1119/1335 1410/1120/1305 1407/1117/1333
f 1411/1121/1336 1412/1122/1337 1413/1123/1338
f 1413/1123/1338 1414/1124/1339 1411/1121/1336
f 1378/1088/1306 1377/1087/1305 1415/1125/1335
f 1415/1125/1335 1416/1126/1340 1378/1088/1306
f 1417/1127/1341 1418/1128/1342 1419/1129/1047
f 1420/1130/1343 1421/1131/1344 1422/1132/1345
f 1423/1133/1346 1424/1134/1347 1425/1135/1348
f 1425/1135/1348 1426/1136/1349 1423/1133/1346
f 1427/1137/1350 1428/1138/1351 1429/1139/1352
f 1429/1139/1352 1430/1140/1353 1427/1137/1350
f 1431/1141/1347 1432/1142/1354 1433/1143/1355
f 1433/1143/1355 1434/1144/1356 1431/1141/1347
f 1389/1099/1316 1435/1145/1357 1436/1146/1358
f 1436/1146/1358 1390/1100/1317 1389/1099/1316
f 1437/1147/1359 1438/1148/1360 1439/1149/1361
f 1439/1149/1361 1440/1150/1362 1437/1147/1359
f 1441/1151/1363 1442/1152/1364 1443/1153/1365
f 1443/1153/1365 1444/1154/1324 1441/1151/1363
f 1438/1148/1360 1396/1106/1322 1395/1105/1321
f 1395/1105/1321 1445/1155/1339 1438/1148/1360
f 1446/1156/1366 1447/1157/1367 1448/1158/1368
f 1448/1158/1368 1449/1159/1369 1446/1156/1366
f 1450/1160/1370 1451/1161/1371 1452/1162/1372
f 1453/1163/1002 1454/1164/1373 1455/1165/1374
f 1449/1159/1369 1456/1166/1375 1457/1167/1376
f 1457/1167/1376 1446/1156/1366 1449/1159/1369
f 1458/1168/1377 1459/1169/1378 1460/1170/1379
f 1382/1092/1310 1461/1171/1348 1462/1172/1380
f 1462/1172/1380 1379/1089/1307 1382/1092/1310
f 1369/1079/1297 1463/1173/1381 1464/1174/1382
f 1464/1174/1382 1370/1080/1298 1369/1079/1297
f 1465/1175/1383 1466/1176/1384 1372/1082/1300
f 1372/1082/1300 1371/1081/1299 1465/1175/1383
f 1467/1177/1385 1468/1178/1386 1469/1179/1387
f 1469/1179/1387 1470/1180/1388 1467/1177/1385
f 1471/1181/1389 1472/1182/1390 1473/1183/1391
f 1473/1183/1391 1474/1184/1309 1471/1181/1389
f 1475/1185/1392 1476/1186/1393 1364/1074/1292
f 1364/1074/1292 1363/1073/1291 1475/1185/1392
f 1477/1187/1394 1478/1188/1395 1479/1189/1396
f 1480/1190/1341 1481/1191/1397 1482/1192/1398
f 1420/1130/1343 1381/1091/1309 1380/1090/1308
f 1380/1090/1308 1421/1131/1344 1420/1130/1343
f 1483/1193/1399 1484/1194/1400 1485/1195/1401
f 1486/1196/1402 1487/1197/1403 1488/1198/1395
f 1408/1118/1334 1489/1199/1404 1490/1200/1405
f 1490/1200/1405 1409/1119/1335 1408/1118/1334
f 1404/1114/1330 1491/1201/1406 1492/1202/1407
f 1492/1202/1407 1405/1115/1331 1404/1114/1330
f 1457/1167/1376 1456/1166/1375 1493/1203/1408
f 1493/1203/1408 1494/1204/1409 1457/1167/1376
f 1495/1205/1410 1403/1113/1329 1406/1116/1332
f 1406/1116/1332 1496/1206/1411 1495/1205/1410
f 1497/1207/1412 1436/1146/1358 1435/1145/1357
f 1435/1145/1357 1498/1208/1413 1497/1207/1412
f 1366/1076/1294 1365/1075/1293 1499/1209/1414
f 1499/1209/1414 1500/1210/1415 1366/1076/1294
f 1501/1211/1047 1384/1094/1312 1502/1212/1397
f 1503/1213/1416 1504/1214/1417 1426/1136/1349
f 1426/1136/1349 1425/1135/1348 1503/1213/1416
f 1505/1215/1418 1506/1216/1419 1507/1217/1420
f 1508/1218/1421 1509/1219/1422 1478/1188/1395
f 1510/1220/1378 1511/1221/1423 1512/1194/1424
f 1513/1222/1425 1514/1223/1426 1515/1224/1373
f 1515/1224/1373 1516/1225/1427 1513/1222/1425
f 1500/1210/1415 1499/1209/1414 1517/1226/1345
f 1471/1181/1389 1517/1226/1345 1518/1227/1428
f 1518/1227/1428 1472/1182/1390 1471/1181/1389
f 1474/1184/1309 1473/1183/1391 1504/1214/1417
f 1504/1214/1417 1503/1213/1416 1474/1184/1309
f 1427/1137/1350 1466/1176/1384 1465/1175/1383
f 1465/1175/1383 1428/1138/1351 1427/1137/1350
f 1519/1228/1429 1520/1229/1430 1476/1186/1393
f 1476/1186/1393 1475/1185/1392 1519/1228/1429
f 1521/1230/1431 1522/1231/1432 1376/1086/1304
f 1376/1086/1304 1375/1085/1303 1521/1230/1431
f 1443/1153/1365 1523/1232/1433 1524/1233/1434
f 1524/1233/1434 1444/1154/1324 1443/1153/1365
f 1525/1234/1435 1398/1108/1324 1397/1107/1323
f 1397/1107/1323 1526/1235/1436 1525/1234/1435
f 1527/1236/1437 1528/1237/1438 1529/1238/1439
f 1402/1112/1328 1407/1117/1333 1410/1120/1305
f 1410/1120/1305 1399/1109/1325 1402/1112/1328
f 1530/1239/1440 1531/1240/1441 1532/1241/1442
f 1532/1241/1442 1533/1242/1443 1530/1239/1440
f 1463/1173/1381 1369/1079/1297 1531/1240/1441
f 1531/1240/1441 1530/1239/1440 1463/1173/1381
f 1534/1243/1444 1535/1244/1445 1528/1237/1438
f 1523/1232/1433 1411/1121/1336 1414/1124/1339
f 1414/1124/1339 1524/1233/1434 1523/1232/1433
f 1385/1095/1050 1384/1094/1312 1501/1211/1047
f 1417/1127/1341 1536/1245/1427 1418/1128/1342
f 1537/1190/1446 1513/1222/1425 1516/1225/1427
f 1457/1167/1376 1494/1204/1409 1464/1174/1382
f 1464/1174/1382 1463/1173/1381 1457/1167/1376
f 1463/1173/1381 1530/1239/1440 1446/1156/1366
f 1446/1156/1366 1457/1167/1376 1463/1173/1381
f 1530/1239/1440 1533/1242/1443 1447/1157/1367
f 1447/1157/1367 1446/1156/1366 1530/1239/1440
f 1534/1243/1444 1528/1237/1438 1527/1236/1437
f 1494/1204/1409 1493/1203/1408 1538/1246/1447
f 1538/1246/1447 1539/1222/1448 1494/1204/1409
f 1464/1174/1382 1494/1204/1409 1513/1222/1449
f 1513/1222/1449 1480/1190/1341 1464/1174/1382
f 1482/1192/1398 1370/1080/1298 1464/1174/1382
f 1464/1174/1382 1480/1190/1341 1482/1192/1398
f 1391/1101/1295 1540/1247/1450 1541/1248/1451
f 1541/1248/1451 1388/1098/1315 1391/1101/1295
f 1392/1102/1318 1433/1143/1355 1432/1142/1354
f 1542/1249/1447 1541/1248/1451 1392/1102/1318
f 1388/1098/1315 1541/1248/1451 1542/1249/1447
f 1542/1249/1447 1543/1250/1408 1388/1098/1315
f 1389/1099/1316 1388/1098/1315 1543/1250/1408
f 1543/1250/1408 1544/1251/1452 1389/1099/1316
f 1435/1145/1357 1389/1099/1316 1544/1251/1452
f 1544/1251/1452 1545/1252/1453 1435/1145/1357
f 1435/1145/1357 1545/1252/1453 1546/1253/1454
f 1546/1253/1454 1498/1208/1413 1435/1145/1357
f 1505/1215/1418 1507/1217/1420 1547/1254/1439
f 1536/1245/1455 1454/1164/1456 1548/1163/1457
f 1482/1192/1398 1549/1255/1458 1550/1256/1450
f 1370/1080/1298 1482/1192/1398 1550/1256/1450
f 1550/1256/1450 1367/1077/1295 1370/1080/1298
f 1369/1079/1297 1368/1078/1296 1551/1257/1459
f 1551/1257/1459 1531/1240/1441 1369/1079/1297
f 1531/1240/1441 1551/1257/1459 1552/1258/1460
f 1552/1258/1460 1532/1241/1442 1531/1240/1441
f 1528/1237/1438 1535/1244/1445 1553/1259/1419
f 1419/1129/1047 1554/1260/1397 1417/1127/1341
f 1481/1191/1397 1555/1261/1312 1549/1255/1458
f 1549/1255/1458 1482/1192/1398 1481/1191/1397
f 1520/1229/1430 1556/1262/1461 1557/1263/1462
f 1557/1263/1462 1476/1186/1393 1520/1229/1430
f 1364/1074/1292 1476/1186/1393 1557/1263/1462
f 1557/1263/1462 1558/1264/1463 1364/1074/1292
f 1365/1075/1293 1364/1074/1292 1558/1264/1463
f 1558/1264/1463 1559/1265/1464 1365/1075/1293
f 1365/1075/1293 1559/1265/1464 1518/1227/1428
f 1518/1227/1428 1499/1209/1414 1365/1075/1293
f 1517/1226/1345 1499/1209/1414 1518/1227/1428
f 1472/1182/1390 1518/1227/1428 1559/1265/1464
f 1559/1265/1464 1473/1183/1391 1472/1182/1390
f 1504/1214/1417 1473/1183/1391 1559/1265/1464
f 1559/1265/1464 1558/1264/1463 1504/1214/1417
f 1426/1136/1349 1504/1214/1417 1558/1264/1463
f 1558/1264/1463 1557/1263/1462 1426/1136/1349
f 1556/1262/1461 1423/1133/1346 1426/1136/1349
f 1426/1136/1349 1557/1263/1462 1556/1262/1461
f 1560/1266/1458 1520/1229/1430 1519/1228/1429
f 1519/1228/1429 1561/1267/1465 1560/1266/1458
f 1556/1262/1461 1520/1229/1430 1560/1266/1458
f 1560/1266/1458 1562/1268/1312 1556/1262/1461
f 1562/1268/1312 1563/1269/1466 1423/1133/1346
f 1423/1133/1346 1556/1262/1461 1562/1268/1312
f 1563/1269/1466 1564/1270/1354 1424/1134/1347
f 1424/1134/1347 1423/1133/1346 1563/1269/1466
f 1387/1097/1314 1383/1093/1311 1385/1095/1050
f 1468/1178/1386 1565/1271/1311 1566/1272/1314
f 1567/1273/1467 1469/1179/1387 1468/1178/1386
f 1468/1178/1386 1566/1272/1314 1567/1273/1467
f 1568/1274/1468 1427/1137/1350 1430/1140/1353
f 1430/1140/1353 1569/1275/1469 1568/1274/1468
f 1570/1276/1470 1466/1176/1384 1427/1137/1350
f 1427/1137/1350 1568/1274/1468 1570/1276/1470
f 1372/1082/1300 1466/1176/1384 1570/1276/1470
f 1570/1276/1470 1437/1147/1359 1372/1082/1300
f 1571/1277/1471 1565/1271/1311 1468/1178/1386
f 1468/1178/1386 1467/1177/1385 1571/1277/1471
f 1373/1083/1301 1372/1082/1300 1437/1147/1359
f 1437/1147/1359 1440/1150/1362 1373/1083/1301
f 1508/1218/1421 1478/1188/1395 1477/1187/1394
f 1437/1147/1359 1570/1276/1470 1396/1106/1322
f 1396/1106/1322 1438/1148/1360 1437/1147/1359
f 1397/1107/1323 1396/1106/1322 1570/1276/1470
f 1570/1276/1470 1568/1274/1468 1397/1107/1323
f 1526/1235/1436 1397/1107/1323 1568/1274/1468
f 1568/1274/1468 1569/1275/1469 1526/1235/1436
f 1450/1160/1370 1452/1162/1372 1567/1273/1467
f 1567/1273/1467 1566/1272/1314 1450/1160/1370
f 1453/1163/1002 1455/1165/1374 1572/1278/1159
f 1439/1149/1361 1438/1148/1360 1445/1155/1339
f 1445/1155/1339 1573/1279/1338 1439/1149/1361
f 1478/1188/1395 1509/1219/1422 1574/1280/1472
f 1575/1281/1473 1393/1103/1319 1392/1102/1318
f 1575/1281/1473 1442/1152/1364 1441/1151/1363
f 1441/1151/1363 1393/1103/1319 1575/1281/1473
f 1469/1179/1387 1430/1140/1353 1429/1139/1352
f 1429/1139/1352 1470/1180/1388 1469/1179/1387
f 1569/1275/1469 1430/1140/1353 1469/1179/1387
f 1469/1179/1387 1567/1273/1467 1569/1275/1469
f 1452/1162/1372 1526/1235/1436 1569/1275/1469
f 1569/1275/1469 1567/1273/1467 1452/1162/1372
f 1452/1162/1372 1576/1282/1474 1525/1234/1435
f 1525/1234/1435 1526/1235/1436 1452/1162/1372
f 1450/1160/1370 1577/1283/1373 1451/1161/1371
f 1402/1112/1328 1401/1111/1327 1578/1201/1475
f 1578/1201/1475 1579/1114/1476 1402/1112/1328
f 1579/1114/1476 1580/1113/1477 1407/1117/1333
f 1407/1117/1333 1402/1112/1328 1579/1114/1476
f 1408/1118/1334 1407/1117/1333 1580/1113/1477
f 1580/1113/1477 1581/1205/1478 1408/1118/1334
f 1582/1284/1479 1495/1205/1410 1496/1206/1411
f 1496/1206/1411 1583/1285/1480 1582/1284/1479
f 1581/1205/1478 1584/1284/1481 1489/1199/1404
f 1489/1199/1404 1408/1118/1334 1581/1205/1478
f 1512/1194/1424 1511/1221/1423 1585/1195/1482
f 1491/1201/1406 1586/1286/1483 1587/1287/1484
f 1587/1287/1484 1492/1202/1407 1491/1201/1406
f 1394/1104/1320 1393/1103/1319 1588/1231/1485
f 1588/1231/1485 1521/1230/1431 1394/1104/1320
f 1400/1110/1326 1589/1288/1319 1590/1289/1486
f 1590/1289/1486 1401/1111/1327 1400/1110/1326
f 1578/1201/1475 1401/1111/1327 1591/1289/1487
f 1591/1289/1487 1592/1286/1488 1578/1201/1475
f 1416/1126/1340 1415/1125/1335 1593/1290/1489
f 1593/1290/1489 1594/1291/1490 1416/1126/1340
f 1513/1222/1425 1595/1246/1491 1514/1223/1426
f 1492/1202/1407 1587/1287/1484 1596/1292/1492
f 1596/1292/1492 1597/1293/1493 1492/1202/1407
f 1598/1115/1494 1492/1202/1407 1597/1293/1493
f 1597/1293/1493 1599/1294/1495 1598/1115/1494
f 1406/1116/1332 1405/1115/1331 1599/1294/1495
f 1599/1294/1495 1600/1295/1496 1406/1116/1332
f 1406/1116/1332 1600/1295/1496 1601/1296/1497
f 1601/1296/1497 1496/1206/1411 1406/1116/1332
f 1485/1195/1401 1582/1284/1479 1583/1285/1480
f 1583/1285/1480 1483/1193/1399 1485/1195/1401
f 1584/1284/1481 1585/1195/1482 1511/1221/1423
f 1511/1221/1423 1489/1199/1404 1584/1284/1481
f 1489/1199/1404 1511/1221/1423 1510/1220/1378
f 1510/1220/1378 1490/1200/1405 1489/1199/1404
f 1594/1291/1490 1593/1290/1489 1459/1169/1378
f 1459/1169/1378 1458/1168/1377 1594/1291/1490
f 1602/1297/1498 1583/1285/1480 1496/1206/1411
f 1496/1206/1411 1601/1296/1497 1602/1297/1498
f 1483/1193/1399 1583/1285/1480 1602/1297/1498
f 1602/1297/1498 1603/1298/1499 1483/1193/1399
f 1603/1298/1499 1484/1194/1400 1483/1193/1399
f 1452/1162/1372 1451/1161/1371 1576/1282/1474
f 1461/1171/1348 1431/1141/1347 1434/1144/1356
f 1434/1144/1356 1462/1172/1380 1461/1171/1348
f 1374/1084/1302 1373/1083/1301 1477/1187/1394
f 1477/1187/1394 1479/1189/1396 1374/1084/1302
f 1412/1122/1337 1487/1197/1403 1486/1196/1402
f 1486/1196/1402 1413/1123/1338 1412/1122/1337
f 1509/1219/1422 1439/1149/1361 1573/1279/1338
f 1573/1279/1338 1574/1280/1472 1509/1219/1422
f 1440/1150/1362 1439/1149/1361 1509/1219/1422
f 1509/1219/1422 1508/1218/1421 1440/1150/1362
f 1477/1187/1394 1373/1083/1301 1440/1150/1362
f 1440/1150/1362 1508/1218/1421 1477/1187/1394
f 1386/1096/1313 1455/1165/1374 1387/1097/1314
f 1604/1299/1500 1458/1168/1377 1460/1170/1379
f 1605/1300/1501 1594/1291/1490 1458/1168/1377
f 1458/1168/1377 1604/1299/1500 1605/1300/1501
f 1606/1301/1502 1416/1126/1340 1594/1291/1490
f 1594/1291/1490 1605/1300/1501 1606/1301/1502
f 1607/1302/1503 1378/1088/1306 1416/1126/1340
f 1416/1126/1340 1606/1301/1502 1607/1302/1503
f 1608/1303/1504 1375/1085/1303 1378/1088/1306
f 1378/1088/1306 1607/1302/1503 1608/1303/1504
f 1609/1304/1505 1521/1230/1431 1375/1085/1303
f 1375/1085/1303 1608/1303/1504 1609/1304/1505
f 1610/1249/1491 1394/1104/1320 1521/1230/1431
f 1521/1230/1431 1609/1304/1505 1610/1249/1491
f 1392/1102/1318 1394/1104/1320 1610/1249/1491
f 1432/1142/1354 1575/1281/1473 1392/1102/1318
f 1442/1152/1364 1575/1281/1473 1432/1142/1354
f 1432/1142/1354 1611/1305/1506 1442/1152/1364
f 1442/1152/1364 1611/1305/1506 1612/1306/1507
f 1612/1306/1507 1443/1153/1365 1442/1152/1364
f 1443/1153/1365 1612/1306/1507 1613/1307/1508
f 1613/1307/1508 1523/1232/1433 1443/1153/1365
f 1523/1232/1433 1613/1307/1508 1614/1308/1509
f 1614/1308/1509 1411/1121/1336 1523/1232/1433
f 1411/1121/1336 1614/1308/1509 1615/1309/1510
f 1615/1309/1510 1412/1122/1337 1411/1121/1336
f 1412/1122/1337 1615/1309/1510 1616/1310/1511
f 1616/1310/1511 1487/1197/1403 1412/1122/1337
f 1488/1198/1395 1487/1197/1403 1616/1310/1511
f 1392/1102/1318 1540/1247/1450 1433/1143/1355
f 1434/1144/1356 1433/1143/1355 1540/1247/1450
f 1540/1247/1450 1617/1311/1512 1434/1144/1356
f 1462/1172/1380 1434/1144/1356 1617/1311/1512
f 1617/1311/1512 1618/1312/1513 1462/1172/1380
f 1379/1089/1307 1462/1172/1380 1618/1312/1513
f 1618/1312/1513 1619/1313/1514 1379/1089/1307
f 1619/1313/1514 1620/1314/1294 1380/1090/1308
f 1380/1090/1308 1379/1089/1307 1619/1313/1514
f 1421/1131/1344 1380/1090/1308 1620/1314/1294
f 1620/1314/1294 1621/1315/1415 1421/1131/1344
f 1422/1132/1345 1421/1131/1344 1621/1315/1415
f 1541/1248/1451 1540/1247/1450 1392/1102/1318
f 1536/1245/1427 1453/1163/1002 1418/1128/1342
f 1572/1278/1159 1455/1165/1374 1386/1096/1313
f 1533/1242/1443 1532/1241/1442 1535/1244/1445
f 1535/1244/1445 1534/1243/1444 1533/1242/1443
f 1533/1242/1443 1534/1243/1444 1527/1236/1437
f 1527/1236/1437 1447/1157/1367 1533/1242/1443
f 1447/1157/1367 1527/1236/1437 1529/1238/1439
f 1529/1238/1439 1448/1158/1368 1447/1157/1367
f 1498/1208/1413 1546/1253/1454 1547/1254/1439
f 1547/1254/1439 1507/1217/1420 1498/1208/1413
f 1497/1207/1412 1498/1208/1413 1507/1217/1420
f 1507/1217/1420 1506/1216/1419 1497/1207/1412
f 1532/1241/1442 1552/1258/1460 1553/1259/1419
f 1553/1259/1419 1535/1244/1445 1532/1241/1442
f 1622/1316/1515 1623/1317/1516 1357/1067/1285
f 1357/1067/1285 1351/1061/1279 1622/1316/1515
f 1624/1318/1517 1622/1316/1515 1351/1061/1279
f 1351/1061/1279 1116/827/1072 1624/1318/1517
f 979/690/951 622/333/618 977/688/950
f 1625/1319/950 746/457/741 975/686/948
f 1625/1319/950 963/674/940 746/457/741
f 966/677/942 622/333/618 980/691/952
f 974/685/947 942/653/923 976/687/949
f 843/554/833 971/682/946 987/698/956
f 986/697/946 762/473/757 982/693/954
f 999/710/964 791/502/784 595/306/591
f 595/306/591 998/709/782 999/710/964
f 788/499/781 789/500/782 831/542/822
f 720/431/715 719/430/714 778/489/772
f 815/526/772 814/525/806 892/603/878
f 1626/1320/1518 1116/827/1072 1119/830/1075
f 1627/290/1519 1628/289/1520 1629/288/1521
f 1629/288/1521 1630/291/1522 1627/290/1519
f 1631/292/1523 1632/293/1524 1628/289/1520
f 1633/296/1525 1634/295/1526 1635/294/1527
f 1635/294/1527 1636/297/1528 1633/296/1525
f 1637/298/1529 1638/301/1530 1639/300/1531
f 1639/300/1531 1640/299/1532 1637/298/1529
f 1641/302/1533 1642/305/1534 1643/304/1535
f 1643/304/1535 1644/303/1536 1641/302/1533
f 1645/306/1537 1646/308/1538 1647/1321/1539
f 1648/311/1540 1649/310/1541 1650/309/1542
f 1650/309/1542 1651/312/1543 1648/311/1540
f 1652/315/1544 1653/1322/1545 1654/1323/1546
f 1654/1323/1546 1655/1324/1547 1652/315/1544
f 1656/319/1548 1657/318/1549 1658/317/1550
f 1658/317/1550 1659/320/1551 1656/319/1548
f 1660/323/1552 1661/322/1553 1662/321/1554
f 1662/321/1554 1663/324/1555 1660/323/1552
f 1664/325/1556 1665/328/1557 1666/327/1558
f 1666/327/1558 1667/326/1559 1664/325/1556
f 1668/331/1560 1669/330/1561 1670/329/1562
f 1670/329/1562 1671/332/1563 1668/331/1560
f 1672/334/1564 1673/333/1565 1652/315/1544
f 1655/1324/1547 1674/1325/1566 1675/535/1567
f 1675/535/1567 1652/315/1544 1655/1324/1547
f 1676/335/1568 1677/337/1569 1678/336/1570
f 1660/323/1552 1679/1326/1571 1661/322/1553
f 1680/468/1572 1681/379/1573 1682/654/1574
f 1683/339/1575 1680/468/1572 1682/654/1574
f 1684/655/1576 1683/339/1575 1682/654/1574
f 1685/338/1577 1686/340/1578 1683/339/1575
f 1687/341/1579 1688/344/1530 1689/343/1580
f 1689/343/1580 1690/342/1581 1687/341/1579
f 1691/347/1582 1692/346/1583 1693/1327/1584
f 1693/1327/1584 1694/348/1585 1691/347/1582
f 1695/1328/1586 1694/348/1585 1696/350/1587
f 1697/1329/1588 1698/356/1589 1699/355/1590
f 1699/355/1590 1700/358/1591 1697/1329/1588
f 1701/359/1592 1702/361/1593 1703/360/1594
f 1704/364/1595 1705/363/1596 1706/362/1597
f 1707/365/1598 1708/1330/1599 1709/1331/1600
f 1709/1331/1600 1710/366/1601 1707/365/1598
f 1711/1332/1602 1712/371/1603 1713/370/1604
f 1714/374/1605 1715/373/1606 1716/372/1607
f 1716/372/1607 1717/375/1608 1714/374/1605
f 1718/376/1609 1719/378/1610 1720/377/1611
f 1657/318/1549 1656/319/1548 1681/379/1573
f 1681/379/1573 1721/380/1612 1657/318/1549
f 1722/381/1613 1712/371/1603 1711/1332/1602
f 1711/1332/1602 1723/382/1614 1722/381/1613
f 1724/385/1615 1725/384/1616 1726/1333/1617
f 1726/1333/1617 1727/352/1618 1728/386/1619
f 1729/387/1620 1703/360/1594 1730/389/1621
f 1730/389/1621 1731/388/1622 1729/387/1620
f 1732/390/1623 1733/392/1624 1734/1334/1625
f 1735/393/1626 1736/1335/1627 1737/395/1628
f 1737/395/1628 1738/394/1629 1735/393/1626
f 1739/399/1630 1740/398/1631 1741/397/1632
f 1741/397/1632 1742/400/1633 1739/399/1630
f 1743/402/1634 1627/290/1519 1744/401/1635
f 1744/401/1635 1745/403/1636 1743/402/1634
f 1746/404/1637 1747/406/1638 1748/405/1639
f 1748/405/1639 1692/346/1583 1746/404/1637
f 1655/1324/1547 1654/1323/1546 1749/1336/1640
f 1749/1336/1640 1736/1335/1627 1655/1324/1547
f 1750/407/1641 1751/410/1642 1752/409/1643
f 1752/409/1643 1753/408/1644 1750/407/1641
f 1754/413/1645 1755/412/1646 1756/411/1647
f 1756/411/1647 1663/324/1555 1754/413/1645
f 1748/405/1639 1757/414/1648 1720/377/1611
f 1720/377/1611 1719/378/1610 1748/405/1639
f 1758/415/1649 1759/418/1650 1760/417/1651
f 1760/417/1651 1761/416/1652 1758/415/1649
f 1651/312/1543 1650/309/1542 1691/347/1582
f 1691/347/1582 1762/419/1653 1651/312/1543
f 1763/420/1654 1660/323/1552 1764/421/1655
f 1765/422/1656 1766/423/1657 1761/416/1652
f 1761/416/1652 1760/417/1651 1765/422/1656
f 1767/424/1658 1768/1337/1659 1769/426/1660
f 1769/426/1660 1770/425/1563 1767/424/1658
f 1771/428/1661 1662/321/1554 1636/297/1528
f 1636/297/1528 1635/294/1527 1771/428/1661
f 1772/429/1662 1773/431/1663 1774/430/1664
f 1775/432/1665 1776/435/1666 1777/1338/1667
f 1777/1338/1667 1778/433/1668 1775/432/1665
f 1776/435/1666 1775/432/1665 1779/437/1669
f 1779/437/1669 1780/436/1670 1776/435/1666
f 1781/438/1671 1782/440/1672 1709/1331/1600
f 1709/1331/1600 1783/1339/1673 1781/438/1671
f 1784/442/1674 1676/335/1568 1785/441/1675
f 1785/441/1675 1786/443/1676 1784/442/1674
f 1787/446/1677 1788/445/1678 1789/444/1679
f 1789/444/1679 1790/447/1680 1787/446/1677
f 1791/450/1681 1792/449/1682 1793/448/1683
f 1793/448/1683 1794/451/1684 1791/450/1681
f 1653/1322/1545 1652/315/1544 1673/333/1565
f 1673/333/1565 1795/1340/1685 1653/1322/1545
f 1796/351/1686 1797/455/1687 1798/454/1688
f 1798/454/1688 1799/1341/1689 1796/351/1686
f 1800/458/1690 1801/1342/1691 1802/1343/1692
f 1802/1343/1692 1803/459/1693 1800/458/1690
f 1804/462/1694 1805/461/1695 1806/460/1696
f 1806/460/1696 1807/463/1697 1804/462/1694
f 1808/466/1698 1809/465/1699 1810/464/1700
f 1810/464/1700 1811/467/1701 1808/466/1698
f 1721/380/1612 1681/379/1573 1680/468/1572
f 1812/469/1702 1813/472/1703 1814/471/1704
f 1814/471/1704 1815/470/1705 1812/469/1702
f 1816/1344/1706 1817/475/1707 1818/474/1708
f 1818/474/1708 1783/1339/1673 1816/1344/1706
f 1685/338/1577 1819/476/1709 1686/340/1578
f 1820/1345/1710 1821/477/1711 1814/471/1704
f 1814/471/1704 1822/1346/1712 1820/1345/1710
f 1790/447/1680 1771/428/1661 1635/294/1527
f 1635/294/1527 1823/480/1634 1790/447/1680
f 1824/564/1713 1809/465/1699 1693/1327/1584
f 1693/1327/1584 1719/378/1610 1824/564/1713
f 1825/482/1714 1826/694/1715 1675/535/1567
f 1675/535/1567 1827/1347/1716 1825/482/1714
f 1828/484/1717 1829/483/1718 1827/1347/1716
f 1667/326/1559 1666/327/1558 1830/486/1719
f 1830/486/1719 1831/485/1720 1667/326/1559
f 1795/1340/1685 1832/487/1721 1653/1322/1545
f 1833/488/1722 1774/430/1664 1834/489/1723
f 1835/490/1724 1819/476/1709 1685/338/1577
f 1736/1335/1627 1735/393/1626 1674/1325/1566
f 1674/1325/1566 1655/1324/1547 1736/1335/1627
f 1640/299/1532 1836/493/1725 1837/492/1726
f 1837/492/1726 1637/298/1529 1640/299/1532
f 1838/494/1727 1643/304/1535 1642/305/1534
f 1642/305/1534 1839/495/1728 1838/494/1727
f 1840/496/1694 1841/498/1697 1797/455/1687
f 1797/455/1687 1842/497/1729 1840/496/1694
f 1843/1348/1730 1844/500/1731 1722/381/1613
f 1634/295/1526 1845/501/1732 1823/480/1634
f 1823/480/1634 1635/294/1527 1634/295/1526
f 1799/1341/1689 1846/502/1733 1645/306/1537
f 1645/306/1537 1647/1321/1539 1799/1341/1689
f 1805/461/1695 1804/462/1694 1847/503/1734
f 1847/503/1734 1848/504/1735 1805/461/1695
f 1779/437/1669 1849/505/1736 1649/310/1541
f 1649/310/1541 1648/311/1540 1779/437/1669
f 1850/506/1654 1851/508/1737 1852/507/1738
f 1853/509/1739 1854/511/1740 1855/510/1741
f 1729/387/1620 1856/512/1742 1703/360/1594
f 1853/509/1739 1857/514/1743 1749/1336/1640
f 1749/1336/1640 1700/358/1591 1853/509/1739
f 1730/389/1621 1756/411/1647 1755/412/1646
f 1703/360/1594 1702/361/1593 1756/411/1647
f 1756/411/1647 1730/389/1621 1703/360/1594
f 1858/515/1744 1859/517/1745 1860/516/1746
f 1651/312/1543 1762/419/1653 1861/518/1747
f 1862/519/1748 1648/311/1540 1651/312/1543
f 1651/312/1543 1861/518/1747 1862/519/1748
f 1798/454/1688 1846/502/1733 1799/1341/1689
f 1820/1345/1710 1647/1321/1539 1827/1347/1716
f 1827/1347/1716 1863/1349/1749 1820/1345/1710
f 1864/522/1750 1857/514/1743 1865/521/1751
f 1865/521/1751 1866/523/1752 1864/522/1750
f 1867/524/1753 1868/526/1754 1869/525/1755
f 1855/510/1741 1865/521/1751 1857/514/1743
f 1857/514/1743 1853/509/1739 1855/510/1741
f 1870/527/1756 1871/528/1757 1759/418/1650
f 1759/418/1650 1758/415/1649 1870/527/1756
f 1872/529/1554 1873/532/1758 1874/531/1759
f 1874/531/1759 1875/530/1760 1872/529/1554
f 1876/533/1761 1877/534/1762 1791/450/1681
f 1722/381/1613 1723/382/1614 1843/1348/1730
f 1698/356/1589 1697/1329/1588 1878/536/1763
f 1878/536/1763 1879/537/1764 1698/356/1589
f 1794/451/1684 1880/539/1744 1881/538/1765
f 1881/538/1765 1882/540/1766 1794/451/1684
f 1649/310/1541 1883/541/1767 1746/404/1637
f 1746/404/1637 1650/309/1542 1649/310/1541
f 1647/1321/1539 1820/1345/1710 1822/1346/1712
f 1822/1346/1712 1799/1341/1689 1647/1321/1539
f 1708/1330/1599 1884/543/1768 1885/542/1769
f 1885/542/1769 1843/1348/1730 1708/1330/1599
f 1652/315/1544 1675/535/1567 1886/544/1770
f 1886/544/1770 1672/334/1564 1652/315/1544
f 1704/364/1595 1706/362/1597 1766/423/1657
f 1766/423/1657 1765/422/1656 1704/364/1595
f 1757/414/1648 1748/405/1639 1747/406/1638
f 1747/406/1638 1887/545/1771 1757/414/1648
f 1888/546/1772 1889/548/1773 1890/547/1774
f 1891/549/1775 1860/516/1746 1892/551/1776
f 1892/551/1776 1893/550/1762 1891/549/1775
f 1719/378/1610 1718/376/1609 1894/552/1739
f 1676/335/1568 1678/336/1570 1785/441/1675
f 1700/358/1591 1749/1336/1640 1654/1323/1546
f 1654/1323/1546 1697/1329/1588 1700/358/1591
f 1745/403/1636 1665/328/1557 1664/325/1556
f 1895/553/1777 1764/421/1655 1660/323/1552
f 1675/535/1567 1896/554/1778 1886/544/1770
f 1897/557/1779 1898/556/1780 1899/555/1781
f 1899/555/1781 1900/558/1782 1897/557/1779
f 1749/1336/1640 1857/514/1743 1864/522/1750
f 1864/522/1750 1736/1335/1627 1749/1336/1640
f 1901/559/1783 1902/561/1784 1903/560/1785
f 1859/517/1745 1904/562/1786 1860/516/1746
f 1849/505/1736 1905/563/1787 1883/541/1767
f 1883/541/1767 1649/310/1541 1849/505/1736
f 1891/549/1775 1893/550/1762 1853/509/1739
f 1894/552/1739 1877/534/1762 1876/533/1761
f 1876/533/1761 1719/378/1610 1894/552/1739
f 1719/378/1610 1876/533/1761 1824/564/1713
f 1906/566/1788 1907/565/1789 1768/1337/1659
f 1768/1337/1659 1767/424/1658 1906/566/1788
f 1821/477/1711 1908/567/1790 1815/470/1705
f 1815/470/1705 1814/471/1704 1821/477/1711
f 1906/566/1788 1812/469/1702 1815/470/1705
f 1815/470/1705 1907/565/1789 1906/566/1788
f 1821/477/1711 1820/1345/1710 1863/1349/1749
f 1863/1349/1749 1909/568/1791 1821/477/1711
f 1909/568/1791 1910/569/1792 1908/567/1790
f 1908/567/1790 1821/477/1711 1909/568/1791
f 1911/570/1793 1908/567/1790 1910/569/1792
f 1910/569/1792 1912/571/1794 1911/570/1793
f 1913/572/1795 1914/575/1796 1915/574/1797
f 1915/574/1797 1916/573/1798 1913/572/1795
f 1917/576/1799 1918/579/1800 1919/578/1801
f 1919/578/1801 1920/577/1802 1917/576/1799
f 1778/433/1668 1917/576/1799 1920/577/1802
f 1920/577/1802 1775/432/1665 1778/433/1668
f 1656/319/1548 1917/576/1799 1778/433/1668
f 1778/433/1668 1681/379/1573 1656/319/1548
f 1917/576/1799 1656/319/1548 1659/320/1551
f 1659/320/1551 1918/579/1800 1917/576/1799
f 1921/580/1796 1918/579/1800 1669/330/1561
f 1669/330/1561 1668/331/1560 1921/580/1796
f 1768/1337/1659 1915/574/1797 1914/575/1796
f 1914/575/1796 1769/426/1660 1768/1337/1659
f 1692/346/1583 1748/405/1639 1719/378/1610
f 1719/378/1610 1693/1327/1584 1692/346/1583
f 1854/511/1740 1922/581/1611 1855/510/1741
f 1822/1346/1712 1814/471/1704 1813/472/1703
f 1813/472/1703 1923/1350/1803 1822/1346/1712
f 1905/563/1787 1924/583/1804 1925/582/1779
f 1925/582/1779 1883/541/1767 1905/563/1787
f 1918/579/1800 1921/580/1796 1926/584/1795
f 1926/584/1795 1919/578/1801 1918/579/1800
f 1659/320/1551 1658/317/1550 1670/329/1562
f 1670/329/1562 1669/330/1561 1659/320/1551
f 1927/585/1805 1751/410/1642 1686/340/1578
f 1752/409/1643 1751/410/1642 1927/585/1805
f 1927/585/1805 1928/586/1806 1752/409/1643
f 1847/503/1734 1928/586/1806 1927/585/1805
f 1927/585/1805 1848/504/1735 1847/503/1734
f 1726/1333/1617 1929/587/1807 1724/385/1615
f 1727/352/1618 1726/1333/1617 1842/497/1729
f 1842/497/1729 1796/351/1686 1727/352/1618
f 1797/455/1687 1796/351/1686 1842/497/1729
f 1700/358/1591 1699/355/1590 1891/549/1775
f 1891/549/1775 1853/509/1739 1700/358/1591
f 1930/588/1808 1691/347/1582 1694/348/1585
f 1694/348/1585 1695/1328/1586 1930/588/1808
f 1900/558/1782 1899/555/1781 1931/589/1809
f 1931/589/1809 1737/395/1628 1900/558/1782
f 1915/574/1797 1911/570/1793 1912/571/1794
f 1912/571/1794 1916/573/1798 1915/574/1797
f 1907/565/1789 1911/570/1793 1915/574/1797
f 1915/574/1797 1768/1337/1659 1907/565/1789
f 1865/521/1751 1932/591/1810 1933/590/1771
f 1933/590/1771 1866/523/1752 1865/521/1751
f 1736/1335/1627 1864/522/1750 1737/395/1628
f 1737/395/1628 1864/522/1750 1866/523/1752
f 1866/523/1752 1900/558/1782 1737/395/1628
f 1900/558/1782 1866/523/1752 1933/590/1771
f 1933/590/1771 1897/557/1779 1900/558/1782
f 1747/406/1638 1925/582/1779 1887/545/1771
f 1883/541/1767 1925/582/1779 1747/406/1638
f 1747/406/1638 1746/404/1637 1883/541/1767
f 1650/309/1542 1746/404/1637 1692/346/1583
f 1692/346/1583 1691/347/1582 1650/309/1542
f 1809/465/1699 1808/466/1698 1693/1327/1584
f 1908/567/1790 1911/570/1793 1907/565/1789
f 1907/565/1789 1815/470/1705 1908/567/1790
f 1934/592/1811 1935/593/1812 1772/429/1662
f 1772/429/1662 1774/430/1664 1934/592/1811
f 1774/430/1664 1936/595/1813 1937/594/1814
f 1937/594/1814 1934/592/1811 1774/430/1664
f 1938/596/1692 1935/593/1812 1934/592/1811
f 1937/594/1814 1939/597/1815 1934/592/1811
f 1704/364/1595 1940/599/1814 1941/598/1816
f 1941/598/1816 1705/363/1596 1704/364/1595
f 1940/599/1814 1942/600/1817 1869/525/1755
f 1869/525/1755 1941/598/1816 1940/599/1814
f 1706/362/1597 1705/363/1596 1802/1343/1692
f 1802/1343/1692 1801/1342/1691 1706/362/1597
f 1943/601/1812 1802/1343/1692 1705/363/1596
f 1705/363/1596 1941/598/1816 1943/601/1812
f 1941/598/1816 1869/525/1755 1944/602/1818
f 1944/602/1818 1943/601/1812 1941/598/1816
f 1945/603/1819 1944/602/1818 1869/525/1755
f 1946/604/1820 1936/595/1813 1774/430/1664
f 1947/605/1821 1867/524/1753 1869/525/1755
f 1947/605/1821 1869/525/1755 1942/600/1817
f 1946/604/1820 1774/430/1664 1833/488/1722
f 1709/1331/1600 1948/607/1822 1949/606/1823
f 1709/1331/1600 1782/440/1672 1948/607/1822
f 1709/1331/1600 1949/606/1823 1710/366/1601
f 1889/548/1773 1950/609/1824 1951/608/1825
f 1856/512/1742 1952/610/1826 1703/360/1594
f 1889/548/1773 1951/608/1825 1890/547/1774
f 1952/610/1826 1701/359/1592 1703/360/1594
f 1889/548/1773 1953/611/1827 1950/609/1824
f 1954/612/1828 1955/615/1829 1956/614/1830
f 1956/614/1830 1957/613/1831 1954/612/1828
f 1786/443/1676 1958/617/1831 1959/616/1832
f 1959/616/1832 1784/442/1674 1786/443/1676
f 1960/618/1533 1961/619/1833 1784/442/1674
f 1784/442/1674 1959/616/1832 1960/618/1533
f 1962/620/1834 1699/355/1590 1698/356/1589
f 1676/335/1568 1784/442/1674 1961/619/1833
f 1961/619/1833 1963/621/1835 1676/335/1568
f 1964/623/1836 1965/622/1837 1955/615/1829
f 1955/615/1829 1954/612/1828 1964/623/1836
f 1699/355/1590 1966/624/1838 1891/549/1775
f 1809/465/1699 1824/564/1713 1882/540/1766
f 1882/540/1766 1881/538/1765 1809/465/1699
f 1791/450/1681 1794/451/1684 1882/540/1766
f 1882/540/1766 1876/533/1761 1791/450/1681
f 1824/564/1713 1876/533/1761 1882/540/1766
f 1860/516/1746 1891/549/1775 1966/624/1838
f 1966/624/1838 1858/515/1744 1860/516/1746
f 1904/562/1786 1892/551/1776 1860/516/1746
f 1793/448/1683 1792/449/1682 1967/625/1839
f 1880/539/1744 1794/451/1684 1793/448/1683
f 1880/539/1744 1793/448/1683 1967/625/1839
f 1677/337/1569 1676/335/1568 1963/621/1835
f 1965/622/1837 1968/627/1840 1969/626/1841
f 1965/622/1837 1970/628/1570 1968/627/1840
f 1970/628/1570 1965/622/1837 1964/623/1836
f 1644/303/1536 1811/467/1701 1956/614/1830
f 1956/614/1830 1641/302/1533 1644/303/1536
f 1955/615/1829 1971/629/1842 1641/302/1533
f 1641/302/1533 1956/614/1830 1955/615/1829
f 1965/622/1837 1969/626/1841 1971/629/1842
f 1971/629/1842 1955/615/1829 1965/622/1837
f 1957/613/1831 1956/614/1830 1811/467/1701
f 1811/467/1701 1810/464/1700 1957/613/1831
f 1962/620/1834 1698/356/1589 1959/616/1832
f 1959/616/1832 1958/617/1831 1962/620/1834
f 1879/537/1764 1960/618/1533 1959/616/1832
f 1959/616/1832 1698/356/1589 1879/537/1764
f 1755/412/1646 1939/597/1815 1731/388/1622
f 1731/388/1622 1730/389/1621 1755/412/1646
f 1888/546/1772 1972/631/1843 1973/630/1844
f 1973/630/1844 1889/548/1773 1888/546/1772
f 1889/548/1773 1973/630/1844 1974/632/1845
f 1974/632/1845 1953/611/1827 1889/548/1773
f 1765/422/1656 1973/630/1844 1972/631/1843
f 1972/631/1843 1704/364/1595 1765/422/1656
f 1973/630/1844 1765/422/1656 1760/417/1651
f 1760/417/1651 1974/632/1845 1973/630/1844
f 1759/418/1650 1875/530/1760 1974/632/1845
f 1974/632/1845 1760/417/1651 1759/418/1650
f 1975/633/1846 1660/323/1552 1663/324/1555
f 1663/324/1555 1756/411/1647 1975/633/1846
f 1976/634/1847 1754/413/1645 1663/324/1555
f 1663/324/1555 1662/321/1554 1976/634/1847
f 1871/528/1757 1872/529/1554 1875/530/1760
f 1875/530/1760 1759/418/1650 1871/528/1757
f 1745/403/1636 1744/401/1635 1739/399/1630
f 1739/399/1630 1742/400/1633 1745/403/1636
f 1975/633/1846 1977/635/1848 1660/323/1552
f 1978/636/1846 1974/632/1845 1875/530/1760
f 1875/530/1760 1874/531/1759 1978/636/1846
f 1979/637/1849 1980/639/1850 1981/638/1851
f 1982/640/1852 1878/536/1763 1697/1329/1588
f 1976/634/1847 1662/321/1554 1771/428/1661
f 1771/428/1661 1790/447/1680 1983/641/1853
f 1983/641/1853 1976/634/1847 1771/428/1661
f 1960/618/1533 1879/537/1764 1984/642/1854
f 1984/642/1854 1985/643/1855 1960/618/1533
f 1984/642/1854 1879/537/1764 1878/536/1763
f 1878/536/1763 1986/644/1856 1984/642/1854
f 1986/644/1856 1878/536/1763 1987/645/1857
f 1987/645/1857 1878/536/1763 1983/641/1853
f 1976/634/1847 1983/641/1853 1878/536/1763
f 1878/536/1763 1982/640/1852 1976/634/1847
f 1754/413/1645 1976/634/1847 1982/640/1852
f 1755/412/1646 1754/413/1645 1982/640/1852
f 1982/640/1852 1832/487/1721 1755/412/1646
f 1939/597/1815 1755/412/1646 1832/487/1721
f 1939/597/1815 1832/487/1721 1934/592/1811
f 1987/645/1857 1983/641/1853 1790/447/1680
f 1790/447/1680 1789/444/1679 1987/645/1857
f 1986/644/1856 1987/645/1857 1789/444/1679
f 1789/444/1679 1988/646/1719 1986/644/1856
f 1989/647/1858 1990/650/1859 1991/649/1860
f 1991/649/1860 1992/648/1861 1989/647/1858
f 1992/648/1861 1665/328/1557 1745/403/1636
f 1745/403/1636 1742/400/1633 1992/648/1861
f 1992/648/1861 1991/649/1860 1666/327/1558
f 1666/327/1558 1665/328/1557 1992/648/1861
f 1991/649/1860 1839/495/1728 1993/651/1862
f 1993/651/1862 1666/327/1558 1991/649/1860
f 1808/466/1698 1811/467/1701 1644/303/1536
f 1644/303/1536 1696/350/1587 1808/466/1698
f 1643/304/1535 1696/350/1587 1644/303/1536
f 1696/350/1587 1643/304/1535 1838/494/1727
f 1695/1328/1586 1990/650/1859 1989/647/1858
f 1695/1328/1586 1989/647/1858 1741/397/1632
f 1740/398/1631 1695/1328/1586 1741/397/1632
f 1695/1328/1586 1870/527/1756 1758/415/1649
f 1758/415/1649 1930/588/1808 1695/1328/1586
f 1758/415/1649 1761/416/1652 1994/652/1863
f 1994/652/1863 1930/588/1808 1758/415/1649
f 1994/652/1863 1761/416/1652 1766/423/1657
f 1766/423/1657 1930/588/1808 1994/652/1863
f 1706/362/1597 1762/419/1653 1930/588/1808
f 1930/588/1808 1766/423/1657 1706/362/1597
f 1762/419/1653 1706/362/1597 1801/1342/1691
f 1801/1342/1691 1861/518/1747 1762/419/1653
f 1861/518/1747 1801/1342/1691 1995/1351/1864
f 1734/1334/1625 1862/519/1748 1861/518/1747
f 1861/518/1747 1995/1351/1864 1734/1334/1625
f 1862/519/1748 1734/1334/1625 1816/1344/1706
f 1816/1344/1706 1780/436/1670 1862/519/1748
f 1780/436/1670 1816/1344/1706 1783/1339/1673
f 1783/1339/1673 1776/435/1666 1780/436/1670
f 1776/435/1666 1783/1339/1673 1709/1331/1600
f 1709/1331/1600 1777/1338/1667 1776/435/1666
f 1777/1338/1667 1709/1331/1600 1708/1330/1599
f 1708/1330/1599 1682/654/1574 1777/1338/1667
f 1843/1348/1730 1723/382/1614 1684/655/1576
f 1684/655/1576 1682/654/1574 1843/1348/1730
f 1806/460/1696 1819/476/1709 1835/490/1724
f 1835/490/1724 1711/1332/1602 1806/460/1696
f 1805/461/1695 1848/504/1735 1819/476/1709
f 1686/340/1578 1751/410/1642 1750/407/1641
f 1715/373/1606 1686/340/1578 1716/372/1607
f 1839/495/1728 1991/649/1860 1990/650/1859
f 1990/650/1859 1838/494/1727 1839/495/1728
f 1696/350/1587 1838/494/1727 1990/650/1859
f 1990/650/1859 1695/1328/1586 1696/350/1587
f 1667/326/1559 1901/559/1783 1996/656/1865
f 1996/656/1865 1664/325/1556 1667/326/1559
f 1901/559/1783 1997/657/1866 1996/656/1865
f 1997/657/1866 1901/559/1783 1903/560/1785
f 1901/559/1783 1667/326/1559 1831/485/1720
f 1831/485/1720 1902/561/1784 1901/559/1783
f 1998/658/1867 1788/445/1678 1999/660/1868
f 1999/660/1868 2000/659/1869 1998/658/1867
f 2001/661/1870 1999/660/1868 1788/445/1678
f 1788/445/1678 1787/446/1677 2001/661/1870
f 1666/327/1558 1993/651/1862 1830/486/1719
f 1788/445/1678 1998/658/1867 1988/646/1719
f 1988/646/1719 1789/444/1679 1788/445/1678
f 1989/647/1858 1992/648/1861 1742/400/1633
f 1742/400/1633 1741/397/1632 1989/647/1858
f 1639/300/1531 1985/643/1855 1984/642/1854
f 1984/642/1854 1640/299/1532 1639/300/1531
f 1836/493/1725 1640/299/1532 1984/642/1854
f 1984/642/1854 1986/644/1856 1836/493/1725
f 2002/663/1855 2003/662/1871 1642/305/1534
f 1642/305/1534 1641/302/1533 2002/663/1855
f 2003/662/1871 1993/651/1862 1839/495/1728
f 1839/495/1728 1642/305/1534 2003/662/1871
f 1687/341/1579 1690/342/1581 2003/662/1871
f 2003/662/1871 2002/663/1855 1687/341/1579
f 1690/342/1581 2004/664/1725 1993/651/1862
f 1993/651/1862 2003/662/1871 1690/342/1581
f 2005/665/1872 1638/301/1530 1637/298/1529
f 1837/492/1726 2005/665/1872 1637/298/1529
f 1688/344/1530 2006/666/1873 1689/343/1580
f 2007/667/1726 2004/664/1725 1690/342/1581
f 1690/342/1581 1689/343/1580 2007/667/1726
f 2006/666/1873 2007/667/1726 1689/343/1580
f 1870/527/1756 1695/1328/1586 1740/398/1631
f 1871/528/1757 1870/527/1756 1740/398/1631
f 1740/398/1631 1739/399/1630 1871/528/1757
f 1872/529/1554 1871/528/1757 1739/399/1630
f 1739/399/1630 1744/401/1635 1872/529/1554
f 1630/291/1522 1872/529/1554 1744/401/1635
f 1744/401/1635 1627/290/1519 1630/291/1522
f 1628/289/1520 1627/290/1519 1743/402/1634
f 1743/402/1634 1631/292/1523 1628/289/1520
f 1632/293/1524 1629/288/1521 1628/289/1520
f 1999/660/1868 2008/668/1785 2000/659/1869
f 2009/669/1874 2008/668/1785 1999/660/1868
f 1999/660/1868 2001/661/1870 2009/669/1874
f 1981/638/1851 1980/639/1850 1851/508/1737
f 1851/508/1737 2010/670/1655 1981/638/1851
f 1977/635/1848 1895/553/1777 1660/323/1552
f 1851/508/1737 1874/531/1759 1873/532/1758
f 1873/532/1758 1852/507/1738 1851/508/1737
f 1980/639/1850 1874/531/1759 1851/508/1737
f 1979/637/1849 1978/636/1846 1874/531/1759
f 1874/531/1759 1980/639/1850 1979/637/1849
f 1938/596/1692 1934/592/1811 1832/487/1721
f 1832/487/1721 1795/1340/1685 1938/596/1692
f 1938/596/1692 1795/1340/1685 2011/671/1875
f 1795/1340/1685 2012/673/1876 2013/672/1690
f 2014/674/1877 1801/1342/1691 1800/458/1690
f 2015/675/1875 1803/459/1693 1802/1343/1692
f 1795/1340/1685 2013/672/1690 2016/676/1693
f 1673/333/1565 1672/334/1564 2017/678/1878
f 2017/678/1878 2018/677/1879 1673/333/1565
f 2019/679/1880 2017/678/1878 1672/334/1564
f 2020/681/1881 2021/680/1882 1672/334/1564
f 1672/334/1564 1886/544/1770 2020/681/1881
f 1896/554/1778 2022/682/1883 2020/681/1881
f 2020/681/1881 1886/544/1770 1896/554/1778
f 2023/683/1878 1734/1334/1625 1995/1351/1864
f 1995/1351/1864 2024/684/1879 2023/683/1878
f 2025/685/1884 1995/1351/1864 1801/1342/1691
f 1801/1342/1691 2026/686/1885 2025/685/1884
f 2027/687/1886 2024/684/1879 1995/1351/1864
f 2028/688/1887 2012/673/1876 1795/1340/1685
f 1795/1340/1685 1673/333/1565 2028/688/1887
f 2029/689/1888 2030/690/1889 1673/333/1565
f 2031/691/1890 2029/689/1888 1673/333/1565
f 1733/392/1624 2032/692/1891 1816/1344/1706
f 1816/1344/1706 1734/1334/1625 1733/392/1624
f 2033/693/1892 1817/475/1707 1816/1344/1706
f 1826/694/1715 1896/554/1778 1675/535/1567
f 2021/680/1882 2019/679/1880 1672/334/1564
f 2023/683/1878 1732/390/1623 1734/1334/1625
f 2034/695/1893 2035/696/1707 1896/554/1778
f 1896/554/1778 1826/694/1715 2034/695/1893
f 2032/692/1891 2036/697/1883 1816/1344/1706
f 2035/696/1707 2037/698/1894 1896/554/1778
f 2038/699/1895 2039/700/1896 1825/482/1714
f 2040/701/1671 2038/699/1895 1825/482/1714
f 2041/703/1822 2042/702/1672 1829/483/1718
f 1829/483/1718 1828/484/1717 2041/703/1822
f 1828/484/1717 2043/704/1897 2041/703/1822
f 2044/705/1898 2043/704/1897 1828/484/1717
f 2045/706/1899 2044/705/1898 1828/484/1717
f 1828/484/1717 1646/308/1538 2045/706/1899
f 2046/707/1900 2045/706/1899 1646/308/1538
f 1646/308/1538 1645/306/1537 2046/707/1900
f 2047/708/1901 1645/306/1537 2048/709/1902
f 1798/454/1688 2049/711/1603 2050/710/1903
f 2050/710/1903 1846/502/1733 1798/454/1688
f 1841/498/1697 2051/712/1604 1798/454/1688
f 1798/454/1688 1797/455/1687 1841/498/1697
f 2039/700/1896 2034/695/1893 1826/694/1715
f 1826/694/1715 1825/482/1714 2039/700/1896
f 2052/713/1896 2053/714/1904 1783/1339/1673
f 1818/474/1708 2052/713/1896 1783/1339/1673
f 2042/702/1672 2040/701/1671 1825/482/1714
f 1825/482/1714 1829/483/1718 2042/702/1672
f 2053/714/1904 1781/438/1671 1783/1339/1673
f 2047/708/1901 2046/707/1900 1645/306/1537
f 1708/1330/1599 1707/365/1598 1884/543/1768
f 1708/1330/1599 1843/1348/1730 1682/654/1574
f 1807/463/1697 1806/460/1696 1711/1332/1602
f 1711/1332/1602 1713/370/1604 1807/463/1697
f 1798/454/1688 2051/712/1604 2049/711/1603
f 1835/490/1724 1684/655/1576 1723/382/1614
f 1723/382/1614 1711/1332/1602 1835/490/1724
f 1684/655/1576 1835/490/1724 1685/338/1577
f 1725/384/1616 1840/496/1694 1842/497/1729
f 1842/497/1729 1726/1333/1617 1725/384/1616
f 1805/461/1695 1819/476/1709 1806/460/1696
f 1819/476/1709 1848/504/1735 1686/340/1578
f 1848/504/1735 1927/585/1805 1686/340/1578
f 1780/436/1670 1779/437/1669 1648/311/1540
f 1648/311/1540 1862/519/1748 1780/436/1670
f 1691/347/1582 1930/588/1808 1762/419/1653
f 1775/432/1665 1920/577/1802 1849/505/1736
f 1849/505/1736 1779/437/1669 1775/432/1665
f 1905/563/1787 1849/505/1736 1920/577/1802
f 1920/577/1802 1919/578/1801 1905/563/1787
f 1924/583/1804 1905/563/1787 1919/578/1801
f 1919/578/1801 1926/584/1795 1924/583/1804
f 1898/556/1780 1913/572/1795 1916/573/1798
f 1916/573/1798 1899/555/1781 1898/556/1780
f 1912/571/1794 1931/589/1809 1899/555/1781
f 1899/555/1781 1916/573/1798 1912/571/1794
f 1931/589/1809 1912/571/1794 1910/569/1792
f 1910/569/1792 1738/394/1629 1931/589/1809
f 1909/568/1791 1735/393/1626 1738/394/1629
f 1738/394/1629 1910/569/1792 1909/568/1791
f 1863/1349/1749 1674/1325/1566 1735/393/1626
f 1735/393/1626 1909/568/1791 1863/1349/1749
f 1918/579/1800 1659/320/1551 1669/330/1561
f 1932/591/1810 1865/521/1751 1855/510/1741
f 1855/510/1741 1922/581/1611 1932/591/1810
f 2054/715/1905 2055/717/1906 2056/716/1907
f 2057/720/1908 2058/719/1909 2059/718/1910
f 2059/718/1910 2060/721/1911 2057/720/1908
f 1013/724/977 1012/723/976 2061/722/1912
f 2061/722/1912 2062/725/1913 1013/724/977
f 2063/728/1914 2064/727/1915 2065/726/1916
f 2065/726/1916 2066/729/1917 2063/728/1914
f 2067/732/1918 2068/731/1919 2069/730/1920
f 2069/730/1920 2070/733/1921 2067/732/1918
f 2071/734/1922 2072/735/1923 2055/717/1906
f 2055/717/1906 2054/715/1905 2071/734/1922
f 1923/1350/1803 1813/472/1703 2073/736/1924
f 2073/736/1924 2074/353/1925 1923/1350/1803
f 2075/737/1926 2076/738/1927 1671/332/1563
f 1671/332/1563 1670/329/1562 2075/737/1926
f 2077/739/1928 2078/741/1929 2079/740/1930
f 1767/424/1658 2080/743/1931 2081/742/1932
f 2081/742/1932 1906/566/1788 1767/424/1658
f 2082/746/1933 2083/745/1934 2084/744/1935
f 2084/744/1935 2085/747/1936 2082/746/1933
f 2086/748/1937 2077/739/1928 2087/749/1938
f 2088/750/1939 2089/753/1940 2090/1352/1941
f 2090/1352/1941 2091/1353/1942 2088/750/1939
f 2092/1354/1943 2093/756/1944 2094/755/1945
f 2093/756/1944 2092/1354/1943 2095/757/1946
f 1047/758/1011 2096/761/1947 2097/760/1948
f 2097/760/1948 1048/759/1012 1047/758/1011
f 1052/763/1016 2098/762/1949 2095/757/1946
f 2095/757/1946 2092/1354/1943 1052/763/1016
f 2099/765/1950 2100/764/1951 1715/373/1606
f 1715/373/1606 2101/766/1952 2099/765/1950
f 2102/767/1953 2103/770/1954 2104/769/1955
f 2104/769/1955 2105/768/1956 2102/767/1953
f 2078/741/1929 2106/771/1957 2065/726/1916
f 2107/772/1958 2106/771/1957 2078/741/1929
f 2078/741/1929 2108/773/1959 2107/772/1958
f 2109/774/1960 2110/775/1961 2064/727/1915
f 2064/727/1915 2063/728/1914 2109/774/1960
f 1067/778/1031 2111/777/1962 2112/776/1963
f 2112/776/1963 1068/779/1032 1067/778/1031
f 2113/780/1964 2114/782/1965 2115/781/1966
f 1072/783/1035 1074/785/1037 2116/784/1967
f 2117/788/1968 2118/787/1950 2119/786/1969
f 2119/786/1969 2120/789/1970 2117/788/1968
f 1728/386/1619 1727/352/1618 2121/1355/1971
f 2121/1355/1971 2122/791/1972 1728/386/1619
f 2094/755/1945 2115/781/1966 2092/1354/1943
f 1081/792/1042 2123/795/1973 2124/794/1974
f 2124/794/1974 1082/793/1043 1081/792/1042
f 2125/796/1975 2126/798/1970 2127/797/1969
f 2128/801/1976 2129/800/1977 2130/799/1978
f 2130/799/1978 2131/802/1979 2128/801/1976
f 2086/748/1937 2087/749/1938 2132/803/1980
f 2132/803/1980 2133/804/1981 2086/748/1937
f 2134/805/1982 2135/807/1983 2136/806/1984
f 2132/803/1980 2137/809/1985 2138/808/1977
f 2138/808/1977 2133/804/1981 2132/803/1980
f 1099/810/1056 2139/813/1986 2140/812/1987
f 2140/812/1987 1100/811/1057 1099/810/1056
f 2068/731/1919 2141/814/1988 2069/730/1920
f 2123/795/1973 1081/792/1042 1105/816/1061
f 1105/816/1061 2142/815/1913 2123/795/1973
f 2143/817/1989 2144/819/1990 2073/736/1924
f 2073/736/1924 2145/818/1991 2143/817/1989
f 2146/820/1992 2147/822/1993 2140/812/1987
f 2140/812/1987 2148/821/1994 2146/820/1992
f 2149/825/1995 2150/824/1996 2151/823/1997
f 2151/823/1997 2152/826/1998 2149/825/1995
f 2153/827/1999 1119/830/1075 2154/829/2000
f 2154/829/2000 2155/828/2001 2153/827/1999
f 2080/743/1931 1767/424/1658 2156/831/2002
f 1121/832/1077 1052/763/1016 2092/1354/1943
f 2092/1354/1943 2157/833/2003 1121/832/1077
f 2158/834/2004 2159/837/2005 2160/836/2006
f 2160/836/2006 2161/835/2007 2158/834/2004
f 2162/838/2008 2121/1355/1971 1727/352/1618
f 1727/352/1618 2074/353/1925 2162/838/2008
f 2079/740/1930 2163/840/2009 2164/839/2010
f 2157/833/2003 2092/1354/1943 2165/1356/1971
f 2165/1356/1971 2166/842/2008 2157/833/2003
f 2072/735/1923 2071/734/1922 2060/721/1911
f 2060/721/1911 2059/718/1910 2072/735/1923
f 2167/844/2011 2168/843/2012 2058/719/1909
f 2058/719/1909 2057/720/1908 2167/844/2011
f 2070/733/1921 2169/845/2013 2067/732/1918
f 2066/729/1917 2148/821/1994 2057/720/1908
f 2148/821/1994 2066/729/1917 2146/820/1992
f 2170/846/1918 1136/847/1037 1082/793/1043
f 1082/793/1043 2124/794/1974 2170/846/1918
f 1770/425/1563 2171/848/1927 2156/831/2002
f 2156/831/2002 1767/424/1658 1770/425/1563
f 2098/762/1949 1052/763/1016 1138/849/1090
f 2172/850/2014 2173/851/2015 1728/386/1619
f 1728/386/1619 2122/791/1972 2172/850/2014
f 2115/781/1966 2165/1356/1971 2092/1354/1943
f 2174/853/2016 2175/852/2017 2151/823/1997
f 2151/823/1997 2150/824/1996 2174/853/2016
f 2154/829/2000 2103/770/1954 2102/767/1953
f 2102/767/1953 2155/828/2001 2154/829/2000
f 2176/855/2018 2177/854/2019 2105/768/1956
f 2105/768/1956 2104/769/1955 2176/855/2018
f 2177/854/2019 2176/855/2018 2178/857/2020
f 2178/857/2020 2179/856/2021 2177/854/2019
f 1147/858/1098 2180/861/2022 2181/860/2023
f 2181/860/2023 1148/859/1099 1147/858/1098
f 2148/821/1994 2182/862/2024 2167/844/2011
f 2167/844/2011 2057/720/1908 2148/821/1994
f 2183/1357/2025 1152/863/1103 2161/835/2007
f 2161/835/2007 2160/836/2006 2183/1357/2025
f 2184/1358/2026 2091/1353/1942 2090/1352/1941
f 2090/1352/1941 2185/1359/1106 2184/1358/2026
f 2186/867/2027 2187/870/2028 2188/869/2029
f 2188/869/2029 2189/868/2030 2186/867/2027
f 2186/867/2027 2190/872/2031 2191/871/2032
f 2191/871/2032 2187/870/2028 2186/867/2027
f 2192/873/2033 2193/874/2034 2191/871/2032
f 2191/871/2032 2190/872/2031 2192/873/2033
f 2145/818/1991 2073/736/1924 1813/472/1703
f 1813/472/1703 1812/469/1702 2145/818/1991
f 2081/742/1932 2194/875/2035 1906/566/1788
f 2139/813/1986 2182/862/2024 2148/821/1994
f 2148/821/1994 2140/812/1987 2139/813/1986
f 2096/761/1947 2149/825/1995 2152/826/1998
f 2152/826/1998 2097/760/1948 2096/761/1947
f 2180/861/2022 2178/857/2020 2195/876/1995
f 2195/876/1995 2181/860/2023 2180/861/2022
f 2108/773/1959 2196/878/2036 2197/877/2037
f 2197/877/2037 2107/772/1958 2108/773/1959
f 2100/764/1951 2099/765/1950 2198/879/1906
f 2198/879/1906 2199/880/2038 2100/764/1951
f 2200/882/2039 2201/881/2040 2199/880/2038
f 2199/880/2038 2198/879/1906 2200/882/2039
f 2200/882/2039 2202/884/1910 2203/883/2041
f 2203/883/2041 2201/881/2040 2200/882/2039
f 2204/885/2042 2205/886/2043 2203/883/2041
f 2203/883/2041 2202/884/1910 2204/885/2042
f 2206/887/2044 1658/317/1550 1657/318/1549
f 1657/318/1549 2205/886/2043 2206/887/2044
f 2205/886/2043 2204/885/2042 2207/888/2045
f 2207/888/2045 2206/887/2044 2205/886/2043
f 2208/889/1961 2209/891/2046 2210/890/2047
f 2211/892/2048 2212/894/2009 2213/893/2049
f 2118/787/1950 2117/788/1968 2056/716/1907
f 2056/716/1907 2055/717/1906 2118/787/1950
f 2142/815/1913 2109/774/1960 2214/895/2050
f 2214/895/2050 2123/795/1973 2142/815/1913
f 2123/795/1973 2214/895/2050 2215/896/2051
f 2215/896/2051 2124/794/1974 2123/795/1973
f 2216/897/2052 2170/846/1918 2124/794/1974
f 2124/794/1974 2215/896/2051 2216/897/2052
f 2217/900/2053 2218/899/2054 2219/898/2055
f 2219/898/2055 2220/901/2056 2217/900/2053
f 2221/902/2057 1100/811/1057 2140/812/1987
f 1192/903/1140 2222/906/2058 2223/905/2059
f 2223/905/2059 1193/904/1141 1192/903/1140
f 2111/777/1962 1067/778/1031 1193/904/1141
f 1193/904/1141 2223/905/2059 2111/777/1962
f 1715/373/1606 2100/764/1951 1686/340/1578
f 1686/340/1578 2100/764/1951 2199/880/2038
f 2199/880/2038 1683/339/1575 1686/340/1578
f 2201/881/2040 1680/468/1572 1683/339/1575
f 1683/339/1575 2199/880/2038 2201/881/2040
f 2201/881/2040 2203/883/2041 1721/380/1612
f 1721/380/1612 1680/468/1572 2201/881/2040
f 2205/886/2043 1657/318/1549 1721/380/1612
f 1721/380/1612 2203/883/2041 2205/886/2043
f 1714/374/1605 2224/907/2060 2101/766/1952
f 2225/908/2061 2131/802/1979 2226/909/2062
f 2077/739/1928 2227/911/2063 2228/910/2064
f 2079/740/1930 2229/912/2065 2077/739/1928
f 1152/863/1103 1121/832/1077 2157/833/2003
f 2157/833/2003 2161/835/2007 1152/863/1103
f 2161/835/2007 2157/833/2003 2166/842/2008
f 2166/842/2008 2158/834/2004 2161/835/2007
f 2144/819/1990 2162/838/2008 2074/353/1925
f 2074/353/1925 2073/736/1924 2144/819/1990
f 2074/353/1925 1727/352/1618 1796/351/1686
f 1796/351/1686 1923/1350/1803 2074/353/1925
f 2230/913/2066 2194/875/2035 2081/742/1932
f 2081/742/1932 2231/914/1940 2230/913/2066
f 2080/743/1931 2231/914/1940 2081/742/1932
f 2080/743/1931 2156/831/2002 2232/915/2016
f 2232/915/2016 2231/914/1940 2080/743/1931
f 2171/848/1927 2232/915/2016 2156/831/2002
f 2233/916/2067 2234/917/2068 2076/738/1927
f 2076/738/1927 2075/737/1926 2233/916/2067
f 1812/469/1702 1906/566/1788 2194/875/2035
f 2194/875/2035 2145/818/1991 1812/469/1702
f 2145/818/1991 2194/875/2035 2230/913/2066
f 2230/913/2066 2143/817/1989 2145/818/1991
f 2159/837/2005 2088/750/1939 2091/1353/1942
f 2091/1353/1942 2160/836/2006 2159/837/2005
f 2183/1357/2025 2160/836/2006 2091/1353/1942
f 2091/1353/1942 2184/1358/2026 2183/1357/2025
f 2207/888/2045 2233/916/2067 2075/737/1926
f 2075/737/1926 2206/887/2044 2207/888/2045
f 2167/844/2011 2151/823/1997 2175/852/2017
f 2175/852/2017 2168/843/2012 2167/844/2011
f 2152/826/1998 2151/823/1997 2167/844/2011
f 2167/844/2011 2182/862/2024 2152/826/1998
f 2152/826/1998 2182/862/2024 2139/813/1986
f 2139/813/1986 2097/760/1948 2152/826/1998
f 1048/759/1012 2097/760/1948 2139/813/1986
f 2139/813/1986 1099/810/1056 1048/759/1012
f 1670/329/1562 1658/317/1550 2206/887/2044
f 2206/887/2044 2075/737/1926 1670/329/1562
f 1929/587/1807 1726/1333/1617 1728/386/1619
f 1728/386/1619 2173/851/2015 1929/587/1807
f 2113/780/1964 2115/781/1966 2094/755/1945
f 2094/755/1945 2189/868/2030 2113/780/1964
f 2186/867/2027 2189/868/2030 2094/755/1945
f 2094/755/1945 2093/756/1944 2186/867/2027
f 2186/867/2027 2093/756/1944 2095/757/1946
f 2095/757/1946 2190/872/2031 2186/867/2027
f 2095/757/1946 2098/762/1949 2192/873/2033
f 2192/873/2033 2190/872/2031 2095/757/1946
f 2192/873/2033 2098/762/1949 1138/849/1090
f 1138/849/1090 1207/918/1153 2192/873/2033
f 2235/919/1605 2172/850/2014 2122/791/1972
f 1714/374/1605 2101/766/1952 1715/373/1606
f 1778/433/1668 1777/1338/1667 1682/654/1574
f 1682/654/1574 1681/379/1573 1778/433/1668
f 1685/338/1577 1683/339/1575 1684/655/1576
f 2068/731/1919 2126/798/1970 2125/796/1975
f 2125/796/1975 2141/814/1988 2068/731/1919
f 1074/785/1037 2067/732/1918 2169/845/2013
f 2169/845/2013 2116/784/1967 1074/785/1037
f 2066/729/1917 2057/720/1908 2060/721/1911
f 2071/734/1922 2063/728/1914 2066/729/1917
f 2066/729/1917 2060/721/1911 2071/734/1922
f 2063/728/1914 2071/734/1922 2054/715/1905
f 2054/715/1905 2109/774/1960 2063/728/1914
f 2109/774/1960 2054/715/1905 2056/716/1907
f 2056/716/1907 2214/895/2050 2109/774/1960
f 2117/788/1968 2215/896/2051 2214/895/2050
f 2214/895/2050 2056/716/1907 2117/788/1968
f 2215/896/2051 2117/788/1968 2120/789/1970
f 2120/789/1970 2216/897/2052 2215/896/2051
f 2065/726/1916 2064/727/1915 2079/740/1930
f 2079/740/1930 2078/741/1929 2065/726/1916
f 2163/840/2009 2079/740/1930 2064/727/1915
f 2064/727/1915 2110/775/1961 2163/840/2009
f 2208/889/1961 2210/890/2047 2213/893/2049
f 2213/893/2049 2212/894/2009 2208/889/1961
f 1012/723/976 1068/779/1032 2112/776/1963
f 2112/776/1963 2061/722/1912 1012/723/976
f 2236/806/2010 2237/920/2069 2135/807/1983
f 2236/806/2010 2238/921/2070 2237/920/2069
f 2079/740/1930 2164/839/2010 2229/912/2065
f 2237/920/2069 2238/921/2070 2136/806/1984
f 2229/912/2065 2227/911/2063 2077/739/1928
f 2164/839/2010 2227/911/2063 2229/912/2065
f 2078/741/1929 2077/739/1928 2086/748/1937
f 2146/820/1992 2066/729/1917 2065/726/1916
f 2065/726/1916 2106/771/1957 2146/820/1992
f 2147/822/1993 2146/820/1992 2106/771/1957
f 2106/771/1957 2107/772/1958 2147/822/1993
f 2221/902/2057 2147/822/1993 2107/772/1958
f 2107/772/1958 2197/877/2037 2221/902/2057
f 2222/906/2058 2220/901/2056 2219/898/2055
f 2219/898/2055 2223/905/2059 2222/906/2058
f 2211/892/2048 2084/744/1935 2239/922/2071
f 2239/922/2071 2240/924/2072 2241/923/2073
f 2225/908/2061 2226/909/2062 2242/925/2074
f 2111/777/1962 2223/905/2059 2082/746/1933
f 2082/746/1933 2085/747/1936 2111/777/1962
f 2111/777/1962 2085/747/1936 2213/893/2049
f 2213/893/2049 2112/776/1963 2111/777/1962
f 2210/890/2047 2061/722/1912 2213/893/2049
f 2062/725/1913 2061/722/1912 2210/890/2047
f 2210/890/2047 2209/891/2046 2062/725/1913
f 2085/747/1936 2084/744/1935 2211/892/2048
f 2211/892/2048 2213/893/2049 2085/747/1936
f 2212/894/2009 2211/892/2048 2239/922/2071
f 2061/722/1912 2112/776/1963 2213/893/2049
f 2236/806/2010 2135/807/1983 2134/805/1982
f 2108/773/1959 2078/741/1929 2086/748/1937
f 2086/748/1937 2133/804/1981 2108/773/1959
f 2133/804/1981 2138/808/1977 2196/878/2036
f 2196/878/2036 2108/773/1959 2133/804/1981
f 2128/801/1976 2218/899/2054 2217/900/2053
f 2225/908/2061 2218/899/2054 2128/801/1976
f 2083/745/1934 2240/924/2072 2084/744/1935
f 2239/922/2071 2084/744/1935 2240/924/2072
f 2225/908/2061 2128/801/1976 2131/802/1979
f 2217/900/2053 2243/926/2075 2129/800/1977
f 2129/800/1977 2128/801/1976 2217/900/2053
f 2243/926/2075 2217/900/2053 2220/901/2056
f 2220/901/2056 2244/927/2037 2243/926/2075
f 2244/927/2037 2220/901/2056 2222/906/2058
f 2222/906/2058 2245/928/2076 2244/927/2037
f 2245/928/2076 2222/906/2058 1192/903/1140
f 1192/903/1140 1219/929/1057 2245/928/2076
f 2221/902/2057 2140/812/1987 2147/822/1993
f 2077/739/1928 2228/910/2064 2246/930/2077
f 2176/855/2018 2247/931/2078 2195/876/1995
f 2195/876/1995 2178/857/2020 2176/855/2018
f 2247/931/2078 2176/855/2018 2104/769/1955
f 2104/769/1955 2248/932/2016 2247/931/2078
f 2103/770/1954 2089/753/1940 2248/932/2016
f 2248/932/2016 2104/769/1955 2103/770/1954
f 2090/1352/1941 2089/753/1940 2103/770/1954
f 2103/770/1954 2154/829/2000 2090/1352/1941
f 1119/830/1075 2185/1359/1106 2090/1352/1941
f 2090/1352/1941 2154/829/2000 1119/830/1075
f 2179/856/2021 2178/857/2020 2180/861/2022
f 2179/856/2021 2180/861/2022 1147/858/1098
f 1147/858/1098 1223/933/1161 2179/856/2021
f 2077/739/1928 2246/930/2077 2087/749/1938
f 2218/899/2054 2242/925/2074 2083/745/1934
f 2219/898/2055 2218/899/2054 2083/745/1934
f 2083/745/1934 2082/746/1933 2219/898/2055
f 2223/905/2059 2219/898/2055 2082/746/1933
f 2242/925/2074 2240/924/2072 2083/745/1934
f 2241/923/2073 2240/924/2072 2242/925/2074
f 2242/925/2074 2226/909/2062 2241/923/2073
f 2249/934/2079 2241/923/2073 2226/909/2062
f 2218/899/2054 2225/908/2061 2242/925/2074
f 2125/796/1975 2250/936/1965 2251/935/2080
f 2251/935/2080 2252/937/2081 2125/796/1975
f 2253/938/2082 2254/941/2083 2255/1360/2084
f 2255/1360/2084 2256/1361/2085 2253/938/2082
f 2257/942/2086 2258/945/2087 2259/944/2088
f 2259/944/2088 2260/943/2089 2257/942/2086
f 1238/948/1175 2261/947/2090 2262/946/2091
f 2262/946/2091 1239/949/1176 1238/948/1175
f 2263/950/2092 2264/952/2093 2265/951/2094
f 2266/953/2095 2267/956/2096 2268/955/2097
f 2268/955/2097 2269/954/2098 2266/953/2095
f 2270/957/2099 2271/959/2100 2272/958/2101
f 2273/960/2102 2259/944/2088 2258/945/2087
f 2258/945/2087 2274/961/2103 2273/960/2102
f 2275/964/2104 2276/963/2105 2277/962/2106
f 2277/962/2106 2278/965/2107 2275/964/2104
f 2279/968/2108 2280/967/2109 2281/966/2110
f 2281/966/2110 2282/969/2111 2279/968/2108
f 2283/971/2112 2278/965/2107 2284/970/2113
f 2284/970/2113 2285/972/2114 2283/971/2112
f 2284/970/2113 2259/944/2088 2273/960/2102
f 2273/960/2102 2286/973/2115 2284/970/2113
f 2281/966/2110 2280/967/2109 2287/974/2116
f 2288/975/2117 1267/977/1203 2289/976/2118
f 1268/978/1204 1271/981/1207 2290/980/2119
f 2290/980/2119 2291/979/2120 1268/978/1204
f 2292/982/2121 2193/874/2034 2192/873/2033
f 2272/958/2101 2271/959/2100 2269/954/2098
f 2269/954/2098 2268/955/2097 2272/958/2101
f 2293/983/2122 2294/985/2123 2295/984/2124
f 2296/986/2125 2297/989/2126 2298/988/2127
f 2298/988/2127 2299/987/2128 2296/986/2125
f 2300/990/2129 2301/992/2130 2302/991/2131
f 2282/969/2111 2303/994/2132 2304/993/2133
f 2304/993/2133 2279/968/2108 2282/969/2111
f 2258/945/2087 2257/942/2086 2256/1361/2085
f 2256/1361/2085 2255/1360/2084 2258/945/2087
f 2302/991/2131 2301/992/2130 2305/995/2134
f 2290/980/2119 2306/996/2135 2292/982/2121
f 2292/982/2121 2291/979/2120 2290/980/2119
f 2294/985/2123 2274/961/2103 2295/984/2124
f 2307/997/2136 2308/1000/2137 2309/999/2138
f 2309/999/2138 2310/998/2139 2307/997/2136
f 2311/1001/2140 2275/964/2104 2278/965/2107
f 2278/965/2107 2283/971/2112 2311/1001/2140
f 2312/1002/2141 2313/1004/2142 2314/1003/2143
f 2295/984/2124 2315/1006/2144 2316/1005/2145
f 2296/986/2125 2317/1007/2146 2276/963/2105
f 2276/963/2105 2275/964/2104 2296/986/2125
f 1267/977/1203 1299/1009/1235 2318/1008/2147
f 2280/967/2109 2319/1011/2148 2320/1010/2149
f 2279/968/2108 2269/954/2098 2280/967/2109
f 2269/954/2098 2279/968/2108 2304/993/2133
f 2304/993/2133 2266/953/2095 2269/954/2098
f 2321/1012/2150 2254/941/2083 2322/1013/2151
f 2288/975/2117 2321/1012/2150 2322/1013/2151
f 2322/1013/2151 2254/941/2083 2253/938/2082
f 2253/938/2082 2306/996/2135 2322/1013/2151
f 1207/918/1153 1268/978/1204 2291/979/2120
f 2291/979/2120 2192/873/2033 1207/918/1153
f 2192/873/2033 2291/979/2120 2292/982/2121
f 2323/1014/2152 2298/988/2127 2297/989/2126
f 2324/1015/2093 2297/989/2126 2311/1001/2140
f 2288/975/2117 2322/1013/2151 2306/996/2135
f 2306/996/2135 2290/980/2119 2288/975/2117
f 1267/977/1203 2288/975/2117 2290/980/2119
f 2290/980/2119 1271/981/1207 1267/977/1203
f 2253/938/2082 2193/874/2034 2292/982/2121
f 2292/982/2121 2306/996/2135 2253/938/2082
f 2193/874/2034 2253/938/2082 2256/1361/2085
f 2256/1361/2085 2191/871/2032 2193/874/2034
f 2257/942/2086 2191/871/2032 2256/1361/2085
f 2325/1016/2153 2189/868/2030 2188/869/2029
f 2326/1017/2154 2113/780/1964 2189/868/2030
f 2189/868/2030 2325/1016/2153 2326/1017/2154
f 2113/780/1964 2326/1017/2154 2327/1018/2155
f 2327/1018/2155 2114/782/1965 2113/780/1964
f 2274/961/2103 2258/945/2087 2255/1360/2084
f 2255/1360/2084 2295/984/2124 2274/961/2103
f 2255/1360/2084 2328/1362/2156 2295/984/2124
f 2254/941/2083 2328/1362/2156 2255/1360/2084
f 2329/1020/2152 2330/1021/2157 2263/950/2092
f 2069/730/1920 2308/1000/2137 2307/997/2136
f 2267/956/2096 2266/953/2095 2169/845/2013
f 2169/845/2013 2070/733/1921 2267/956/2096
f 2304/993/2133 2169/845/2013 2266/953/2095
f 2116/784/1967 2169/845/2013 2304/993/2133
f 2304/993/2133 2303/994/2132 2116/784/1967
f 2331/1022/2158 1313/1023/1246 1072/783/1035
f 2332/1024/2159 2333/1027/2160 2334/1026/2161
f 2334/1026/2161 2335/1025/2162 2332/1024/2159
f 2263/950/2092 2265/951/2094 2336/1028/2163
f 2336/1028/2163 2333/1027/2160 2263/950/2092
f 2265/951/2094 2337/1029/2164 2314/1003/2143
f 2336/1028/2163 2309/999/2138 2308/1000/2137
f 2308/1000/2137 2338/1030/2165 2336/1028/2163
f 2252/937/2081 2339/1031/2166 2141/814/1988
f 2141/814/1988 2125/796/1975 2252/937/2081
f 2340/1032/2167 2323/1014/2152 2297/989/2126
f 2341/1033/2127 2329/1020/2152 2263/950/2092
f 2340/1032/2167 2297/989/2126 2324/1015/2093
f 2263/950/2092 2330/1021/2157 2264/952/2093
f 2309/999/2138 2313/1004/2142 2310/998/2139
f 2309/999/2138 2314/1003/2143 2313/1004/2142
f 2265/951/2094 2314/1003/2143 2309/999/2138
f 2309/999/2138 2336/1028/2163 2265/951/2094
f 2333/1027/2160 2336/1028/2163 2338/1030/2165
f 2338/1030/2165 2334/1026/2161 2333/1027/2160
f 2341/1033/2127 2263/950/2092 2333/1027/2160
f 2333/1027/2160 2332/1024/2159 2341/1033/2127
f 2317/1007/2146 2296/986/2125 2299/987/2128
f 2299/987/2128 2342/1034/2162 2317/1007/2146
f 2297/989/2126 2296/986/2125 2275/964/2104
f 2275/964/2104 2311/1001/2140 2297/989/2126
f 2069/730/1920 2141/814/1988 2339/1031/2166
f 2337/1029/2164 2343/1035/2168 2314/1003/2143
f 2344/1036/2169 2345/1037/2170 2283/971/2112
f 2346/1038/2171 2283/971/2112 2285/972/2114
f 2345/1037/2170 2311/1001/2140 2283/971/2112
f 2344/1036/2169 2283/971/2112 2346/1038/2171
f 2343/1035/2168 2312/1002/2141 2314/1003/2143
f 2347/1039/2172 2302/991/2131 2348/1040/2173
f 2310/998/2139 2302/991/2131 2305/995/2134
f 2305/995/2134 2307/997/2136 2310/998/2139
f 2349/1041/2174 2272/958/2101 2350/1042/2122
f 2351/1043/2175 2272/958/2101 2268/955/2097
f 2268/955/2097 2301/992/2130 2351/1043/2175
f 2301/992/2130 2268/955/2097 2267/956/2096
f 2267/956/2096 2305/995/2134 2301/992/2130
f 2305/995/2134 2267/956/2096 2070/733/1921
f 2286/973/2115 2273/960/2102 2352/1044/2176
f 2353/1045/2177 2352/1044/2176 2273/960/2102
f 2354/1046/2178 2273/960/2102 2274/961/2103
f 2302/991/2131 2347/1039/2172 2355/1047/2179
f 2302/991/2131 2310/998/2139 2348/1040/2173
f 2300/990/2129 2302/991/2131 2355/1047/2179
f 2307/997/2136 2305/995/2134 2070/733/1921
f 2070/733/1921 2069/730/1920 2307/997/2136
f 2316/1005/2145 2293/983/2122 2295/984/2124
f 2295/984/2124 2356/1048/2180 2315/1006/2144
f 2272/958/2101 2351/1043/2175 2350/1042/2122
f 2349/1041/2174 2270/957/2099 2272/958/2101
f 2280/967/2109 2269/954/2098 2319/1011/2148
f 2254/941/2083 2357/1050/2149 2358/1049/2181
f 2359/1051/2116 2357/1050/2149 2254/941/2083
f 2287/974/2116 2280/967/2109 2320/1010/2149
f 2321/1012/2150 2359/1051/2116 2254/941/2083
f 2254/941/2083 2358/1049/2181 2328/1362/2156
f 2328/1362/2156 2356/1048/2180 2295/984/2124
f 2262/946/2091 2261/947/2090 2360/1052/2182
f 2360/1052/2182 2361/1053/2183 2262/946/2091
f 2331/1022/2158 2303/994/2132 2282/969/2111
f 2282/969/2111 2362/1054/2184 2331/1022/2158
f 2303/994/2132 2331/1022/2158 1072/783/1035
f 1072/783/1035 2116/784/1967 2303/994/2132
f 1313/1023/1246 2331/1022/2158 2362/1054/2184
f 2362/1054/2184 1345/1055/1274 1313/1023/1246
f 1239/949/1176 2262/946/2091 2361/1053/2183
f 2361/1053/2183 1346/1056/1275 1239/949/1176
f 2069/730/1920 2339/1031/2166 2338/1030/2165
f 2338/1030/2165 2308/1000/2137 2069/730/1920
f 2334/1026/2161 2338/1030/2165 2339/1031/2166
f 2339/1031/2166 2252/937/2081 2334/1026/2161
f 2252/937/2081 2251/935/2080 2335/1025/2162
f 2335/1025/2162 2334/1026/2161 2252/937/2081
f 2326/1017/2154 2317/1007/2146 2342/1034/2162
f 2342/1034/2162 2327/1018/2155 2326/1017/2154
f 2317/1007/2146 2326/1017/2154 2325/1016/2153
f 2325/1016/2153 2276/963/2105 2317/1007/2146
f 2276/963/2105 2325/1016/2153 2188/869/2029
f 2188/869/2029 2277/962/2106 2276/963/2105
f 2277/962/2106 2188/869/2029 2363/1057/2185
f 2363/1057/2185 2188/869/2029 2187/870/2028
f 2187/870/2028 2260/943/2089 2363/1057/2185
f 2191/871/2032 2257/942/2086 2260/943/2089
f 2260/943/2089 2187/870/2028 2191/871/2032
f 2360/1052/2182 2261/947/2090 2362/1054/2184
f 2362/1054/2184 2282/969/2111 2360/1052/2182
f 1345/1055/1274 2362/1054/2184 2261/947/2090
f 2261/947/2090 1238/948/1175 1345/1055/1274
f 1267/977/1203 2318/1008/2147 2289/976/2118
f 1753/408/1644 1717/375/1608 1716/372/1607
f 1716/372/1607 1750/407/1641 1753/408/1644
f 1686/340/1578 1750/407/1641 1716/372/1607
f 2135/807/1983 2237/920/2069 2136/806/1984
f 2131/802/1979 2249/934/2079 2226/909/2062
f 1634/295/1526 1633/296/1525 2364/1058/1524
f 2364/1058/1524 1845/501/1732 1634/295/1526
f 2010/670/1655 1851/508/1737 1850/506/1654
f 2105/768/1956 2177/854/2019 2365/1060/2186
f 2365/1060/2186 2366/1059/2187 2105/768/1956
f 2367/1061/2188 2153/827/1999 2155/828/2001
f 2155/828/2001 2368/1062/2189 2367/1061/2188
f 1223/933/1161 1354/1064/1282 2369/1063/2190
f 2369/1063/2190 2179/856/2021 1223/933/1161
f 2102/767/1953 2105/768/1956 2366/1059/2187
f 2366/1059/2187 2370/1065/2191 2102/767/1953
f 2179/856/2021 2369/1063/2190 2365/1060/2186
f 2365/1060/2186 2177/854/2019 2179/856/2021
f 2370/1065/2191 2368/1062/2189 2155/828/2001
f 2155/828/2001 2102/767/1953 2370/1065/2191
f 2371/1066/2192 2372/1067/2193 2367/1061/2188
f 2367/1061/2188 2368/1062/2189 2371/1066/2192
f 2373/1068/2194 2371/1066/2192 2368/1062/2189
f 2368/1062/2189 2370/1065/2191 2373/1068/2194
f 2366/1059/2187 2374/1069/2195 2373/1068/2194
f 2373/1068/2194 2370/1065/2191 2366/1059/2187
f 2375/1070/2196 2374/1069/2195 2366/1059/2187
f 2366/1059/2187 2365/1060/2186 2375/1070/2196
f 2376/1071/2197 2375/1070/2196 2365/1060/2186
f 2365/1060/2186 2369/1063/2190 2376/1071/2197
f 1354/1064/1282 1362/1072/1290 2376/1071/2197
f 2376/1071/2197 2369/1063/2190 1354/1064/1282
f 2377/1073/2198 2378/1076/2199 2379/1075/2200
f 2379/1075/2200 2380/1074/2201 2377/1073/2198
f 2381/1079/2202 2382/1078/2203 2383/1077/2204
f 2383/1077/2204 2384/1080/2205 2381/1079/2202
f 2385/1081/2206 2386/1084/2207 2387/1083/2208
f 2387/1083/2208 2388/1082/2209 2385/1081/2206
f 2389/1085/2210 2390/1088/2211 2391/1087/2212
f 2391/1087/2212 2392/1086/2213 2389/1085/2210
f 2393/1089/2214 2394/1092/2215 2395/1091/2216
f 2395/1091/2216 2396/1090/2217 2393/1089/2214
f 2397/1093/2218 2398/1095/2219 2399/1094/2220
f 2398/1095/2219 2400/1097/2221 2401/1096/2064
f 2402/1100/2222 2403/1099/2223 2404/1098/2224
f 2404/1098/2224 2405/1101/2204 2402/1100/2222
f 2406/1102/2225 2407/1104/2226 2408/1103/2227
f 2409/1105/2228 2410/1108/2229 2411/1107/2230
f 2411/1107/2230 2412/1106/2231 2409/1105/2228
f 2413/1109/2232 2414/1112/2233 2415/1111/2234
f 2415/1111/2234 2416/1110/2235 2413/1109/2232
f 2417/1113/2236 2418/1116/2237 2419/1115/2238
f 2419/1115/2238 2420/1114/2239 2417/1113/2236
f 2421/1119/2240 2422/1118/2241 2423/1117/2242
f 2423/1117/2242 2424/1120/2212 2421/1119/2240
f 2425/1123/2243 2426/1122/2244 2427/1121/2245
f 2427/1121/2245 2428/1124/2246 2425/1123/2243
f 2390/1088/2211 2429/1126/2247 2430/1125/2248
f 2430/1125/2248 2391/1087/2212 2390/1088/2211
f 2431/1127/2249 2432/1129/1985 2433/1128/2250
f 2434/1130/2251 2435/1132/2252 2436/1131/2253
f 2437/1133/2254 2438/1136/2255 2439/1135/2256
f 2439/1135/2256 2440/1134/2257 2437/1133/2254
f 2441/1139/2258 2442/1138/2259 2443/1137/2260
f 2443/1137/2260 2444/1140/2261 2441/1139/2258
f 2445/1143/2262 2446/1142/2263 2447/1141/2257
f 2447/1141/2257 2448/1144/2264 2445/1143/2262
f 2449/1146/2265 2450/1145/2266 2403/1099/2223
f 2403/1099/2223 2402/1100/2222 2449/1146/2265
f 2451/1149/2267 2452/1148/2268 2453/1147/2269
f 2453/1147/2269 2454/1150/2270 2451/1149/2267
f 2455/1151/2271 2456/1154/2272 2457/1153/2273
f 2457/1153/2273 2458/1152/2274 2455/1151/2271
f 2452/1148/2268 2459/1155/2246 2409/1105/2228
f 2409/1105/2228 2412/1106/2231 2452/1148/2268
f 2460/1158/2275 2461/1157/2276 2462/1156/2277
f 2462/1156/2277 2463/1159/2278 2460/1158/2275
f 2464/1160/2279 2465/1162/2280 2466/1161/2281
f 2467/1163/1938 2468/1165/2282 2469/1164/2283
f 2463/1159/2278 2462/1156/2277 2470/1167/2284
f 2470/1167/2284 2471/1166/2285 2463/1159/2278
f 2472/1168/2286 2473/1170/2287 2474/1169/2288
f 2394/1092/2215 2393/1089/2214 2475/1172/2289
f 2475/1172/2289 2476/1171/2256 2394/1092/2215
f 2477/1174/2290 2478/1173/2291 2381/1079/2202
f 2381/1079/2202 2384/1080/2205 2477/1174/2290
f 2479/1175/2292 2385/1081/2206 2388/1082/2209
f 2388/1082/2209 2480/1176/2293 2479/1175/2292
f 2481/1179/2294 2482/1178/2295 2483/1177/2296
f 2483/1177/2296 2484/1180/2297 2481/1179/2294
f 2485/1181/2298 2486/1184/2299 2487/1183/2300
f 2487/1183/2300 2488/1182/2301 2485/1181/2298
f 2489/1185/2302 2377/1073/2198 2380/1074/2201
f 2380/1074/2201 2490/1186/2303 2489/1185/2302
f 2491/1187/2304 2492/1189/2305 2493/1188/2306
f 2494/1190/2307 2495/1192/2308 2496/1191/2309
f 2434/1130/2251 2436/1131/2253 2396/1090/2217
f 2396/1090/2217 2395/1091/2216 2434/1130/2251
f 2497/1193/2310 2498/1195/2311 2499/1194/2312
f 2500/1196/2313 2501/1198/2314 2502/1197/2315
f 2422/1118/2241 2421/1119/2240 2503/1200/2316
f 2503/1200/2316 2504/1199/2317 2422/1118/2241
f 2505/1202/2318 2506/1201/2319 2420/1114/2239
f 2420/1114/2239 2419/1115/2238 2505/1202/2318
f 2507/1203/2320 2471/1166/2285 2470/1167/2284
f 2470/1167/2284 2508/1204/2321 2507/1203/2320
f 2509/1205/2322 2510/1206/2323 2418/1116/2237
f 2418/1116/2237 2417/1113/2236 2509/1205/2322
f 2511/1207/2324 2512/1208/2325 2450/1145/2266
f 2450/1145/2266 2449/1146/2265 2511/1207/2324
f 2378/1076/2199 2513/1210/2326 2514/1209/2327
f 2514/1209/2327 2379/1075/2200 2378/1076/2199
f 2515/1211/1985 2516/1212/2309 2399/1094/2220
f 2517/1213/2328 2439/1135/2256 2438/1136/2255
f 2438/1136/2255 2518/1214/2329 2517/1213/2328
f 2519/1215/2330 2520/1217/2331 2521/1216/2332
f 2522/1218/2333 2493/1188/2306 2523/1219/2334
f 2524/1220/2288 2525/1194/2335 2526/1221/2336
f 2527/1222/2337 2528/1225/2338 2529/1224/2339
f 2529/1224/2339 2530/1223/2340 2527/1222/2337
f 2513/1210/2326 2531/1226/2341 2514/1209/2327
f 2485/1181/2298 2488/1182/2301 2532/1227/2342
f 2532/1227/2342 2531/1226/2341 2485/1181/2298
f 2486/1184/2299 2517/1213/2328 2518/1214/2329
f 2518/1214/2329 2487/1183/2300 2486/1184/2299
f 2443/1137/2260 2442/1138/2259 2479/1175/2292
f 2479/1175/2292 2480/1176/2293 2443/1137/2260
f 2533/1228/2343 2489/1185/2302 2490/1186/2303
f 2490/1186/2303 2534/1229/2344 2533/1228/2343
f 2535/1230/2345 2389/1085/2210 2392/1086/2213
f 2392/1086/2213 2536/1231/2346 2535/1230/2345
f 2537/1233/2347 2538/1232/2348 2457/1153/2273
f 2457/1153/2273 2456/1154/2272 2537/1233/2347
f 2411/1107/2230 2410/1108/2229 2539/1234/2349
f 2539/1234/2349 2540/1235/2350 2411/1107/2230
f 2541/1236/2351 2542/1238/2352 2543/1237/2353
f 2414/1112/2233 2413/1109/2232 2424/1120/2212
f 2424/1120/2212 2423/1117/2242 2414/1112/2233
f 2544/1241/2354 2545/1240/2355 2546/1239/2356
f 2546/1239/2356 2547/1242/2357 2544/1241/2354
f 2478/1173/2291 2546/1239/2356 2545/1240/2355
f 2545/1240/2355 2381/1079/2202 2478/1173/2291
f 2548/1243/2358 2543/1237/2353 2549/1244/2359
f 2428/1124/2246 2427/1121/2245 2538/1232/2348
f 2538/1232/2348 2537/1233/2347 2428/1124/2246
f 2398/1095/2219 2515/1211/1985 2399/1094/2220
f 2431/1127/2249 2433/1128/2250 2550/1245/2338
f 2551/1190/2360 2528/1225/2338 2527/1222/2337
f 2477/1174/2290 2508/1204/2321 2470/1167/2284
f 2470/1167/2284 2478/1173/2291 2477/1174/2290
f 2462/1156/2277 2546/1239/2356 2478/1173/2291
f 2478/1173/2291 2470/1167/2284 2462/1156/2277
f 2461/1157/2276 2547/1242/2357 2546/1239/2356
f 2546/1239/2356 2462/1156/2277 2461/1157/2276
f 2548/1243/2358 2541/1236/2351 2543/1237/2353
f 2552/1246/2361 2507/1203/2320 2508/1204/2321
f 2508/1204/2321 2553/1222/2362 2552/1246/2361
f 2477/1174/2290 2494/1190/2307 2527/1222/2363
f 2527/1222/2363 2508/1204/2321 2477/1174/2290
f 2477/1174/2290 2384/1080/2205 2495/1192/2308
f 2495/1192/2308 2494/1190/2307 2477/1174/2290
f 2554/1248/2364 2555/1247/2365 2405/1101/2204
f 2405/1101/2204 2404/1098/2224 2554/1248/2364
f 2406/1102/2225 2446/1142/2263 2445/1143/2262
f 2556/1249/2361 2406/1102/2225 2554/1248/2364
f 2556/1249/2361 2554/1248/2364 2404/1098/2224
f 2404/1098/2224 2557/1250/2320 2556/1249/2361
f 2403/1099/2223 2558/1251/2366 2557/1250/2320
f 2557/1250/2320 2404/1098/2224 2403/1099/2223
f 2450/1145/2266 2559/1252/2367 2558/1251/2366
f 2558/1251/2366 2403/1099/2223 2450/1145/2266
f 2560/1253/2368 2559/1252/2367 2450/1145/2266
f 2450/1145/2266 2512/1208/2325 2560/1253/2368
f 2519/1215/2330 2561/1254/2352 2520/1217/2331
f 2550/1245/2338 2562/1163/2369 2469/1164/2370
f 2495/1192/2308 2563/1256/2365 2564/1255/2371
f 2384/1080/2205 2383/1077/2204 2563/1256/2365
f 2563/1256/2365 2495/1192/2308 2384/1080/2205
f 2381/1079/2202 2545/1240/2355 2565/1257/2372
f 2565/1257/2372 2382/1078/2203 2381/1079/2202
f 2545/1240/2355 2544/1241/2354 2566/1258/2373
f 2566/1258/2373 2565/1257/2372 2545/1240/2355
f 2543/1237/2353 2567/1259/2374 2549/1244/2359
f 2432/1129/1985 2431/1127/2249 2568/1260/2375
f 2496/1191/2309 2495/1192/2308 2564/1255/2371
f 2564/1255/2371 2569/1261/2376 2496/1191/2309
f 2570/1263/2377 2571/1262/2378 2534/1229/2344
f 2534/1229/2344 2490/1186/2303 2570/1263/2377
f 2380/1074/2201 2572/1264/2379 2570/1263/2377
f 2570/1263/2377 2490/1186/2303 2380/1074/2201
f 2379/1075/2200 2573/1265/2380 2572/1264/2379
f 2572/1264/2379 2380/1074/2201 2379/1075/2200
f 2379/1075/2200 2514/1209/2327 2532/1227/2342
f 2532/1227/2342 2573/1265/2380 2379/1075/2200
f 2531/1226/2341 2532/1227/2342 2514/1209/2327
f 2488/1182/2301 2487/1183/2300 2573/1265/2380
f 2573/1265/2380 2532/1227/2342 2488/1182/2301
f 2518/1214/2329 2572/1264/2379 2573/1265/2380
f 2573/1265/2380 2487/1183/2300 2518/1214/2329
f 2438/1136/2255 2570/1263/2377 2572/1264/2379
f 2572/1264/2379 2518/1214/2329 2438/1136/2255
f 2571/1262/2378 2570/1263/2377 2438/1136/2255
f 2438/1136/2255 2437/1133/2254 2571/1262/2378
f 2533/1228/2343 2534/1229/2344 2574/1266/2371
f 2574/1266/2371 2575/1267/2381 2533/1228/2343
f 2571/1262/2378 2576/1268/2382 2574/1266/2371
f 2574/1266/2371 2534/1229/2344 2571/1262/2378
f 2576/1268/2382 2571/1262/2378 2437/1133/2254
f 2437/1133/2254 2577/1269/2383 2576/1268/2382
f 2577/1269/2383 2437/1133/2254 2440/1134/2257
f 2440/1134/2257 2578/1270/2263 2577/1269/2383
f 2400/1097/2221 2398/1095/2219 2397/1093/2218
f 2482/1178/2295 2579/1272/2384 2580/1271/2385
f 2581/1273/2386 2579/1272/2384 2482/1178/2295
f 2482/1178/2295 2481/1179/2294 2581/1273/2386
f 2444/1140/2261 2443/1137/2260 2582/1274/2387
f 2582/1274/2387 2583/1275/2388 2444/1140/2261
f 2443/1137/2260 2480/1176/2293 2584/1276/2389
f 2584/1276/2389 2582/1274/2387 2443/1137/2260
f 2388/1082/2209 2453/1147/2269 2584/1276/2389
f 2584/1276/2389 2480/1176/2293 2388/1082/2209
f 2585/1277/2390 2483/1177/2296 2482/1178/2295
f 2482/1178/2295 2580/1271/2385 2585/1277/2390
f 2453/1147/2269 2388/1082/2209 2387/1083/2208
f 2387/1083/2208 2454/1150/2270 2453/1147/2269
f 2522/1218/2333 2491/1187/2304 2493/1188/2306
f 2453/1147/2269 2452/1148/2268 2412/1106/2231
f 2412/1106/2231 2584/1276/2389 2453/1147/2269
f 2411/1107/2230 2582/1274/2387 2584/1276/2389
f 2584/1276/2389 2412/1106/2231 2411/1107/2230
f 2582/1274/2387 2411/1107/2230 2540/1235/2350
f 2540/1235/2350 2583/1275/2388 2582/1274/2387
f 2581/1273/2386 2465/1162/2280 2464/1160/2279
f 2464/1160/2279 2579/1272/2384 2581/1273/2386
f 2467/1163/1938 2586/1278/2391 2468/1165/2282
f 2451/1149/2267 2587/1279/2243 2459/1155/2246
f 2459/1155/2246 2452/1148/2268 2451/1149/2267
f 2493/1188/2306 2588/1280/2392 2523/1219/2334
f 2589/1281/2393 2406/1102/2225 2408/1103/2227
f 2455/1151/2271 2458/1152/2274 2589/1281/2393
f 2589/1281/2393 2408/1103/2227 2455/1151/2271
f 2481/1179/2294 2484/1180/2297 2441/1139/2258
f 2441/1139/2258 2444/1140/2261 2481/1179/2294
f 2481/1179/2294 2444/1140/2261 2583/1275/2388
f 2583/1275/2388 2581/1273/2386 2481/1179/2294
f 2583/1275/2388 2540/1235/2350 2465/1162/2280
f 2465/1162/2280 2581/1273/2386 2583/1275/2388
f 2465/1162/2280 2540/1235/2350 2539/1234/2349
f 2539/1234/2349 2590/1282/2394 2465/1162/2280
f 2464/1160/2279 2466/1161/2281 2591/1283/2339
f 2414/1112/2233 2592/1114/2395 2593/1201/2396
f 2593/1201/2396 2415/1111/2234 2414/1112/2233
f 2592/1114/2395 2414/1112/2233 2423/1117/2242
f 2423/1117/2242 2594/1113/2397 2592/1114/2395
f 2422/1118/2241 2595/1205/2398 2594/1113/2397
f 2594/1113/2397 2423/1117/2242 2422/1118/2241
f 2510/1206/2323 2509/1205/2322 2596/1284/2399
f 2596/1284/2399 2597/1285/2400 2510/1206/2323
f 2595/1205/2398 2422/1118/2241 2504/1199/2317
f 2504/1199/2317 2598/1284/2401 2595/1205/2398
f 2525/1194/2335 2599/1195/2402 2526/1221/2336
f 2600/1287/2403 2601/1286/2404 2506/1201/2319
f 2506/1201/2319 2505/1202/2318 2600/1287/2403
f 2407/1104/2226 2535/1230/2345 2602/1231/2405
f 2602/1231/2405 2408/1103/2227 2407/1104/2226
f 2603/1289/2406 2604/1288/2227 2416/1110/2235
f 2416/1110/2235 2415/1111/2234 2603/1289/2406
f 2593/1201/2396 2605/1286/2407 2606/1289/2408
f 2606/1289/2408 2415/1111/2234 2593/1201/2396
f 2607/1290/2316 2430/1125/2248 2429/1126/2247
f 2429/1126/2247 2608/1291/2409 2607/1290/2316
f 2527/1222/2337 2530/1223/2340 2609/1246/2410
f 2610/1292/2411 2600/1287/2403 2505/1202/2318
f 2505/1202/2318 2611/1293/2412 2610/1292/2411
f 2611/1293/2412 2505/1202/2318 2612/1115/2413
f 2612/1115/2413 2613/1294/2414 2611/1293/2412
f 2418/1116/2237 2614/1295/2415 2613/1294/2414
f 2613/1294/2414 2419/1115/2238 2418/1116/2237
f 2615/1296/2416 2614/1295/2415 2418/1116/2237
f 2418/1116/2237 2510/1206/2323 2615/1296/2416
f 2498/1195/2311 2497/1193/2310 2597/1285/2400
f 2597/1285/2400 2596/1284/2399 2498/1195/2311
f 2526/1221/2336 2599/1195/2402 2598/1284/2401
f 2598/1284/2401 2504/1199/2317 2526/1221/2336
f 2524/1220/2288 2526/1221/2336 2504/1199/2317
f 2504/1199/2317 2503/1200/2316 2524/1220/2288
f 2608/1291/2409 2472/1168/2286 2474/1169/2288
f 2474/1169/2288 2607/1290/2316 2608/1291/2409
f 2616/1297/2417 2615/1296/2416 2510/1206/2323
f 2510/1206/2323 2597/1285/2400 2616/1297/2417
f 2497/1193/2310 2617/1298/2418 2616/1297/2417
f 2616/1297/2417 2597/1285/2400 2497/1193/2310
f 2617/1298/2418 2497/1193/2310 2499/1194/2312
f 2465/1162/2280 2590/1282/2394 2466/1161/2281
f 2476/1171/2256 2475/1172/2289 2448/1144/2264
f 2448/1144/2264 2447/1141/2257 2476/1171/2256
f 2386/1084/2207 2492/1189/2305 2491/1187/2304
f 2491/1187/2304 2387/1083/2208 2386/1084/2207
f 2500/1196/2313 2502/1197/2315 2426/1122/2244
f 2426/1122/2244 2425/1123/2243 2500/1196/2313
f 2523/1219/2334 2588/1280/2392 2587/1279/2243
f 2587/1279/2243 2451/1149/2267 2523/1219/2334
f 2523/1219/2334 2451/1149/2267 2454/1150/2270
f 2454/1150/2270 2522/1218/2333 2523/1219/2334
f 2491/1187/2304 2522/1218/2333 2454/1150/2270
f 2454/1150/2270 2387/1083/2208 2491/1187/2304
f 2401/1096/2064 2400/1097/2221 2468/1165/2282
f 2618/1299/2419 2473/1170/2287 2472/1168/2286
f 2619/1300/2420 2618/1299/2419 2472/1168/2286
f 2472/1168/2286 2608/1291/2409 2619/1300/2420
f 2608/1291/2409 2429/1126/2247 2620/1301/2421
f 2620/1301/2421 2619/1300/2420 2608/1291/2409
f 2621/1302/2422 2620/1301/2421 2429/1126/2247
f 2429/1126/2247 2390/1088/2211 2621/1302/2422
f 2622/1303/2423 2621/1302/2422 2390/1088/2211
f 2390/1088/2211 2389/1085/2210 2622/1303/2423
f 2623/1304/2424 2622/1303/2423 2389/1085/2210
f 2389/1085/2210 2535/1230/2345 2623/1304/2424
f 2624/1249/2410 2623/1304/2424 2535/1230/2345
f 2535/1230/2345 2407/1104/2226 2624/1249/2410
f 2406/1102/2225 2624/1249/2410 2407/1104/2226
f 2446/1142/2263 2406/1102/2225 2589/1281/2393
f 2458/1152/2274 2625/1305/2425 2446/1142/2263
f 2446/1142/2263 2589/1281/2393 2458/1152/2274
f 2626/1306/2426 2625/1305/2425 2458/1152/2274
f 2458/1152/2274 2457/1153/2273 2626/1306/2426
f 2627/1307/2427 2626/1306/2426 2457/1153/2273
f 2457/1153/2273 2538/1232/2348 2627/1307/2427
f 2628/1308/2206 2627/1307/2427 2538/1232/2348
f 2538/1232/2348 2427/1121/2245 2628/1308/2206
f 2629/1309/2428 2628/1308/2206 2427/1121/2245
f 2427/1121/2245 2426/1122/2244 2629/1309/2428
f 2630/1310/2429 2629/1309/2428 2426/1122/2244
f 2426/1122/2244 2502/1197/2315 2630/1310/2429
f 2501/1198/2314 2630/1310/2429 2502/1197/2315
f 2406/1102/2225 2445/1143/2262 2555/1247/2365
f 2555/1247/2365 2445/1143/2262 2448/1144/2264
f 2448/1144/2264 2631/1311/2430 2555/1247/2365
f 2475/1172/2289 2632/1312/2431 2631/1311/2430
f 2631/1311/2430 2448/1144/2264 2475/1172/2289
f 2393/1089/2214 2633/1313/2198 2632/1312/2431
f 2632/1312/2431 2475/1172/2289 2393/1089/2214
f 2633/1313/2198 2393/1089/2214 2396/1090/2217
f 2396/1090/2217 2634/1314/2432 2633/1313/2198
f 2436/1131/2253 2635/1315/2326 2634/1314/2432
f 2634/1314/2432 2396/1090/2217 2436/1131/2253
f 2435/1132/2252 2635/1315/2326 2436/1131/2253
f 2554/1248/2364 2406/1102/2225 2555/1247/2365
f 2550/1245/2338 2433/1128/2250 2467/1163/1938
f 2586/1278/2391 2401/1096/2064 2468/1165/2282
f 2549/1244/2359 2544/1241/2354 2547/1242/2357
f 2547/1242/2357 2548/1243/2358 2549/1244/2359
f 2541/1236/2351 2548/1243/2358 2547/1242/2357
f 2547/1242/2357 2461/1157/2276 2541/1236/2351
f 2542/1238/2352 2541/1236/2351 2461/1157/2276
f 2461/1157/2276 2460/1158/2275 2542/1238/2352
f 2561/1254/2352 2560/1253/2368 2512/1208/2325
f 2512/1208/2325 2520/1217/2331 2561/1254/2352
f 2520/1217/2331 2512/1208/2325 2511/1207/2324
f 2511/1207/2324 2521/1216/2332 2520/1217/2331
f 2544/1241/2354 2549/1244/2359 2567/1259/2374
f 2567/1259/2374 2566/1258/2373 2544/1241/2354
f 2372/1067/2193 1623/1317/1516 1622/1316/1515
f 1622/1316/1515 2367/1061/2188 2372/1067/2193
f 2367/1061/2188 1622/1316/1515 1624/1318/1517
f 1624/1318/1517 2153/827/1999 2367/1061/2188
f 2030/690/1889 2028/688/1887 1673/333/1565
f 2636/1319/1887 2026/686/1885 1801/1342/1691
f 2636/1319/1887 1801/1342/1691 2014/674/1877
f 2018/677/1879 2031/691/1890 1673/333/1565
f 2025/685/1884 2027/687/1886 1995/1351/1864
f 2037/698/1894 2022/682/1883 1896/554/1778
f 2036/697/1883 2033/693/1892 1816/1344/1706
f 1645/306/1537 1846/502/1733 2050/710/1903
f 2050/710/1903 2048/709/1902 1645/306/1537
f 1843/1348/1730 1885/542/1769 1844/500/1731
f 1773/431/1663 1834/489/1723 1774/430/1664
f 1868/526/1754 1945/603/1819 1869/525/1755
f 1626/1320/1518 1119/830/1075 2153/827/1999
f 643/354/639 768/479/763 742/453/737
f 742/453/737 640/351/636 643/354/639
f 1799/1341/1689 1822/1346/1712 1923/1350/1803
f 1923/1350/1803 1796/351/1686 1799/1341/1689
f 1863/1349/1749 1827/1347/1716 1675/535/1567
f 1675/535/1567 1674/1325/1566 1863/1349/1749
f 596/307/592 770/481/764 773/484/767
f 773/484/767 597/308/593 596/307/592
f 1828/484/1717 1827/1347/1716 1647/1321/1539
f 1647/1321/1539 1646/308/1538 1828/484/1717
f 824/535/815 983/694/955 771/482/765
f 771/482/765 770/481/764 824/535/815
f 1827/1347/1716 1829/483/1718 1825/482/1714
f 602/313/598 646/357/642 603/314/599
f 1653/1322/1545 1697/1329/1588 1654/1323/1546
f 824/535/815 780/491/774 605/316/601
f 605/316/601 604/315/600 824/535/815
f 646/357/642 929/640/910 776/487/770
f 776/487/770 603/314/599 646/357/642
f 1832/487/1721 1982/640/1852 1697/1329/1588
f 1697/1329/1588 1653/1322/1545 1832/487/1721
f 683/394/679 878/589/866 684/395/680
f 1737/395/1628 1931/589/1809 1738/394/1629
f 755/466/750 634/345/630 637/348/633
f 637/348/633 639/350/635 755/466/750
f 1694/348/1585 1693/1327/1584 1808/466/1698
f 1808/466/1698 1696/350/1587 1694/348/1585
f 1795/1340/1685 2016/676/1693 2011/671/1875
f 960/671/938 965/676/743 741/452/736
f 612/323/608 611/322/607 2637/1326/2433
f 612/323/608 2637/1326/2433 709/420/705
f 1660/323/1552 1763/420/1654 1679/1326/1571
f 1234/944/1171 1233/943/1170 1347/1057/1276
f 1347/1057/1276 1260/970/1197 1234/944/1171
f 2363/1057/2185 2260/943/2089 2259/944/2088
f 2259/944/2088 2284/970/2113 2363/1057/2185
f 1347/1057/1276 1252/962/1189 1255/965/1192
f 1255/965/1192 1260/970/1197 1347/1057/1276
f 2278/965/2107 2277/962/2106 2363/1057/2185
f 2363/1057/2185 2284/970/2113 2278/965/2107
f 2354/1046/2178 2353/1045/2177 2273/960/2102
f 1336/1046/1267 1251/961/1188 1250/960/1187
